,Accuracy,Precision,Recall,ROC AUC
AAPL,0.499304865938431,0.5250470809792843,0.5252449133383572,0.49781775276325674
GOOGL,0.5008937437934459,0.5231411229135053,0.5233396584440227,0.49979482922201135
MSFT,0.4826216484607746,0.5021016431027895,0.5022935779816514,0.48182062115287616
