,Accuracy,Precision,Recall,ROC AUC
AAPL,0.5272041302621128,0.5272041302621128,1.0,0.5
GOOGL,0.5234312946783162,0.5234312946783162,1.0,0.5
MSFT,0.5196584590945195,0.5196584590945195,1.0,0.5
