,accuracy,precision,recall,roc_auc
AAPL,0.52292663476874,0.5410048622366288,0.6307634164777022,0.5166475310236612
GOOGL,0.5013955342902712,0.5207001009761023,0.5895579268292683,0.49712010053837996
MSFT,0.49940191387559807,0.515307766677409,0.613584036838066,0.49475882339828603
