Date,Actual,Predicted,Log_Return,Close,Proba_0,Proba_1,Proba_2
2016-03-16,1.0,1.0,0.0198944015083464,23.707489013671875,0.2409283245267218,0.2557845528882298,0.5032871151344678
2016-03-17,0.0,1.0,0.0132039120054667,24.02259635925293,0.23505022928570532,0.30208038804966464,0.46286938266463007
2016-03-18,0.0,1.0,-0.0016058449870679,23.984050750732425,0.30358237440632635,0.2582742765564613,0.4381433490372122
2016-03-21,0.0,1.0,0.0011335529431365,24.011253356933597,0.3119845795154188,0.2545187328637605,0.4334966838955304
2016-03-22,1.0,1.0,-9.397674602798252e-05,24.008996963500977,0.3171196504236669,0.25934249437758705,0.42353785892403645
2016-03-23,-1.0,1.0,0.0076184145615257,24.19260597229004,0.33493513052106616,0.25777659202006303,0.40728826628299974
2016-03-24,1.0,1.0,-0.0055436086139227,24.058862686157227,0.36283068382490213,0.26225585030660326,0.3749134751817203
2016-03-28,1.0,1.0,-0.0043434116626352,23.954591751098636,0.33197282876901585,0.286408709494545,0.38161847291231005
2016-03-29,1.0,1.0,-0.0045529497300971,23.845775604248047,0.3384022925995473,0.30012105098862574,0.3614766526865366
2016-03-30,1.0,1.0,0.0233954890847016,24.41023635864257,0.244167767318716,0.20508636653809012,0.550745854967323
2016-03-31,1.0,1.0,0.0173083290705948,24.836414337158203,0.24776845216250643,0.21826761125952884,0.533963927264739
2016-04-01,1.0,1.0,-0.0052162337184688,24.707199096679688,0.2451212408647997,0.2143380733467132,0.5405406913764226
2016-04-04,-1.0,1.0,0.0091332351916874,24.93388938903809,0.2573804463110666,0.2286364314863224,0.5139831315158367
2016-04-05,-1.0,1.0,0.010221561072888,25.19005966186523,0.277065950098078,0.24920714501523403,0.4737269123372685
2016-04-06,-1.0,1.0,-0.0118590790191083,24.89309310913086,0.26609906923311405,0.2284756564075623,0.5054252706340334
2016-04-07,-1.0,1.0,0.0104181821283824,25.153789520263672,0.298539060040702,0.22622904884453043,0.4752318948400579
2016-04-08,1.0,1.0,-0.0220511543875087,24.60519027709961,0.32351802517056216,0.3166367876427135,0.35984517601085336
2016-04-11,1.0,-1.0,0.001105262785171,24.632400512695312,0.35269172469757726,0.3120518634388414,0.33525640441300075
2016-04-12,1.0,-1.0,0.003307319917066,24.71400260925293,0.3719072024016924,0.30030747002556163,0.3277853275727459
2016-04-13,1.0,1.0,0.0129410377318997,25.03590583801269,0.3531809376398976,0.202541187180481,0.44427788635549226
2016-04-14,-1.0,1.0,0.0143836874935894,25.398616790771484,0.2679725812751871,0.18812485371066495,0.543902553838277
2016-04-15,-1.0,1.0,0.0005354452566845,25.412220001220703,0.31139629397492286,0.18831349019726173,0.5002902102398801
2016-04-18,-1.0,-1.0,-0.0202757413506531,24.902156829833984,0.3884063820808468,0.292157364083596,0.3194362650114281
2016-04-19,-1.0,-1.0,-0.0218109014612522,24.364898681640625,0.4292291757986445,0.2696339588377761,0.30113686908886983
2016-04-20,-1.0,-1.0,-0.0053173697461024,24.235685348510746,0.45331372064607955,0.24732301262507517,0.2993632592782648
2016-04-21,-1.0,-1.0,0.0020554191892712,24.285551071166992,0.4662214470114262,0.2501115592394077,0.2836669825732953
2016-04-22,-1.0,-1.0,-0.0108866650037537,24.02259635925293,0.5084679754262758,0.19753493705585357,0.2939970875178707
2016-04-25,-1.0,-1.0,-0.0027406843308205,23.95684814453125,0.49791671247925673,0.17921895613291947,0.32286433511311413
2016-04-26,-1.0,-1.0,-0.0056936754548451,23.82083320617676,0.5132415542901639,0.16428240863205837,0.32247604080306796
2016-04-27,-1.0,-1.0,-0.0069711683061394,23.655351638793945,0.4966324252451513,0.16455753834199643,0.33881004013814275
2016-04-28,-1.0,-1.0,-0.0646219021796899,22.1750431060791,0.4181677479465252,0.18895580021127414,0.3928764499795555
2016-04-29,0.0,1.0,-0.0310430029284643,21.497238159179688,0.25330942900287445,0.23152368526407677,0.5151668857330487
2016-05-02,0.0,1.0,-0.0115607522461999,21.250144958496097,0.22141323819752215,0.23345304812826212,0.5451337136742158
2016-05-03,0.0,1.0,-0.0010675106944229,21.22747230529785,0.20690463882201665,0.2637715231429804,0.5293238231338417
2016-05-04,-1.0,1.0,0.0163119979768593,21.576574325561523,0.19108868985729244,0.2844200403969564,0.5244912678831062
2016-05-05,0.0,1.0,-0.010455500755906,21.352155685424805,0.18545132144372392,0.26889839880187405,0.5456502909302728
2016-05-06,-1.0,1.0,-0.0040670625922007,21.265491485595703,0.18067736706685314,0.24899129689651264,0.5703313323113439
2016-05-09,-1.0,1.0,-0.0055924000373264,21.14689826965332,0.1733214482142454,0.2511312959700985,0.5755472669915269
2016-05-10,-1.0,1.0,0.0007544687164571,21.16285896301269,0.17478628396367116,0.24902945590467276,0.5761842638569463
2016-05-11,-1.0,1.0,0.0067664260238001,21.306541442871097,0.18318262907750013,0.2486154154887906,0.568201951708419
2016-05-12,-1.0,1.0,-0.0097885358514931,21.0989990234375,0.19964906400301827,0.23081032710386687,0.5695406088931149
2016-05-13,1.0,1.0,-0.0237365681273107,20.60407829284668,0.2147159588090815,0.2532824264206144,0.5320016147703042
2016-05-16,1.0,1.0,0.0019906170626793,20.64513397216797,0.2102851327520446,0.23491432459482997,0.5548005538289963
2016-05-17,1.0,1.0,0.0364463286768369,21.411453247070312,0.19101717342017388,0.28041482183813726,0.5285680047416889
2016-05-18,1.0,1.0,-0.0041628450188666,21.32250595092773,0.18396083099308888,0.2783420912140857,0.5376970815181157
2016-05-19,1.0,1.0,0.0113797194532359,21.56653594970703,0.19986664887631192,0.2866064321164272,0.5135269190072609
2016-05-20,1.0,1.0,-0.0038140841097325,21.48443603515625,0.24118131233410112,0.25547518777560174,0.5033435036155876
2016-05-23,1.0,1.0,0.0107698023809879,21.71706962585449,0.2510749795290319,0.272271085179757,0.47665392784063043
2016-05-24,1.0,1.0,0.0126277336741799,21.99304580688477,0.2570247093296527,0.2970780828443641,0.4458972078259832
2016-05-25,0.0,1.0,0.0151289915001475,22.32830810546875,0.24011052073195774,0.2725506366801191,0.48733885003850375
2016-05-26,-1.0,1.0,0.0174163766028892,22.720592498779297,0.24464513565688975,0.26361050355356563,0.49174437569070595
2016-05-27,-1.0,1.0,0.0078991206895253,22.900775909423828,0.20253378157279933,0.29308580676360707,0.5043804116635937
2016-05-31,-1.0,1.0,-0.0005981832071899,22.88708114624023,0.20003367112589,0.31112201246560106,0.4888443015073478
2016-06-01,-1.0,1.0,-0.0048946946824426,22.77532958984375,0.2668435693542134,0.2742666106147844,0.4588898237562926
2016-06-02,0.0,1.0,-0.0141188293474882,22.45602798461914,0.26503561355764577,0.3281788596799736,0.40678551931180007
2016-06-03,1.0,1.0,-0.007544124741903,22.287254333496097,0.2682532729756998,0.30119664560991866,0.4305500665132203
2016-06-06,1.0,1.0,0.0020444745584911,22.33286666870117,0.2523053877013267,0.26892641165365627,0.4787682080955975
2016-06-07,-1.0,1.0,0.0072245919681153,22.494796752929688,0.26757522783707643,0.2812692522188385,0.45115551249350444
2016-06-08,-1.0,1.0,0.004047420127171,22.586027145385746,0.2720463527521849,0.27870776444071044,0.44924588280710454
2016-06-09,-1.0,1.0,-0.0009090753800879,22.56550407409668,0.2683714410393066,0.27905408586008484,0.4525744581994473
2016-06-10,-1.0,1.0,0.007150795830138,22.72744369506836,0.2962492991423463,0.25161216023799804,0.452138544344946
2016-06-13,-1.0,1.0,-0.0082635097424312,22.54040908813477,0.26932866478903794,0.28299105237169087,0.4476802902898519
2016-06-14,-1.0,1.0,-0.0151910444966197,22.200584411621097,0.2716549324756803,0.20003937261651447,0.5283056930451601
2016-06-15,-1.0,1.0,0.0012319398494912,22.227951049804688,0.30320869885529844,0.19852312383064824,0.4982681791766985
2016-06-16,-1.0,1.0,-0.0032887811347411,22.15496826171875,0.36632329450989154,0.18199146123884946,0.4516852349380333
2016-06-17,-1.0,1.0,0.0042119125272854,22.24847984313965,0.3545492240399949,0.2013832829671457,0.4440674836796338
2016-06-20,-1.0,-1.0,-0.0230205029016758,21.742158889770508,0.5063930486719705,0.15550030450113234,0.3381066431016068
2016-06-21,-1.0,-1.0,-0.0024155504893529,21.6897029876709,0.5361998855629477,0.1484047364675663,0.31539537424419584
2016-06-22,-1.0,-1.0,0.008481253114244,21.874441146850582,0.4915537009937949,0.16184632210841315,0.34659998621101773
2016-06-23,-1.0,-1.0,-0.0037603834200247,21.79233932495117,0.4910286192352755,0.15995224137235858,0.34901914125501105
2016-06-24,-1.0,-1.0,0.0057390659568366,21.91776657104492,0.47511123301975733,0.17229473014068172,0.35259403683956114
2016-06-27,-1.0,-1.0,-0.02849749509687,21.30198097229004,0.5130495706483484,0.14779776265275313,0.33915267414947914
2016-06-28,1.0,-1.0,-0.0146681718242274,20.99180030822754,0.506711835317907,0.14927860153520578,0.3440095761854034
2016-06-29,1.0,-1.0,0.0167004214154779,21.34531593322754,0.4643329946344549,0.16196739160287027,0.37369961562531995
2016-06-30,1.0,-1.0,0.0086174138272927,21.530052185058597,0.4218676394109131,0.17894187194539918,0.39919048864368767
2016-07-01,0.0,1.0,0.012631758767331,21.80373954772949,0.35015804468416534,0.19484905403133537,0.45499289010862837
2016-07-05,0.0,1.0,0.0030287974434896,21.8698787689209,0.29260422258592467,0.21878158995460667,0.48861418559682357
2016-07-06,1.0,1.0,-0.0094300658870597,21.664613723754883,0.3362160183573918,0.17297319339049724,0.4908107901147561
2016-07-07,1.0,1.0,0.0056688965187064,21.787776947021484,0.3043872290079524,0.18952207145629563,0.506090699535752
2016-07-08,1.0,1.0,0.0042827444706858,21.881288528442383,0.2726403016120288,0.23235647095748524,0.49500322370519567
2016-07-11,1.0,1.0,0.0076835553073923,22.05006217956543,0.27940496820716765,0.2519447447161894,0.4686502833513528
2016-07-12,1.0,1.0,0.0030979809927731,22.118478775024418,0.2637646516566836,0.24543397910229992,0.49080136924101647
2016-07-13,1.0,1.0,0.0045268154764786,22.21883201599121,0.2928838000396631,0.20382551417974928,0.5032906783300071
2016-07-14,1.0,1.0,-0.005661771658236,22.0933895111084,0.31318968118993973,0.229882021635835,0.45692830462480594
2016-07-15,0.0,1.0,0.0196267348784417,22.531293869018555,0.22452605758157046,0.19600229475179864,0.579471647666631
2016-07-18,0.0,1.0,-0.000101589133504,22.52900505065918,0.22677220904076303,0.1966768117501129,0.5765509978355756
2016-07-19,-1.0,1.0,0.0105737954962634,22.76848602294922,0.22242586990164123,0.2060573999760326,0.5715167375729068
2016-07-20,-1.0,1.0,0.0004007659750817,22.777612686157227,0.22503246716286537,0.20933988666187794,0.565627649900547
2016-07-21,-1.0,1.0,0.0009009483919238,22.79814338684082,0.2963229604915548,0.1853009475254119,0.518376088257743
2016-07-22,-1.0,1.0,-0.0053165505431295,22.6772575378418,0.3113289481620599,0.2294243261027466,0.4592467257351936
2016-07-25,-1.0,1.0,-0.0077743420435409,22.50164031982422,0.319053605820317,0.23062912990755233,0.4503172642721308
2016-07-26,1.0,1.0,-0.0134695962768327,22.200584411621097,0.2603437930163127,0.24768725906065212,0.49196895164832544
2016-07-27,1.0,1.0,-0.0069070844466536,22.047771453857425,0.3640441147304343,0.1536786391861704,0.4822772498086857
2016-07-28,1.0,1.0,0.0629406146094909,23.480073928833008,0.19271212179935418,0.20852552300858182,0.5987623663679349
2016-07-29,0.0,1.0,0.0134112631907826,23.79709243774414,0.1791917007433927,0.24632314513060993,0.5744851578512877
2016-08-01,1.0,1.0,-0.0012467162035566,23.76744270324707,0.1862771760398733,0.24462275855505278,0.5691000616797837
2016-08-02,1.0,1.0,0.0175027990552617,24.187101364135746,0.18591542217229504,0.30611414819831484,0.5079704296293902
2016-08-03,1.0,1.0,-0.0149154230268213,23.82901763916016,0.2529097136223665,0.23712465519471204,0.5099656349082118
2016-08-04,1.0,1.0,0.0124604774987189,24.127796173095703,0.20416208784531642,0.2587808677313752,0.5370570444233085
2016-08-05,1.0,1.0,0.0061587454423939,24.27685165405273,0.21298632130921757,0.2636321719148169,0.5233815142265461
2016-08-08,0.0,1.0,0.015092870096568,24.64603805541992,0.21065810245728003,0.30185911032745927,0.48748278721526067
2016-08-09,0.0,1.0,0.0082464438177891,24.850120544433597,0.21411560473450367,0.3104458378746442,0.47543855739085217
2016-08-10,0.0,1.0,0.0040519182528595,24.95101547241211,0.22928903438442458,0.2961964010981878,0.4745145719679682
2016-08-11,0.0,1.0,-0.007472089753557,24.76527404785156,0.26928553189953386,0.25344055910040275,0.4772739201759343
2016-08-12,0.0,1.0,-0.0006482316116389,24.74922561645508,0.30745327716703336,0.25174349449264566,0.4408032246150307
2016-08-15,0.0,1.0,0.0023135703914578,24.80655097961425,0.30064847564247293,0.2570257349382725,0.44232579686983525
2016-08-16,0.0,1.0,0.0119454890172483,25.10465431213379,0.28904621734497865,0.25658194204318197,0.45437184806242004
2016-08-17,0.0,1.0,-0.0009140277587883,25.08171844482422,0.2922003328029454,0.2849054995648192,0.42289417135752566
2016-08-18,0.0,1.0,-0.0014635751158939,25.04503631591797,0.29093581315758216,0.29570805430194597,0.41335614371634277
2016-08-19,0.0,1.0,-0.0012826927573141,25.01293182373047,0.3162617858199235,0.2981751685116948,0.38556304566838173
2016-08-22,-1.0,1.0,0.0025633620250614,25.077131271362305,0.3317062000359069,0.3069580385479641,0.3613357707293548
2016-08-23,0.0,1.0,-0.0078026314982983,24.882225036621097,0.31146063904581756,0.29623124655120614,0.3923081144029763
2016-08-24,-1.0,1.0,0.0031281481464376,24.960182189941406,0.3312635938194085,0.24546105066271667,0.42327535179258446
2016-08-25,-1.0,1.0,-0.0075616488770984,24.77215385437012,0.36420002868955037,0.23097950301044523,0.4048204738879398
2016-08-26,-1.0,1.0,-0.0042667965135281,24.66668128967285,0.3682404322099637,0.24494680568215177,0.3868127509320136
2016-08-29,-1.0,-1.0,-0.0058740382369608,24.52221298217773,0.4566090175592036,0.1702365528571826,0.3731544388968395
2016-08-30,-1.0,-1.0,-0.0011230021491528,24.49468994140625,0.48680322685870026,0.15545309488587888,0.35774368570600146
2016-08-31,1.0,-1.0,-0.0077059040395726,24.30666160583496,0.528737507150359,0.12566684270888692,0.34559564082752814
2016-09-01,1.0,-1.0,0.0009428456729369,24.32958984375,0.5465942971557587,0.11977081264648579,0.3336348901977553
2016-09-02,1.0,-1.0,0.0059202511276848,24.47405433654785,0.5092096117933858,0.12878454975328552,0.36200584683523185
2016-09-06,-1.0,-1.0,0.0093259326308873,24.70336532592773,0.4384325482092182,0.15263116889991302,0.4089362903414493
2016-09-07,-1.0,-1.0,-0.0002786127512389,24.696483612060547,0.4320914909601894,0.15099164738839047,0.4169168504755491
2016-09-08,-1.0,1.0,0.0061095478755924,24.847829818725582,0.38236600508907403,0.16539928953553065,0.45223469606216943
2016-09-09,-1.0,-1.0,-0.0265586858415859,24.196590423583984,0.5282700608612274,0.11854266613098394,0.35318727021382096
2016-09-12,1.0,-1.0,-0.0229100892613069,23.64854621887207,0.5194170325835435,0.10934122434357048,0.37124174959214407
2016-09-13,1.0,-1.0,0.0221513264891913,24.178237915039062,0.49176223374204936,0.16187038643704282,0.346367383546198
2016-09-14,1.0,-1.0,0.0235264833380902,24.75381088256836,0.40790442053349846,0.26905042899369325,0.32304515792338884
2016-09-15,1.0,1.0,0.0347748274679048,25.629762649536133,0.20993165087347518,0.1843200259027313,0.6057483343996644
2016-09-16,-1.0,1.0,0.0334335656565401,26.50114250183105,0.20277586986383106,0.2352706976445477,0.5619534213157504
2016-09-19,-1.0,1.0,-0.0056402972809074,26.352088928222656,0.19542177993267837,0.25390717103568616,0.5506710453063453
2016-09-20,0.0,1.0,-0.0117286178402561,26.04482078552246,0.26532420501045706,0.23094896645864507,0.5037268415694138
2016-09-21,0.0,1.0,-8.832328142988875e-05,26.04252052307129,0.2683132720855187,0.23004717032914013,0.5016395482721154
2016-09-22,0.0,1.0,-0.0001759374423144,26.037939071655277,0.27555258028920104,0.23362679552158572,0.4908206390903744
2016-09-23,-1.0,1.0,0.0093790296563401,26.28329849243164,0.2809062846877537,0.24177430130985833,0.4773194214529685
2016-09-26,0.0,1.0,-0.0168043902234964,25.845314025878903,0.2925158579639868,0.27764359862675464,0.42984053968396835
2016-09-27,0.0,1.0,0.0015071599574266,25.884296417236328,0.2374220963900315,0.3223387400785332,0.44023916353143533
2016-09-28,0.0,1.0,0.0018588801381041,25.932456970214844,0.2566289961555186,0.325573849122984,0.4177971547214974
2016-09-29,0.0,1.0,0.0075757052701441,26.12965965270996,0.27871521786314013,0.3023429065449964,0.41894187931715376
2016-09-30,0.0,1.0,-0.0156553591805087,25.72377586364746,0.25412246029295366,0.31353160912660605,0.43234593430573054
2016-10-03,0.0,1.0,0.0077259599231826,25.92328643798828,0.26638181261646543,0.34412089186933614,0.3894972917889081
2016-10-04,1.0,1.0,-0.0046992549312774,25.8017520904541,0.28475150024587415,0.33974382858216307,0.37550466372138214
2016-10-05,1.0,1.0,0.0042566670167406,25.911815643310547,0.30444179974477714,0.3436280146762438,0.35193019302955963
2016-10-06,1.0,1.0,0.0004425879145367,25.92328643798828,0.2991331124066363,0.34969138577139036,0.3511755018219733
2016-10-07,1.0,0.0,0.0074023055600431,26.115890502929688,0.3281748854646087,0.3512940968102076,0.32053100654931255
2016-10-10,1.0,1.0,0.0014918482057012,26.15488052368164,0.3495585086666474,0.2899783560287392,0.3604631390299038
2016-10-11,0.0,1.0,0.0172965985239543,26.6112060546875,0.24146856132737837,0.1781442336978532,0.5803871975241878
2016-10-12,0.0,1.0,0.0021517213635541,26.668527603149418,0.22775883282287732,0.17051232329603186,0.6017288476063811
2016-10-13,0.0,1.0,0.0089028280102753,26.907012939453125,0.21945361024952692,0.17916648587600373,0.6013799187756306
2016-10-14,0.0,1.0,-0.0030726199948409,26.824464797973636,0.2375711141422799,0.17133479186947181,0.5910940977135385
2016-10-17,-1.0,1.0,0.0055409640996608,26.9735107421875,0.22854953125581273,0.17783173347458653,0.5936187371322459
2016-10-18,-1.0,1.0,-0.0006804093484447,26.95516395568848,0.23774761167981243,0.1789441133668547,0.5833082824039135
2016-10-19,0.0,1.0,-0.0006803769629971,26.936830520629883,0.26570037512780564,0.17762418026430438,0.5566754483331803
2016-10-20,-1.0,1.0,-0.0029841281832957,26.8565673828125,0.356371893901705,0.20902966528404435,0.43459844640218614
2016-10-21,1.0,1.0,-0.000512539340977,26.84280586242676,0.3716560480816141,0.21785809650043997,0.41048585728059106
2016-10-24,1.0,1.0,-0.0039372926994941,26.73732566833496,0.3746470132150138,0.23516758243130623,0.3901853931778091
2016-10-25,-1.0,1.0,0.0089646528350862,26.97809410095215,0.3430042284577689,0.21769594611261223,0.43929984033078007
2016-10-26,-1.0,1.0,0.0050871175422577,27.115684509277344,0.3011653493287908,0.18864545780305403,0.510189195662123
2016-10-27,-1.0,-1.0,-0.022751688702462,26.50572204589844,0.39851559302054823,0.2977444247634229,0.30373997104015804
2016-10-28,-1.0,-1.0,-0.009648871586661,26.251201629638672,0.47288785438336,0.22946389785702953,0.2976482365837396
2016-10-31,-1.0,-1.0,-0.0066610031854066,26.076923370361328,0.5265440265207431,0.19571467280143678,0.2777413044031104
2016-11-01,-1.0,-1.0,-0.0015842185256559,26.03564453125,0.5384986656237959,0.17486716171804967,0.28663417079550935
2016-11-02,-1.0,-1.0,-0.0182205079814789,25.5655574798584,0.5908907221900634,0.15010122721052319,0.25900805059941345
2016-11-03,-1.0,-1.0,0.0008968116882023,25.5884952545166,0.5519380445685949,0.14239973681381426,0.30566223165610695
2016-11-04,-1.0,-1.0,-0.0107768376390786,25.314212799072266,0.5305921986752616,0.14680555985604507,0.3226022302928224
2016-11-07,1.0,-1.0,-0.0090545488250037,25.08603858947754,0.507227861736032,0.1482117165205275,0.3445604217434405
2016-11-08,-1.0,-1.0,0.0143216454065015,25.44789695739746,0.46562839682482376,0.17676627924049207,0.3576053183467487
2016-11-09,-1.0,-1.0,0.0058695520787002,25.59770393371582,0.4552850087986087,0.24080099838512944,0.3039139853656813
2016-11-10,-1.0,-1.0,-0.0016214388701645,25.55623245239257,0.4273557199354201,0.254574815157738,0.31806946863213226
2016-11-11,-1.0,-1.0,-0.0282642583774847,24.844017028808597,0.4981987429285808,0.21400236017184485,0.2877989118007356
2016-11-14,-1.0,-1.0,0.005920138557476,24.991533279418945,0.4483867440389923,0.23979613830212496,0.3118171139335925
2016-11-15,1.0,-1.0,-0.025405088368069,24.3646183013916,0.47788826636286375,0.21606075790493579,0.30605097573220064
2016-11-16,1.0,-1.0,0.0131567655245325,24.68729591369629,0.4162823859813989,0.25450595582534835,0.3292116581932529
2016-11-17,0.0,1.0,0.0265329306912191,25.351089477539062,0.3231553707592896,0.3204803485236263,0.35636427326650355
2016-11-18,0.0,1.0,-0.0003635376793485,25.341875076293945,0.3233642656576081,0.2947057296109129,0.38193001590735
2016-11-21,0.0,1.0,0.0009996927430232,25.36722183227539,0.31481471918169235,0.28500899710421845,0.4001762762635086
2016-11-22,0.0,0.0,0.0150597965458401,25.752138137817383,0.2913338244783906,0.3700291193317301,0.338637052464589
2016-11-23,0.0,1.0,0.0006261770409335,25.76826858520508,0.3083680938912401,0.3186903722720319,0.37294152638614747
2016-11-25,-1.0,1.0,-0.0051112660959424,25.63689613342285,0.3283435803156595,0.2769368046916808,0.39471961871795
2016-11-28,-1.0,1.0,0.0050219948622647,25.765968322753903,0.32306276017363267,0.2717307930464045,0.40520644677996276
2016-11-29,-1.0,1.0,-0.0019700655355034,25.71525764465332,0.34243597727716757,0.2694712845947626,0.3880927381280699
2016-11-30,-1.0,1.0,-0.0009864529936738,25.689903259277344,0.33625098660433594,0.2608060874749659,0.4029429072942468
2016-12-01,0.0,1.0,-0.0084691107555491,25.47325134277344,0.31101055204763106,0.26051461662811815,0.4284748164230896
2016-12-02,1.0,1.0,-0.0093633566109129,25.235849380493164,0.3469900285318436,0.24412315849377503,0.40888680552380086
2016-12-05,1.0,1.0,0.0037374368546262,25.33034324645996,0.33552282524609,0.2698802029684788,0.3945969643348506
2016-12-06,1.0,-1.0,-0.00721399763327,25.14826774597168,0.4040097054404469,0.2276451577871495,0.36834512187124246
2016-12-07,1.0,1.0,0.0076691515781642,25.341875076293945,0.33654851553810106,0.27431497045959585,0.3891365140023031
2016-12-08,1.0,1.0,0.0097745678613733,25.590795516967773,0.33923704485043615,0.27159232315006665,0.3891706319994973
2016-12-09,1.0,1.0,0.0097694829065551,25.842029571533203,0.3005912001011022,0.2918015582518249,0.40760724909765356
2016-12-12,1.0,1.0,0.0161899138802283,26.26381492614746,0.23131162456382717,0.2138209344256368,0.5548674372852459
2016-12-13,1.0,1.0,-0.0057205522437607,26.11400032043457,0.28742418901453315,0.233795740837464,0.47878006269742235
2016-12-14,1.0,1.0,0.016543554094533,26.54961204528809,0.21090752053514444,0.2182375551141003,0.5708549318013361
2016-12-15,1.0,1.0,0.0,26.54961204528809,0.2198542029162953,0.24899046924411328,0.5311553278395914
2016-12-16,1.0,1.0,0.0054544903288292,26.694822311401367,0.19993940216169503,0.2720882238060482,0.5279723703069666
2016-12-19,0.0,1.0,0.0012941244892349,26.72939109802246,0.2022308908411078,0.27219210100429914,0.5255770007040126
2016-12-20,0.0,1.0,0.0057607109684871,26.88381576538086,0.20925177978746767,0.25916795869367704,0.5315802466176942
2016-12-21,0.0,1.0,0.0026543928728285,26.95527076721191,0.18834375011951632,0.2723516397455851,0.5393046064096084
2016-12-22,0.0,1.0,0.0009400967707574,26.98062324523925,0.25632908413920485,0.25332327455071063,0.49034764503537487
2016-12-23,0.0,1.0,-0.0065995262540724,26.803150177001957,0.3194222303775589,0.267889497475218,0.41268827214722315
2016-12-27,0.0,1.0,0.0019759054667232,26.856163024902344,0.3220067891264965,0.27928677274261904,0.39870643440559417
2016-12-28,-1.0,1.0,0.0063309603092901,27.0267276763916,0.29037814768391723,0.2879057236556868,0.4217161249351057
2016-12-29,-1.0,1.0,-0.0042732599194893,26.911481857299805,0.2929983804383372,0.31684460325636776,0.3901570200305854
2016-12-30,-1.0,1.0,-0.0002570254219804,26.904565811157227,0.29977515356333884,0.3132610758508152,0.38696377803642656
2017-03-16,0.0,1.0,0.0105208758299878,32.51435089111328,0.4235471784077838,0.12281524520484932,0.4536375884945603
2017-03-17,-1.0,1.0,0.0016359105331455,32.56758499145508,0.4194831890100952,0.1016684474193699,0.4788483496006964
2017-03-20,1.0,1.0,-0.0049880580620602,32.405540466308594,0.3930191938164874,0.11705369688651074,0.4899271055717115
2017-03-21,-1.0,1.0,0.010446115375348,32.745826721191406,0.37841042285979537,0.10787231713579662,0.5137172688519726
2017-03-22,1.0,-1.0,-0.0115183896297551,32.370811462402344,0.4628875163261299,0.13904120101322875,0.39807127707270584
2017-03-23,1.0,-1.0,0.0112358514046774,32.736576080322266,0.41110446823165303,0.17909896740350367,0.40979655691426253
2017-03-24,1.0,1.0,-0.003542280388052,32.620819091796875,0.3936889975881923,0.14298844665160898,0.4633225566915212
2017-03-27,1.0,1.0,-0.0019886795020369,32.55601119995117,0.39873546548481154,0.13873323749891617,0.462531295153627
2017-03-28,1.0,1.0,0.0017047074753495,32.61155700683594,0.38096155721564684,0.13998401274656186,0.4790544421449847
2017-03-29,0.0,1.0,0.0205150557409575,33.28749465942383,0.3351964726997603,0.19611933762681288,0.4686841933987171
2017-03-30,0.0,1.0,0.0022232589744271,33.3615837097168,0.3141749396502839,0.2685922306026751,0.41723282974704085
2017-03-31,0.0,1.0,-0.0013192562727903,33.31760025024414,0.3120157494273432,0.23534814822181388,0.45263610235084284
2017-04-03,0.0,1.0,-0.0018779912108167,33.255088806152344,0.38739391798471645,0.1936352067397429,0.41897089017670175
2017-04-04,0.0,-1.0,0.0002784775416913,33.26435089111328,0.4304670481344778,0.1674803045932516,0.4020526491349156
2017-04-05,-1.0,-1.0,0.0074188146711087,33.51205062866211,0.42566521069226604,0.16873606258181975,0.4055987136873981
2017-04-06,-1.0,1.0,-0.0051942394240569,33.33843231201172,0.37655903963168325,0.15807247527220147,0.4653684711262766
2017-04-07,-1.0,1.0,-0.0025030527887431,33.255088806152344,0.4113619566953651,0.15240999255750465,0.43622804981580754
2017-04-10,-1.0,1.0,-0.0022299267397884,33.18101501464844,0.39926087854996456,0.14454763469208237,0.4561914755820821
2017-04-11,-1.0,-1.0,-0.0011866958038209,33.14166259765625,0.5258188872636479,0.1373700665778474,0.3368110314901741
2017-04-12,0.0,-1.0,-0.0108146219199248,32.785179138183594,0.5365244339854064,0.13030751945782967,0.33316805680131223
2017-04-13,-1.0,-1.0,0.0011997075952851,32.82453536987305,0.520998780713248,0.1345365500997721,0.34446467104962497
2017-04-17,1.0,-1.0,-0.0053032057758192,32.65092086791992,0.5001053286055346,0.10382148835871115,0.39607318257009294
2017-04-18,-1.0,-1.0,0.0055148105618518,32.83148193359375,0.5255189067883638,0.11750228437455618,0.356978802317822
2017-04-19,1.0,-1.0,-0.0044520804929223,32.685638427734375,0.4719022075837548,0.09879942758226,0.42929836250567877
2017-04-20,1.0,-1.0,-0.0036896570922856,32.56526184082031,0.46370064281753814,0.08999908488245975,0.44630026822546576
2017-04-21,1.0,-1.0,0.0124334125201808,32.972686767578125,0.47879052224635477,0.14255020971266946,0.37865927362891116
2017-04-24,1.0,-1.0,-0.0011943139026693,32.93333053588867,0.5109291846189865,0.12916012357325846,0.3599106973956906
2017-04-25,1.0,1.0,0.0095834179186658,33.25046157836914,0.4203115727777968,0.1536068385330096,0.42608159055183864
2017-04-26,1.0,1.0,0.0061766704788455,33.45647430419922,0.36653062527546737,0.1494551466177003,0.48401422391588067
2017-04-27,1.0,-1.0,-0.0058982688830348,33.25971984863281,0.423796103703797,0.17270642118742652,0.40349747510877637
2017-04-28,1.0,-1.0,0.0007650617234967,33.28517532348633,0.449712805211914,0.17628524974776327,0.3740019543535483
2017-05-01,1.0,-1.0,-0.000973826974155,33.252777099609375,0.492909129910614,0.17075105988131728,0.3363398176586493
2017-05-02,1.0,1.0,0.0201916576037004,33.9310302734375,0.31747384869511885,0.22162193680235215,0.46090421077723864
2017-05-03,1.0,1.0,0.0063244404974481,34.14630508422852,0.29606951290505823,0.2608304009180411,0.44310009362748115
2017-05-04,1.0,1.0,-0.0030551863431606,34.04214096069336,0.2851477633723119,0.21719205872280936,0.497660181630169
2017-05-05,1.0,1.0,-0.0036107472876853,33.9194450378418,0.31429665370983595,0.1862157029899313,0.49948764516287775
2017-05-08,1.0,1.0,0.0164479580815576,34.481964111328125,0.28971923066816274,0.23965409975476115,0.47062668447823724
2017-05-09,1.0,1.0,0.026825310132353,35.419471740722656,0.23353410423028298,0.35630792644727827,0.4101579600092129
2017-05-10,1.0,0.0,0.0063845283028968,35.646331787109375,0.2329297944795662,0.5087568208301022,0.25831339214091215
2017-05-11,1.0,0.0,-0.0047521514217836,35.47733688354492,0.2168629303554171,0.5455448106288068,0.23759224970255038
2017-05-12,1.0,0.0,0.0086113661821865,35.78416442871094,0.21345646171633723,0.5669855669327886,0.2195579806641001
2017-05-15,-1.0,0.0,0.0138690044377498,36.283912658691406,0.2998987812813062,0.5099683075612895,0.19013290184417853
2017-05-16,-1.0,0.0,-0.0025660522688185,36.19092559814453,0.26245832118075074,0.5343745577020755,0.20316712856775448
2017-05-17,-1.0,0.0,-0.0014780237933972,36.137474060058594,0.31704913314445965,0.3968623237314103,0.2860885543000008
2017-05-18,1.0,-1.0,-0.0341526283912099,34.92412185668945,0.4489437398216027,0.3314190695290841,0.2196372018251839
2017-05-19,0.0,-1.0,0.0151267085113495,35.456424713134766,0.4295012369244504,0.3153486349399184,0.25515013931150193
2017-05-22,0.0,-1.0,0.0034030315324336,35.57728958129883,0.4420150985046335,0.27348904648475103,0.28449585128532506
2017-05-23,0.0,-1.0,0.0060581439066667,35.79347610473633,0.43858219115570973,0.2406001710148875,0.3208176247908866
2017-05-24,0.0,-1.0,-0.001234583000952,35.74931335449219,0.4467228394454148,0.23308457517932463,0.32019257792467976
2017-05-25,0.0,-1.0,-0.0029955825008333,35.64238357543945,0.45980657281569626,0.22451641704224698,0.31567700082883093
2017-05-26,0.0,-1.0,0.0034502637895703,35.76557159423828,0.4621316059374092,0.19669158268784473,0.3411768104434233
2017-05-30,0.0,-1.0,-0.0016912177246366,35.705135345458984,0.5053622604918961,0.18347783171105903,0.3111599199042381
2017-05-31,0.0,-1.0,0.0003905267407163,35.71908187866211,0.504541712955874,0.1717782201298835,0.3236800855406939
2017-06-01,1.0,-1.0,-0.0059394002790092,35.50756072998047,0.4965548770706597,0.1757566871625578,0.32768844042339534
2017-06-02,0.0,-1.0,0.0027456622787576,35.605186462402344,0.46779045180218887,0.17508029594857516,0.3571292354854295
2017-06-05,-1.0,-1.0,0.0147104939313401,36.13282775878906,0.4332749613551313,0.17054012765811996,0.39618491471203887
2017-06-06,-1.0,-1.0,-0.0098261979853955,35.779518127441406,0.4429544114746794,0.19993856923133263,0.35710703046985875
2017-06-07,-1.0,-1.0,0.003372247242023,35.9003791809082,0.42364609319858954,0.20428372607362183,0.3720701732772079
2017-06-08,-1.0,1.0,0.0059391436391965,36.11423110961914,0.40088070682443505,0.18103969699501996,0.41807961108170616
2017-06-09,-1.0,-1.0,-0.0024488271859379,36.025901794433594,0.41566744736936123,0.19615434395443704,0.3881782049509114
2017-06-12,-1.0,-1.0,-0.039548408571738,34.62894058227539,0.5941589075286844,0.1362457964931378,0.2695952829396617
2017-06-13,-1.0,1.0,-0.0241857607670739,33.80146026611328,0.42459329856696815,0.12338584110548143,0.4520208533426312
2017-06-14,-1.0,-1.0,0.0080129751605174,34.07339859008789,0.4696181059467311,0.11886090312998744,0.4115209844040234
2017-06-15,-1.0,1.0,-0.009802666009581,33.74102020263672,0.4190617333660299,0.13100742961050152,0.44993084447404913
2017-06-16,-1.0,1.0,-0.0060112438187053,33.53880310058594,0.33967333696993385,0.14563154197542627,0.5146951080161237
2017-06-19,1.0,1.0,-0.0140988154845931,33.06926345825195,0.3084374002098336,0.16378217687515131,0.527780417792741
2017-06-20,0.0,1.0,0.0282058544845445,34.015289306640625,0.3064227954317631,0.22668608804425572,0.4668911276998521
2017-06-21,0.0,1.0,-0.0091296809323741,33.706153869628906,0.32471241927440075,0.22161660354465984,0.45367099021945545
2017-06-22,-1.0,-1.0,0.005912634656761,33.906036376953125,0.3783581495690613,0.2612730722089008,0.36036878194732824
2017-06-23,0.0,-1.0,-0.0016462199108037,33.85026550292969,0.40957485629541945,0.2721661614416301,0.31825896736178927
2017-06-26,-1.0,-1.0,0.0044535109093469,34.0013542175293,0.49808453808506986,0.253834459637952,0.24808099482639762
2017-06-27,-1.0,-1.0,-0.0031497111856626,33.89442825317383,0.4706392253912792,0.2541156808125862,0.2752451049720055
2017-06-28,0.0,-1.0,-0.0144363816159302,33.40863037109375,0.47043822698618654,0.25587435632572153,0.2736874166880918
2017-06-29,-1.0,-1.0,0.0145049200496154,33.896751403808594,0.4644352918884493,0.28574052152448115,0.24982420148823067
2017-06-30,0.0,-1.0,-0.0148530103757166,33.397003173828125,0.4330260533297733,0.2974834013324706,0.26949054533775607
2017-07-03,0.0,-1.0,0.0023641269010791,33.476051330566406,0.46237397315697965,0.2626763485285398,0.2749496671386095
2017-07-05,0.0,-1.0,-0.0036171355053661,33.35518264770508,0.4918803726237505,0.2558706809995728,0.25224895755254756
2017-07-06,0.0,-1.0,0.0041024575978672,33.49230194091797,0.5015629693179746,0.2484663739400974,0.2499706604672182
2017-07-07,1.0,-1.0,-0.0094833020437341,33.17618560791016,0.5720641758059815,0.21029158847993717,0.21764424595862966
2017-07-10,1.0,-1.0,0.0101077222209065,33.513221740722656,0.43505941599661446,0.20296004849140814,0.36198052433610645
2017-07-11,1.0,1.0,0.0060848339715679,33.71776580810547,0.35580770668175704,0.214484949486217,0.42970734755731615
2017-07-12,1.0,1.0,0.0032348675671496,33.8270149230957,0.325524419045091,0.21335256297313865,0.4611230179817702
2017-07-13,1.0,1.0,0.0014419741539154,33.87582778930664,0.30397826382361204,0.20871296362907404,0.4873087753412815
2017-07-14,1.0,1.0,0.0138327357813569,34.347679138183594,0.2429723771421372,0.23564086993246514,0.5213867641012685
2017-07-17,0.0,1.0,0.0085579752435696,34.64288711547852,0.254313358877164,0.23028982789956953,0.515396820673847
2017-07-18,1.0,1.0,0.0034829174837533,34.763755798339844,0.21253008396498432,0.23087329147073227,0.55659663061788
2017-07-19,1.0,1.0,0.0034710475646736,34.8846321105957,0.2148322934045528,0.24528057263625477,0.5398871358218376
2017-07-20,1.0,0.0,0.0062432664009943,35.10310745239258,0.32019148738827397,0.3421626059721028,0.3376458991890424
2017-07-21,1.0,0.0,-0.0045125231595173,34.94506072998047,0.27610783205479217,0.39391804224050986,0.32997412942998805
2017-07-24,1.0,1.0,-0.0004656873413547,34.92879104614258,0.25690929549942754,0.2503646630576406,0.49272605168748007
2017-07-25,-1.0,1.0,0.0120388061551483,35.35183334350586,0.24778835206629415,0.28925031054968803,0.4629613355213726
2017-07-26,-1.0,1.0,0.0042647509752747,35.50292205810547,0.2696052617634224,0.3086545819982986,0.4217401506503434
2017-07-27,-1.0,1.0,0.0047026433961314,35.67027282714844,0.25800170139462875,0.30628784249827257,0.43571044493122757
2017-07-28,-1.0,-1.0,-0.0190782567774072,34.99619674682617,0.4312232588235597,0.32137229188755095,0.24740444370095366
2017-07-31,1.0,-1.0,-0.0070653079859238,34.74980926513672,0.46555179666681223,0.31523011108511645,0.2192180866601356
2017-08-01,1.0,-1.0,-0.0051640034395418,34.570823669433594,0.4159183112070277,0.3299382982124891,0.25414339058048285
2017-08-02,1.0,-1.0,0.0088362873329579,34.877655029296875,0.459701842479351,0.30545314094496445,0.23484501285039427
2017-08-03,1.0,1.0,0.0461681781830881,36.52564239501953,0.33044111728112197,0.2610455605257376,0.4085133333690112
2017-08-04,1.0,1.0,-0.0100413921273973,36.16070938110352,0.2899597432495561,0.28185684548760737,0.42818340381225584
2017-08-07,1.0,1.0,0.0052573186335358,36.351318359375,0.2884172986218815,0.3037399330799508,0.40784276084758697
2017-08-08,-1.0,1.0,0.0153554904244046,36.913818359375,0.22229433077659655,0.32635221773732875,0.45135343844755843
2017-08-09,-1.0,0.0,0.0079651055127699,37.209014892578125,0.3168989755642748,0.4693533448806811,0.2137476758297539
2017-08-10,-1.0,0.0,0.006103670643444,37.43682098388672,0.2555404978198781,0.5487092983780013,0.195750198214185
2017-08-11,1.0,-1.0,-0.0323702721012243,36.244384765625,0.41280970963817837,0.363426563227937,0.22376372899652958
2017-08-14,1.0,-1.0,0.0138111999411575,36.74843597412109,0.3867986429605046,0.3139668736555087,0.29923447593340585
2017-08-15,-1.0,-1.0,0.0149374224831426,37.30148315429688,0.36497388759348937,0.30263880925634934,0.33238730315016124
2017-08-16,-1.0,0.0,0.0108881519239926,37.70984649658203,0.3081516898458978,0.35079115853708764,0.34105715161701433
2017-08-17,-1.0,-1.0,-0.0040304026094252,37.55816650390625,0.3694014378575697,0.3132032108177262,0.3173953550499943
2017-08-18,0.0,-1.0,-0.0193853218429218,36.837100982666016,0.4518270988689015,0.3328375166144611,0.2153353919672178
2017-08-21,0.0,-1.0,-0.0022831112219484,36.75309371948242,0.4712396171482436,0.3107595137837308,0.2180008541668642
2017-08-22,1.0,-1.0,-0.0018428730673256,36.6854248046875,0.42002635949786704,0.37353350572548943,0.20644014222722404
2017-08-23,0.0,-1.0,0.0162152482316543,37.28513717651367,0.45842446606856113,0.3041414613681267,0.2374340762886024
2017-08-24,0.0,-1.0,0.0012509980346136,37.331809997558594,0.46771036331336224,0.28676844634817644,0.24552118661317093
2017-08-25,1.0,-1.0,-0.0044478110790656,37.166133880615234,0.4461464753945323,0.3158265004817348,0.23802703902489397
2017-08-28,1.0,-1.0,0.0036972978132048,37.303802490234375,0.4788425371167988,0.28295640050135634,0.23820107355771572
2017-08-29,0.0,-1.0,0.0100209304778238,37.679500579833984,0.513255793853842,0.20692743676056638,0.27981676100368835
2017-08-30,0.0,1.0,0.0088787561048318,38.01553726196289,0.29673089997273067,0.19946488349808472,0.5038042183918297
2017-08-31,-1.0,1.0,0.0026972650793228,38.11821365356445,0.3499403015525038,0.185614753662233,0.46444495875510167
2017-09-01,-1.0,1.0,0.0039713038426013,38.26989364624024,0.2721648331004231,0.18482024263402952,0.5430149177462893
2017-09-05,-1.0,1.0,0.000304771338146,38.28155899047851,0.2666036606339444,0.19600727400614837,0.5373890690851972
2017-09-06,-1.0,1.0,-0.0120813184629509,37.82184982299805,0.35757303091449966,0.1985922233637021,0.4438347447904755
2017-09-07,-1.0,-1.0,-0.001049187636878,37.782188415527344,0.40929848757266896,0.21037254961140037,0.38032895722799515
2017-09-08,-1.0,-1.0,-0.0040225686439648,37.63051223754883,0.4223071047720078,0.2086444453176682,0.3690484424597434
2017-09-11,1.0,-1.0,-0.0164441797478494,37.01676940917969,0.4526359462525043,0.20166823377300275,0.34569581624920254
2017-09-12,-1.0,-1.0,0.0179311199154197,37.68650817871094,0.39848109550827804,0.26516494469958973,0.33635396351742247
2017-09-13,-1.0,0.0,-0.0039708090432617,37.53715896606445,0.3519974279542395,0.3726791339031719,0.275323445593169
2017-09-14,-1.0,-1.0,-0.0075506847428508,37.25479507446289,0.40995477147295806,0.3273132393196887,0.2627319966579339
2017-09-15,-1.0,1.0,-0.0086180200551803,36.93511199951172,0.3699226927093392,0.23505341694998025,0.3950238977912611
2017-09-18,-1.0,-1.0,0.0100579848190445,37.30847930908203,0.3977749687265154,0.32095020019431264,0.281274819903301
2017-09-19,-1.0,-1.0,-0.0075973484274744,37.02610778808594,0.38433680639032197,0.2564397751209817,0.3592234184886962
2017-09-20,-1.0,-1.0,0.0003785534041645,37.04012680053711,0.40355982669494317,0.22424225066453524,0.372197915189941
2017-09-21,-1.0,1.0,-0.0169000442048453,36.41940689086914,0.4161015383608935,0.15653712284272273,0.4273613313458031
2017-09-22,-1.0,1.0,-0.0173212234005254,35.79401016235352,0.4275758006870968,0.13331258263874407,0.43911161318169945
2017-09-25,1.0,-1.0,-0.0098270029384993,35.44398498535156,0.4375677248824132,0.14185900306592816,0.4205732697233523
2017-09-26,1.0,1.0,-0.0088611466411572,35.13129806518555,0.3512171601649924,0.15477989953137722,0.4940029505481787
2017-09-27,0.0,1.0,0.0170569895784663,35.73567199707031,0.3325213410064357,0.2257399032270525,0.441738757629157
2017-09-28,0.0,1.0,0.0070926111674232,35.99003219604492,0.3337519844497844,0.23244325641391556,0.43380477403746126
2017-09-29,1.0,-1.0,-0.0061787356739502,35.76834487915039,0.4002495236020389,0.21558961137465255,0.384160857572728
2017-10-02,0.0,-1.0,0.0054652532276213,35.96436309814453,0.4115699142034293,0.2570819870826594,0.331348094988621
2017-10-03,0.0,-1.0,-0.0020133021451422,35.89202880859375,0.4302763276111392,0.2564791870553369,0.31324449278410443
2017-10-04,0.0,-1.0,0.0043466373140499,36.048377990722656,0.5204733115348437,0.2363232188478406,0.24320347520525132
2017-10-05,1.0,-1.0,-0.0064947881403518,35.81501007080078,0.5368401561835047,0.22506632579927163,0.23809350870399798
2017-10-06,0.0,-1.0,0.0123678559395948,36.26071548461914,0.47421815521328714,0.30637578884377,0.21940605221765258
2017-10-09,0.0,-1.0,-0.0005789886024594,36.23972702026367,0.48351430423644065,0.28525494318903466,0.23123076375039547
2017-10-10,1.0,-1.0,0.0034706971177381,36.36572265625,0.4146330648928678,0.28106078241868593,0.3043061452378657
2017-10-11,1.0,-1.0,0.0003854264387426,36.37974166870117,0.37500673518076744,0.2700416459432873,0.3549516151506549
2017-10-12,1.0,-1.0,0.0041601634281892,36.53140258789063,0.42243370662687374,0.23722927049661482,0.34033702473915645
2017-10-13,1.0,-1.0,-0.0035193734515599,36.40306091308594,0.39328591135665947,0.23149775892040103,0.3752163297229394
2017-10-16,1.0,1.0,0.0063262729759472,36.63408660888672,0.3066462531823634,0.22226198822914298,0.4710917697643644
2017-10-17,-1.0,1.0,0.0182414930340286,37.30847930908203,0.21088149224153419,0.21522859591329874,0.5738899034632639
2017-10-18,-1.0,1.0,0.0036832172230624,37.44614791870117,0.19623657754826848,0.22694374904684525,0.5768196589693863
2017-10-19,-1.0,1.0,-0.0044336883740203,37.28049087524414,0.2143738598174317,0.23568054773094718,0.5499455943142663
2017-10-20,0.0,-1.0,-0.0239456715392192,36.39838790893555,0.425593000938424,0.26374907513603535,0.3106579164749599
2017-10-23,1.0,1.0,0.0017296560351964,36.46139907836914,0.3615831778826194,0.2495277536468442,0.3888890721958265
2017-10-24,1.0,1.0,-0.0005116322136411,36.4427490234375,0.3593790758581876,0.2401852622337469,0.4004356600454202
2017-10-25,1.0,1.0,0.0059368612545095,36.65974807739258,0.35196603687453426,0.24474614171604922,0.403287828859997
2017-10-26,1.0,1.0,-0.0044015995720378,36.49874114990234,0.34624819793080275,0.23905509022536894,0.4146967174317637
2017-10-27,1.0,-1.0,0.0063731965821172,36.73209762573242,0.3982050107242374,0.23744860790075256,0.36434638882559045
2017-10-30,1.0,1.0,0.0352033768695681,38.048221588134766,0.24390002358441568,0.20789290005789543,0.5482070903275275
2017-10-31,1.0,0.0,0.022258203872692,38.90460205078125,0.26599153681900356,0.4802436527642352,0.25376481786734184
2017-11-01,-1.0,0.0,0.0138198846310277,39.44599151611328,0.2763397445216661,0.5534534807022289,0.17020676732552437
2017-11-02,1.0,0.0,-0.0128006572111944,38.94427490234375,0.2902193387094793,0.5383565462654832,0.1714241150250374
2017-11-03,1.0,0.0,0.007283717905916,39.22896957397461,0.25437656227083616,0.5915389872750598,0.15408445417939431
2017-11-06,1.0,0.0,0.0257785722337007,40.25338363647461,0.2894973107625358,0.5957560662861665,0.11474663040187824
2017-11-07,0.0,0.0,0.0100939884271927,40.66175842285156,0.18804696321308567,0.6899166964159149,0.12203634409628973
2017-11-08,-1.0,0.0,0.0032084922348588,40.79243087768555,0.17655333366432285,0.6915914379294672,0.13185522095562935
2017-11-09,-1.0,0.0,0.0081473042693536,41.12613677978515,0.191291201874569,0.6734195397334393,0.1352892658425723
2017-11-10,-1.0,0.0,-0.0020450412804382,41.042118072509766,0.27457496243784774,0.5986484365308569,0.1267765973060051
2017-11-13,-1.0,0.0,-0.0033150138286553,40.906288146972656,0.17780416718193381,0.7044715618518909,0.11772426630956243
2017-11-14,-1.0,0.0,-0.0040155724225332,40.74235534667969,0.1951111390541617,0.6746030935329002,0.130285765550293
2017-11-15,0.0,-1.0,-0.0152328009086433,40.12643814086914,0.4799561635678363,0.36885270874350784,0.15119112768865567
2017-11-16,1.0,-1.0,-0.0132782079130736,39.59715270996094,0.42163577928157636,0.3726379508504913,0.2057262698679322
2017-11-17,1.0,-1.0,0.0118766050542814,40.07023620605469,0.4135323844320491,0.39623389622752436,0.19023373051629744
2017-11-20,1.0,-1.0,-0.0055679326969011,39.847747802734375,0.40355923668374677,0.4002242315900146,0.19621653545152895
2017-11-21,1.0,-1.0,-0.000999748278518,39.80792999267578,0.4118618577344824,0.393074272591443,0.19506386967407457
2017-11-22,-1.0,-1.0,0.0184199509941117,40.5479850769043,0.5305160650804109,0.279240008509523,0.19024392268477577
2017-11-24,-1.0,-1.0,0.0104568194994694,40.974212646484375,0.5068210764172901,0.2349409498722516,0.2582379625345873
2017-11-27,-1.0,-1.0,5.716173728920335e-05,40.97655487060547,0.5328589585350318,0.1962640475375493,0.2708769874081608
2017-11-28,-1.0,-1.0,-0.005042689032877,40.77044296264648,0.5435444697645149,0.19800561975268366,0.25844990396354345
2017-11-29,-1.0,-1.0,-0.0058756296387139,40.53159332275391,0.4308644853175383,0.24988368069237626,0.31925182840214994
2017-11-30,0.0,-1.0,-0.020961663702639,39.690826416015625,0.36815052530886017,0.2713249291583243,0.36052454553281554
2017-12-01,-1.0,0.0,0.01388755318409,40.245880126953125,0.3014836544507349,0.42068589197247863,0.27783044985149613
2017-12-04,-1.0,0.0,-0.0046664152931656,40.05851364135742,0.3524298695387868,0.36271055641658706,0.28485957404462614
2017-12-05,1.0,1.0,-0.0073345434398934,39.76577758789063,0.3448965907477697,0.27571702978005214,0.3793863831974684
2017-12-06,1.0,1.0,-0.0009426602814916,39.728309631347656,0.34369081266373547,0.2848129271041876,0.37149625278149634
2017-12-07,1.0,1.0,-0.0037207603838748,39.58076477050781,0.33527299802033267,0.2352984978795125,0.4294284985122193
2017-12-08,1.0,1.0,0.001832769800076,39.65337371826172,0.32776315420414304,0.24457283186357837,0.4276640251081495
2017-12-11,1.0,1.0,0.0002949090127041,39.665069580078125,0.35374788184038625,0.2702040842574185,0.37604803762748545
2017-12-12,1.0,0.0,0.0192968195121172,40.43791198730469,0.29637878771409243,0.4386131177342966,0.26500808337574
2017-12-13,1.0,0.0,-0.005633752696618,40.21073532104492,0.2997421215027247,0.42746995530584386,0.27278792319143147
2017-12-14,1.0,-1.0,0.0033145832333399,40.34423828125,0.393713428758619,0.329755401672177,0.27653117701978464
2017-12-15,1.0,-1.0,-0.0002902274371732,40.3325309753418,0.38716854430057673,0.3081525457986327,0.3046789024502099
2017-12-18,1.0,-1.0,0.0101098596761037,40.74235534667969,0.3879140849836896,0.22899352300224124,0.38309239760200453
2017-12-19,-1.0,1.0,0.0139846112549563,41.31612396240234,0.3042862602149391,0.205026591613597,0.4906871463088187
2017-12-20,-1.0,1.0,-0.010713580453887,40.8758430480957,0.36017850170446697,0.2490587094245277,0.3907627963215858
2017-12-21,-1.0,-1.0,-0.0010890306160325,40.83135223388672,0.3988245284517905,0.2598240350302832,0.34135143279263586
2017-12-22,-1.0,1.0,0.0037779031428344,40.98590087890625,0.3535742167280248,0.24505166697161196,0.4013741200256535
2017-12-26,-1.0,1.0,0.0,40.98590087890625,0.3577221819879454,0.23778890655153875,0.4044889002846448
2017-12-27,0.0,-1.0,-0.0256969320152633,39.94610595703125,0.37150747699688164,0.2809978916014775,0.34749463140164094
2017-12-28,1.0,1.0,0.000175888344012,39.95313262939453,0.36373843349482776,0.26330183695433207,0.37295973327613047
2017-12-29,-1.0,-1.0,0.002809538177344,40.0655403137207,0.37293327719516983,0.2783778898177782,0.348688821811181
2018-03-15,-1.0,0.0,-0.0085376066761647,41.959571838378906,0.32331691654608946,0.385960399400454,0.2907226989546181
2018-03-16,-1.0,0.0,0.0011760942419914,42.00894927978515,0.3305347004380803,0.3628555971211992,0.30660968753955975
2018-03-19,-1.0,0.0,-0.0035325315986828,41.86081314086914,0.3296187688124991,0.36517223462158227,0.30520898166475785
2018-03-20,-1.0,0.0,-0.0153972007251359,41.22121047973633,0.32969930681356197,0.3690800256819785,0.3012206749550405
2018-03-21,-1.0,0.0,-0.000342279246188,41.20710372924805,0.33660697361946945,0.3541484315469931,0.3092446022841184
2018-03-22,-1.0,-1.0,-0.022915024942782,40.27357864379883,0.36885688774313696,0.306043051314638,0.32510007584338635
2018-03-23,-1.0,-1.0,-0.0142305723468575,39.70452117919922,0.37347488204426094,0.2907865397959668,0.33573857815977226
2018-03-26,1.0,-1.0,-0.0234287408720946,38.78510665893555,0.3554242213475264,0.3024697063465991,0.34210607230587464
2018-03-27,-1.0,0.0,0.0463792422781681,40.62629699707031,0.3196487449660522,0.37582667402143555,0.3045245810125124
2018-03-28,0.0,0.0,-0.0259755457067841,39.5845947265625,0.32499293932759266,0.36366306223446687,0.31134399843794064
2018-03-29,1.0,0.0,-0.0111105939172706,39.147220611572266,0.3222504234979412,0.36371446052688794,0.31403511597517103
2018-04-02,1.0,0.0,0.0077784171332179,39.452911376953125,0.3102176680743439,0.3890600199937669,0.3007223119318895
2018-04-03,1.0,0.0,-0.0065779346341236,39.194244384765625,0.307531786971286,0.39463270627335295,0.2978355067553613
2018-04-04,1.0,0.0,0.0102068815210368,39.59634399414063,0.30122916374067055,0.4223167545286524,0.276454089181258
2018-04-05,-1.0,0.0,0.0189418230871821,40.35351943969727,0.2984650124241228,0.44264539470462005,0.25888960032183805
2018-04-06,-1.0,0.0,0.0069104595678723,40.63334655761719,0.2978581777055088,0.45227481938193537,0.24986701036313674
2018-04-09,1.0,0.0,-0.025911533284899,39.593997955322266,0.2964951738033715,0.4438463319240571,0.2596585017231524
2018-04-10,1.0,0.0,0.0098691217874767,39.98669052124024,0.29281915008566733,0.4510881889170146,0.2560926758984796
2018-04-11,1.0,0.0,0.0186430029970907,40.73915481567383,0.293175219604597,0.44807173820549,0.2587530347393327
2018-04-12,1.0,0.0,-0.0046859827464379,40.54869842529297,0.29375005396729353,0.43790367889664994,0.26834627458663757
2018-04-13,0.0,0.0,0.0098100457834262,40.94844055175781,0.2987551487461594,0.42176241091500727,0.27948244778941433
2018-04-16,-1.0,0.0,0.0033823566102709,41.08717727661133,0.30133772319566315,0.40832806005903094,0.2903342241958867
2018-04-17,-1.0,0.0,0.0062189026644083,41.34349060058594,0.30147636868476846,0.382369437226465,0.3161541940887669
2018-04-18,-1.0,0.0,0.013670180489918,41.91254425048828,0.29814935968313305,0.38687530267214276,0.3149753301941438
2018-04-19,-1.0,0.0,-0.002246785918686,41.8184814453125,0.30163918884789787,0.39101670602686844,0.30734409767465315
2018-04-20,-1.0,0.0,-0.0287493083825681,40.63334655761719,0.28803748420335185,0.42304280096589036,0.2889197073801774
2018-04-23,0.0,0.0,-0.0418355891239884,38.9684944152832,0.3031918116793841,0.4130015086204745,0.2838066871507223
2018-04-24,0.0,0.0,-0.0029003317158472,38.85563659667969,0.31786269386612054,0.39120098243689294,0.2909363236969868
2018-04-25,1.0,0.0,-0.0140170006244473,38.31479644775391,0.3249004346270356,0.37202166730171954,0.3030778831700839
2018-04-26,1.0,0.0,0.0043478646836342,38.481746673583984,0.3177886711837642,0.3799492496530634,0.3022620642620114
2018-04-27,1.0,0.0,0.0034773766801491,38.61579513549805,0.3148328449846661,0.38739101485243577,0.2977761252617372
2018-04-30,1.0,0.0,-0.0116375590400074,38.16900634765625,0.31935547564485367,0.37772048369300854,0.3029240257609769
2018-05-01,1.0,0.0,0.0179502640177892,38.86033630371094,0.3020383177132482,0.4230843698000323,0.27487731993730047
2018-05-02,1.0,0.0,0.0229707084315078,39.7633171081543,0.2905025342879897,0.45079109538187473,0.2587063777807165
2018-05-03,1.0,0.0,0.0432270438779824,41.51985931396485,0.2963928354078687,0.4392205316534874,0.26438663293864423
2018-05-04,1.0,0.0,0.0018101642516799,41.59508514404297,0.2898092658469319,0.4524306772936083,0.25776005685946
2018-05-07,1.0,0.0,0.0384834010887162,43.22700500488281,0.28102950124449916,0.4525553002259354,0.26641518362840444
2018-05-08,1.0,0.0,0.0072093165880252,43.53976821899414,0.2858446745719832,0.43764865878956155,0.27650665918787487
2018-05-09,0.0,0.0,0.0047951691025948,43.74905014038086,0.2864880115981093,0.44043781781574554,0.27307417803672596
2018-05-10,0.0,0.0,0.0070163220502382,44.05708694458008,0.3003346592517242,0.43420373916694627,0.2654616015813297
2018-05-11,0.0,0.0,0.0142025604329405,44.68727493286133,0.3042378706367468,0.43287275032791994,0.262889386485914
2018-05-14,0.0,0.0,-0.0038104856700603,44.51731872558594,0.30460753279424485,0.434942899056586,0.2604495755997499
2018-05-15,0.0,0.0,-0.0023360702189401,44.41344451904297,0.3112742752716644,0.43496933471095334,0.25375639746796297
2018-05-16,0.0,0.0,-0.0091299793433132,44.009796142578125,0.30816416498755816,0.4458012333164487,0.24603460169599337
2018-05-17,0.0,0.0,0.009289551340295,44.4205322265625,0.31023080423334964,0.44641829336792066,0.24335090239872995
2018-05-18,0.0,0.0,-0.0063437096933073,44.13963317871094,0.30895696992469024,0.4459526779886785,0.2450903520866315
2018-05-21,0.0,0.0,-0.0036433256172656,43.97911071777344,0.30942227634200314,0.444273778965021,0.24630394469297606
2018-05-22,0.0,0.0,0.0070599354984549,44.29069900512695,0.3095205045589847,0.44108992438565553,0.24938957105536
2018-05-23,0.0,0.0,-0.0025080214296967,44.17975616455078,0.30912978320637474,0.44025553516419336,0.25061468162943223
2018-05-24,0.0,0.0,0.0063914183020312,44.46303176879883,0.31015978657570664,0.43891025344507667,0.25092995997921713
2018-05-25,0.0,0.0,-0.0011158690571983,44.41344451904297,0.3109151151574168,0.43697165508795177,0.2521132297546318
2018-05-29,0.0,0.0,0.0022831122825255,44.51496124267578,0.3175386212698725,0.42830928161971643,0.25415208965983094
2018-05-30,1.0,0.0,-0.0036122933353822,44.35445022583008,0.3087580118476746,0.4364284595222324,0.25481352863009354
2018-05-31,1.0,-1.0,-0.0021311470137948,44.26002502441406,0.3524175443227838,0.33932044551640783,0.3082620250619702
2018-06-01,1.0,-1.0,-0.0033658823214424,44.11130142211914,0.36325158782683636,0.3046026009436242,0.33214581868012066
2018-06-04,1.0,1.0,0.0178732829701122,44.90680313110352,0.3608821018937197,0.2672484865426717,0.37186941156360914
2018-06-05,1.0,1.0,0.0083231991490823,45.28213119506836,0.34768941923773267,0.27545077419684033,0.3768597916642664
2018-06-06,-1.0,1.0,0.0076853550533078,45.6314811706543,0.36083103021521623,0.2781108204688714,0.36105814931591285
2018-06-07,-1.0,1.0,0.0034601440710446,45.78964614868164,0.3577010666736257,0.2748178078412118,0.36748111058400196
2018-06-08,-1.0,1.0,-0.0026841548715526,45.66690444946289,0.35858960064295864,0.2746204981865141,0.3667898862693666
2018-06-11,-1.0,-1.0,-0.0091391394094185,45.25144958496094,0.3717468733250457,0.28760703601095916,0.34064609811457647
2018-06-12,-1.0,-1.0,-0.0024549607939967,45.14049530029297,0.37347292464495824,0.28669102288352344,0.33983605992209964
2018-06-13,-1.0,-1.0,0.0054759201498708,45.38835906982422,0.37273602196358047,0.28707874621370566,0.34018523927329514
2018-06-14,-1.0,-1.0,-0.008251351027303,45.015384674072266,0.3700159126370528,0.2824330006477833,0.34755109416574514
2018-06-15,-1.0,-1.0,0.0005244159363695,45.03899765014648,0.3691855869157248,0.2766155107701638,0.3541989097646927
2018-06-18,-1.0,-1.0,-0.0103255101770692,44.57633972167969,0.3823662356009854,0.2504647483847966,0.36716900856363793
2018-06-19,-1.0,-1.0,-0.0005296890486261,44.552734375,0.385202110618864,0.2393585965972269,0.375439285333329
2018-06-20,-1.0,-1.0,-0.0162921369693736,43.83275604248047,0.4041224590044535,0.21689874248573404,0.37897879850981275
2018-06-21,-1.0,-1.0,0.0043527276614704,44.023963928222656,0.3952714656608474,0.2185480876488746,0.386180454140859
2018-06-22,-1.0,-1.0,-0.0055918229835878,43.77847671508789,0.4003567700395244,0.21497670481106246,0.3846665176988327
2018-06-25,-1.0,-1.0,-0.0029161708954837,43.650997161865234,0.4016095205502223,0.2121440079900906,0.3862464714596874
2018-06-26,1.0,-1.0,-0.0149828080871644,43.00185775756836,0.4055442053722552,0.21217661002277904,0.3822791920555465
2018-06-27,1.0,-1.0,0.0123296012057997,43.53533554077149,0.3862538531444637,0.24084467110211225,0.37290147575342436
2018-06-28,1.0,-1.0,-0.0014649902501083,43.47160339355469,0.38532065881654187,0.25177056858626967,0.36290877259718884
2018-06-29,1.0,-1.0,0.0072500072750938,43.78791809082031,0.37350699886543937,0.27673029711297925,0.3497627040215817
2018-07-02,1.0,-1.0,-0.0021046216156724,43.69585800170898,0.36861083552255924,0.2945718976150585,0.33681726686238267
2018-07-03,-1.0,0.0,0.0111201667559797,44.18447494506836,0.3350231732719592,0.36812661137055386,0.29685022280806794
2018-07-05,1.0,0.0,-0.0175696873184423,43.414947509765625,0.3388333086667521,0.3631463603589421,0.2980203309743061
2018-07-06,1.0,0.0,0.0080148260978315,43.76430892944336,0.3344527139794372,0.3616301741008932,0.3039171044690893
2018-07-09,1.0,0.0,0.0137665001591311,44.37095642089844,0.328689926879561,0.3649676879501845,0.3063423851702548
2018-07-10,-1.0,0.0,0.0137897842847069,44.987060546875,0.3325854228388997,0.3341340368672061,0.33328054774447535
2018-07-11,-1.0,1.0,-0.0012071977867848,44.93278503417969,0.341511825419226,0.2893071133680917,0.369181061212683
2018-07-12,1.0,1.0,-0.0130613978990659,44.34971618652344,0.331597809830786,0.29651038101808364,0.3718918091511309
2018-07-13,0.0,1.0,0.0166271952121194,45.093292236328125,0.3191136738072191,0.30968876556351754,0.3711975606292638
2018-07-16,0.0,1.0,0.0015689487852973,45.16409683227539,0.3280549943801201,0.27328413154230347,0.39866086662699635
2018-07-17,0.0,1.0,-0.002197522932806,45.06495666503906,0.3292929520711063,0.2751758204417663,0.3955312423882891
2018-07-18,0.0,1.0,0.0028248865435977,45.19244003295898,0.33104009174244076,0.2772908150574356,0.3916691081012854
2018-07-19,1.0,1.0,-0.005500149229722,44.944557189941406,0.3361468289885624,0.28914308109025144,0.3747100824706061
2018-07-20,1.0,1.0,0.007743192958083,45.293922424316406,0.33412221369145384,0.2824374931298408,0.38344030807986706
2018-07-23,1.0,1.0,-0.0022953793445236,45.1900749206543,0.340075668407934,0.2953135908236314,0.36461073331785454
2018-07-24,1.0,1.0,0.0008875620527078,45.230201721191406,0.34179731784782236,0.29791934583149104,0.36028332887010667
2018-07-25,-1.0,1.0,0.007227948938394,45.55830764770508,0.3368788609473801,0.280372965116769,0.3827481888370126
2018-07-26,-1.0,1.0,0.0093859849145513,45.98793029785156,0.33300419776814316,0.28003091782710954,0.38696487695416726
2018-07-27,-1.0,1.0,-0.0031360245644149,45.843936920166016,0.33601503437333313,0.2793823390737748,0.3846026414540538
2018-07-30,1.0,1.0,-0.0167712213835274,45.08148956298828,0.33930699796424185,0.3020767629078932,0.35861623167728485
2018-07-31,1.0,1.0,-0.0056184690244366,44.82891082763672,0.3440565084409971,0.2999808821508695,0.35596260195755347
2018-08-01,1.0,1.0,0.0019989147538458,44.91860961914063,0.34924058278244,0.29405275650595375,0.35670665326102624
2018-08-02,1.0,0.0,0.0572400183822164,47.56476211547851,0.3326269084066089,0.3423140952279219,0.3250589889148889
2018-08-03,0.0,0.0,0.0288117664096055,48.95512008666992,0.3069814916546858,0.3995342902536784,0.29348422554221654
2018-08-06,0.0,0.0,0.0028889234917563,49.09675216674805,0.3016189476820172,0.4298668683221316,0.26851417654527077
2018-08-07,0.0,0.0,0.0051789378681741,49.351680755615234,0.3016850882154373,0.4434299084563781,0.25488499587760416
2018-08-08,0.0,0.0,-0.0094190119732136,48.88901901245117,0.31673882700277023,0.440354527702134,0.24290663784451527
2018-08-09,0.0,0.0,0.0006758814825959,48.92207336425781,0.33162009573462564,0.41972766336940387,0.24865224834655136
2018-08-10,1.0,0.0,0.007834178012322,49.30684280395508,0.3345469381592254,0.4166431094160096,0.24880995987534585
2018-08-13,1.0,0.0,-0.0029831322750944,49.15997314453125,0.33682795131559284,0.4168373829782192,0.24633467315676874
2018-08-14,1.0,0.0,0.0064360649843057,49.47739028930664,0.3378476235002323,0.41347994618712497,0.24867243776322367
2018-08-15,1.0,0.0,0.0042041918669487,49.68584060668945,0.33969384227867694,0.4097624186157601,0.2505437465561438
2018-08-16,1.0,0.0,0.002333655876096,49.80192565917969,0.34647612239996817,0.40884657572229854,0.24467730187773354
2018-08-17,1.0,0.0,0.0145438165288023,50.53152847290039,0.3365985964133996,0.39927139083875623,0.2641300052972638
2018-08-20,0.0,0.0,0.0197728935929012,51.540626525878906,0.3267401026900663,0.41316433104758754,0.2600955662623463
2018-08-21,0.0,0.0,-0.0097911984116821,51.03844451904297,0.3329929291579905,0.41898491045655395,0.2480221454842947
2018-08-22,1.0,0.0,-0.0019512392546123,50.9389533996582,0.34811760837673633,0.4158655275076036,0.23601684921449917
2018-08-23,1.0,0.0,4.650413410258106e-05,50.94132232666016,0.3557806961579376,0.40402912781432154,0.24019016112658007
2018-08-24,1.0,0.0,0.0020441933040204,51.04556274414063,0.36291447646869734,0.39503510659936547,0.24205040203077655
2018-08-27,1.0,0.0,0.0031040709366318,51.20425796508789,0.3709370215132842,0.3827665623025535,0.24629640128300156
2018-08-28,1.0,0.0,0.0082008716681642,51.62590408325195,0.36088229244090075,0.3847427075500594,0.2543749925584596
2018-08-29,1.0,-1.0,0.0080431305810036,52.04281234741211,0.36368429434928706,0.34913746023324965,0.28717825286804416
2018-08-30,1.0,-1.0,0.0148190180646813,52.81977844238281,0.3529262883304476,0.3406014803078357,0.30647223136171686
2018-08-31,1.0,0.0,0.0091517998682299,53.30539321899414,0.3381890129998242,0.3590922749396524,0.3027187120605236
2018-09-04,-1.0,0.0,0.011488115797827,53.92130279541016,0.3241562809572885,0.3711548092861701,0.3046889097565415
2018-09-05,-1.0,0.0,0.0032016278449314,54.094215393066406,0.3222376583336764,0.3765005984526591,0.3012617432136646
2018-09-06,-1.0,0.0,-0.0065461258399933,53.74126434326172,0.3401812571127282,0.38061958413554725,0.279199173652886
2018-09-07,-1.0,0.0,-0.0167570828166108,52.84822082519531,0.3592573281228866,0.4103218945376577,0.23042079224061737
2018-09-10,-1.0,0.0,-0.008100881551712,52.42183303833008,0.3585203063394293,0.41808512488820976,0.22339455759649066
2018-09-11,1.0,0.0,-0.013511779150406,51.7182846069336,0.33814051408748313,0.41963080379246814,0.2422286709441784
2018-09-12,-1.0,0.0,0.0249686891973047,53.02587890625,0.3509871359215939,0.40084294501439294,0.24816990788814278
2018-09-13,1.0,0.0,-0.0124966680104436,52.36735534667969,0.3443911928168387,0.3958911407495384,0.2597176515324622
2018-09-14,-1.0,0.0,0.023868115707261,53.632301330566406,0.3551245108822101,0.38214333560947855,0.2627321460577312
2018-09-17,-1.0,0.0,-0.0114161955602402,53.02350616455078,0.3533164115538891,0.38945908222630726,0.2572244913186429
2018-09-18,0.0,0.0,-0.0269868248065423,51.6117057800293,0.34287731609817007,0.369943816951375,0.28717885204929405
2018-09-19,1.0,0.0,0.0016509274770721,51.69698333740234,0.34441825519147606,0.35855145664343724,0.2970302732639259
2018-09-20,1.0,0.0,0.0005952307140986,51.72776412963867,0.3457624358788037,0.3524635929969694,0.30177395622306613
2018-09-21,1.0,0.0,0.0075733195694775,52.121002197265625,0.3462650085422815,0.35656592559424577,0.2971690733140537
2018-09-24,1.0,-1.0,-0.0108299144648294,51.5595817565918,0.3456765550715802,0.3423679918547569,0.31195546052424383
2018-09-25,1.0,0.0,0.0142776917484783,52.3010139465332,0.3482478477518145,0.3564904746557635,0.2952616775924224
2018-09-26,1.0,0.0,0.0063209349733816,52.63265228271485,0.3490196662533578,0.36818833161656134,0.28279200213008127
2018-09-27,1.0,0.0,-0.0079980031039585,52.213375091552734,0.35187412828397596,0.3600230357531729,0.28810283596285136
2018-09-28,1.0,0.0,0.0203433053474407,53.28644561767578,0.35629116340114236,0.3789101762265959,0.26479866037226224
2018-10-01,1.0,0.0,0.0035057651718681,53.47358322143555,0.3641538369742017,0.3785247832748338,0.25732137975096503
2018-10-02,1.0,0.0,0.0067108805852137,53.83364486694336,0.359404998344944,0.37141393828309494,0.26918107082254206
2018-10-03,-1.0,0.0,0.0088490895955507,54.312137603759766,0.33638872838040185,0.37747749394287833,0.28613377767672016
2018-10-04,-1.0,0.0,0.0120953193570326,54.97304916381836,0.3196704321523533,0.3911128176655296,0.2892167501821175
2018-10-05,-1.0,0.0,-0.0177373643092918,54.006568908691406,0.3458678378541316,0.39809492408745173,0.25603723805841727
2018-10-08,-1.0,0.0,-0.0163619864771202,53.130104064941406,0.3472658689994858,0.4037914855803545,0.24894263796957972
2018-10-09,-1.0,0.0,-0.0023211587385168,53.00692367553711,0.3503901112902116,0.3976068600146569,0.25200301379397083
2018-10-10,-1.0,0.0,0.0137585895454918,53.74126434326172,0.35324393444360125,0.3957845573842681,0.25097149327097
2018-10-11,1.0,0.0,-0.0474335062062458,51.25164031982422,0.34402822504925956,0.3577653028474806,0.2982064572020988
2018-10-12,1.0,0.0,-0.0088671288169181,50.7991943359375,0.34205942737295125,0.3504188982237927,0.3075216595020949
2018-10-15,-1.0,0.0,0.0350959911437002,52.61369705200195,0.33457351237100075,0.3888728554387993,0.27655361728903916
2018-10-16,0.0,0.0,-0.0216175111783007,51.488525390625,0.3352209026848002,0.37354503992577315,0.2912340648400076
2018-10-17,-1.0,0.0,0.0217976670952151,52.62317657470703,0.33630223305493284,0.39350978428672706,0.2701879677571793
2018-10-18,-1.0,0.0,-0.0043306867139546,52.395774841308594,0.33797350819642114,0.38971540891195666,0.27231106799046134
2018-10-19,1.0,0.0,-0.0236510236727799,51.17110061645508,0.3349671368124718,0.37343673458427606,0.29159611370209115
2018-10-22,0.0,0.0,0.0151154653497509,51.9504508972168,0.33279242317023444,0.38942478184452983,0.2777828024358167
2018-10-23,-1.0,0.0,0.0060911155933707,52.267852783203125,0.33512391136144826,0.39558963595283597,0.26928643778455497
2018-10-24,-1.0,0.0,0.0093827011569333,52.76057434082031,0.33082152589523656,0.41447399327652534,0.2547044659270774
2018-10-25,0.0,0.0,-0.0349040156738609,50.95078659057617,0.328431925327353,0.3907421991922811,0.28082586057920494
2018-10-26,-1.0,0.0,0.0216616540086563,52.066505432128906,0.32335228548677664,0.41062546374647635,0.266022258217328
2018-10-29,1.0,0.0,-0.0160516701250686,51.237422943115234,0.32341749760044103,0.4042654138224382,0.2723170960277017
2018-10-30,1.0,0.0,-0.0189485582055631,50.27568817138672,0.3300212921985498,0.3814160188577491,0.2885626963942819
2018-10-31,1.0,0.0,0.004982003710451,50.52678680419922,0.32984224425343867,0.38519252031596757,0.2849652279800135
2018-11-01,-1.0,0.0,0.0257323787454619,51.84383392333984,0.3163779600001088,0.41647108849689407,0.2671509589535782
2018-11-02,-1.0,0.0,0.0152356313177266,52.63975524902344,0.3115195817940233,0.43308643471941655,0.25539398348656067
2018-11-05,-1.0,0.0,-0.0686327135013751,49.148136138916016,0.32191144028300445,0.3884773965507896,0.28961117061678676
2018-11-06,1.0,0.0,-0.0287991432961667,47.75289916992188,0.3130242194410522,0.3957497187662982,0.2912260468914886
2018-11-07,-1.0,0.0,0.010756174242659,48.269309997558594,0.3148695032847273,0.39133407469001863,0.29379642947583495
2018-11-08,-1.0,0.0,0.0298772248980684,49.73322296142578,0.3024331252099416,0.4174112185262139,0.28015565626384475
2018-11-09,-1.0,0.0,-0.0034950991328868,49.5597038269043,0.3027511105690384,0.41679583444374113,0.28045305498722073
2018-11-12,-1.0,0.0,-0.0194697352369529,48.604122161865234,0.3064932848752589,0.40526523513166546,0.2882414874436565
2018-11-13,-1.0,0.0,-0.051687453787567,46.15571975708008,0.3214563238132897,0.36988172202252984,0.3086619467136
2018-11-14,-1.0,0.0,-0.0100411986533677,45.694580078125,0.3231066263396559,0.36567481717461425,0.31121854903514945
2018-11-15,1.0,0.0,-0.0286541044792758,44.40382385253906,0.3197805756637141,0.37112889304587776,0.3090905238398276
2018-11-16,-1.0,0.0,0.0243792756787783,45.49966049194336,0.3132797345921397,0.37861487253638015,0.3081053854208997
2018-11-19,-1.0,0.0,0.0110145646684956,46.00358963012695,0.3028489525361261,0.39467016442280245,0.3024808830410718
2018-11-20,-1.0,0.0,-0.0404385895760531,44.18038177490234,0.30653844471040537,0.3869180125821355,0.30654353525687866
2018-11-21,0.0,0.0,-0.0489572833969116,42.069522857666016,0.3043544132355663,0.3905190923850092,0.3051264869288439
2018-11-23,0.0,0.0,-0.0011302804930096,42.02199935913086,0.30318190114336363,0.3904036234101412,0.30641446799591465
2018-11-26,1.0,0.0,-0.0257272449788788,40.95467758178711,0.30338084104434915,0.38863601539567477,0.3079831361093956
2018-11-27,1.0,0.0,0.0134331854350523,41.50854110717773,0.2965503450200758,0.3979945683847312,0.3054550791446126
2018-11-28,1.0,0.0,-0.002178598987156,41.41820907592773,0.2936056369727895,0.40043197759352467,0.3059623779831054
2018-11-29,-1.0,0.0,0.0377321240544736,43.0108642578125,0.28270677388330445,0.42016106593752733,0.29713216017916855
2018-11-30,-1.0,0.0,-0.0077121181975265,42.68043518066406,0.2825168357480802,0.4206526017831619,0.29683056246875816
2018-12-03,-1.0,0.0,-0.0054169270961323,42.44986343383789,0.28461641633367674,0.41779644550869277,0.2975871381576309
2018-12-04,-1.0,0.0,0.0343456667566538,43.93315887451172,0.2720192303663141,0.4388489280342908,0.28913184159939537
2018-12-06,-1.0,0.0,-0.044985938643414,42.000579833984375,0.2710646645256012,0.4340226912458042,0.29491264422859487
2018-12-07,-1.0,0.0,-0.0112116416749507,41.53231430053711,0.2718565914693134,0.43114537588395907,0.2969980326467278
2018-12-10,0.0,0.0,-0.0363083625676539,40.0513916015625,0.28052495044575976,0.41262386129980116,0.30685118080385876
2018-12-11,-1.0,0.0,0.0065663049860113,40.31524658203125,0.2840525642218461,0.40846777969491604,0.30747964863265753
2018-12-12,-1.0,0.0,-0.0057358272546189,40.08466720581055,0.290613327446631,0.402965089288569,0.30642159071538083
2018-12-13,-1.0,0.0,0.0027835343842518,40.1963996887207,0.28844845498716465,0.4032927431934157,0.30825880181941995
2018-12-14,-1.0,0.0,0.010880641760267,40.63615036010742,0.2874173147583393,0.40720367359092163,0.3053790116507393
2018-12-17,-1.0,0.0,-0.0325205989114487,39.33589553833008,0.28879560070058014,0.39425844719132175,0.31694594465751774
2018-12-18,-1.0,0.0,-0.009350120331943,38.96981430053711,0.2939473705190132,0.3851802110632717,0.3208724109671347
2018-12-19,-1.0,0.0,0.0129088677531314,39.47613143920898,0.27665105029856896,0.4245177438744685,0.29883121327754353
2018-12-20,-1.0,0.0,-0.0316881050209331,38.24481964111328,0.2829349581904172,0.41042839505329465,0.3066366467562884
2018-12-21,-1.0,0.0,-0.0255586296028198,37.27972030639648,0.30261903939761947,0.3759001029678549,0.3214808650851064
2018-12-24,-1.0,0.0,-0.0396725286866625,35.82969284057617,0.30119562231530983,0.38088186282203357,0.31792250741207606
2018-12-26,1.0,0.0,-0.0262141225161418,34.90265274047852,0.2994493415149864,0.3845654042313801,0.31598524680305295
2018-12-27,-1.0,0.0,0.0680519863187509,37.36053085327149,0.2838321136742963,0.4124842398831486,0.3036836464425554
2018-12-28,-1.0,0.0,-0.0065108417468287,37.118072509765625,0.27874605246703865,0.42104403655643274,0.30020991097652894
2018-12-31,-1.0,0.0,0.0005122897769262,37.13709259033203,0.2715055040758583,0.4232833976638292,0.30521109826031273
2019-03-15,1.0,1.0,0.0110549742945621,43.86136245727539,0.24357523264987274,0.33896827503224713,0.41745649604317037
2019-03-18,1.0,1.0,0.0129244751808307,44.43192672729492,0.22361970143065144,0.3221801267265585,0.4542001681174997
2019-03-19,1.0,1.0,0.0101567327084282,44.8855094909668,0.23844593226911154,0.31673484602487934,0.44481921053013806
2019-03-20,1.0,1.0,-0.0079562912178779,44.52980422973633,0.26074529878609726,0.35598441157343774,0.38327028964046483
2019-03-21,1.0,1.0,0.0087005877015806,44.91893005371094,0.2335652875089601,0.36284528128807314,0.4035894349282571
2019-03-22,-1.0,1.0,0.0361683379056184,46.57331085205078,0.2291871748900317,0.3342115376315367,0.43660129492901206
2019-03-25,-1.0,0.0,-0.0209258196015824,45.60885238647461,0.22230607483738368,0.4042803358671836,0.37341359302072297
2019-03-26,0.0,0.0,-0.0121649406718061,45.0573844909668,0.23368208386882794,0.40362876185564306,0.36268915055023865
2019-03-27,1.0,1.0,-0.0103851762631737,44.59187698364258,0.21667177339735766,0.35049657701244685,0.43283164959019543
2019-03-28,1.0,1.0,0.0089538542176151,44.99293899536133,0.1888466540556448,0.3642153396902723,0.44693800997937316
2019-03-29,1.0,1.0,0.0013253182423613,45.05260848999024,0.18377186467746776,0.4058146524151022,0.4104134903580106
2019-04-01,1.0,1.0,0.0064965681835005,45.34624862670898,0.17876005751333784,0.4007625042103898,0.4204774308256917
2019-04-02,1.0,1.0,0.0067682710976391,45.654205322265625,0.18834691143041293,0.3874040766070768,0.4242490119625101
2019-04-03,1.0,1.0,0.0144323946748942,46.3178825378418,0.16711740683809886,0.3930943360692545,0.439788251504711
2019-04-04,1.0,1.0,0.0068315212100511,46.6353874206543,0.1857658951285065,0.36562354523740537,0.4486105596340879
2019-04-05,1.0,1.0,0.0017387471812753,46.71654510498047,0.22011139373688496,0.33265562169196555,0.44723299202173
2019-04-08,1.0,1.0,0.0066719528815935,47.02927780151367,0.23203269622808576,0.3180514517921074,0.4499158519798068
2019-04-09,0.0,1.0,0.0156134426021958,47.76932907104492,0.23040276757570846,0.2855852283220356,0.4840120003769655
2019-04-10,0.0,1.0,-0.0030028006347014,47.626102447509766,0.2492884424980646,0.3058081372921816,0.4449034276603343
2019-04-11,0.0,1.0,0.0055982833671399,47.89347457885742,0.26222852977658445,0.29394917524115344,0.4438222912569717
2019-04-12,1.0,1.0,-0.0083591020533824,47.49479675292969,0.24766621224991328,0.3176856940319538,0.434648082542262
2019-04-15,1.0,1.0,-0.0004022341845234,47.4756965637207,0.2425786369110297,0.30596880778748653,0.45145255157619335
2019-04-16,1.0,1.0,0.0018086607727016,47.561641693115234,0.23174705058108308,0.3148094692782946,0.4534434875912028
2019-04-17,1.0,1.0,0.0001002516397198,47.56641006469727,0.24240090790161514,0.262948476566488,0.4946506267077676
2019-04-18,1.0,1.0,0.0192857731643484,48.49266815185547,0.2239497261350613,0.2886113012532522,0.48743898378755735
2019-04-22,1.0,1.0,0.0035873884248364,48.66694259643555,0.2278116018497523,0.285041621257608,0.48714678434322023
2019-04-23,1.0,1.0,0.0032811631765382,48.82688903808594,0.21720023295771346,0.2880878488029011,0.4947119107888047
2019-04-24,-1.0,1.0,0.0143204610717051,49.53114318847656,0.24895992609925838,0.26234425973772424,0.4886958216135979
2019-04-25,-1.0,1.0,-0.0015435928846827,49.45474624633789,0.22157405576104428,0.28456223963691046,0.49386369342617426
2019-04-26,-1.0,1.0,-0.0091165294607871,49.00593948364258,0.2229096852295073,0.3133589788803011,0.46373134334077204
2019-04-29,-1.0,1.0,-0.0047854530184504,48.7719841003418,0.2380437520685651,0.3152423202563957,0.44671392767503915
2019-04-30,-1.0,1.0,0.0015160633844924,48.84598159790039,0.2646719889302036,0.25351840326314384,0.4818096078066525
2019-05-01,1.0,1.0,-0.0194438962979196,47.905399322509766,0.33089633816353875,0.15471489848106568,0.51438875776746
2019-05-02,-1.0,1.0,0.0479193442113043,50.25688552856445,0.28975182469078975,0.21840237763525536,0.4918457976739548
2019-05-03,-1.0,1.0,-0.0065291232205693,49.9298210144043,0.32100332466314013,0.19807450259330459,0.4809221727435552
2019-05-06,-1.0,1.0,0.0123545272390643,50.55050659179688,0.29769707704713155,0.25145784924605685,0.4508450811573921
2019-05-07,-1.0,1.0,-0.0155631709316029,49.76987075805664,0.30526100967226144,0.20695158297387103,0.4877874185297383
2019-05-08,-1.0,1.0,-0.0273271183422917,48.428218841552734,0.3471406979350594,0.23354589834781367,0.4193134111677073
2019-05-09,-1.0,1.0,0.0001972997196672,48.437774658203125,0.33103215139723524,0.1441284330913763,0.5248394043355175
2019-05-10,-1.0,1.0,-0.010802389243739,47.9173469543457,0.2968485013618243,0.15859947664932394,0.5445520145382711
2019-05-13,-1.0,1.0,-0.0139504999915636,47.253517150878906,0.3146292803463315,0.15414348169013994,0.531227230512948
2019-05-14,1.0,1.0,-0.0598767517937814,44.507171630859375,0.3894426322916318,0.1569961563318179,0.45356121510184044
2019-05-15,-1.0,-1.0,0.0157062511812325,45.21173095703125,0.44277473319753924,0.13581289644598513,0.42141236849383035
2019-05-16,-1.0,-1.0,0.0119080767632248,45.75333404541016,0.4141248135005787,0.18373914876148784,0.40213603773793327
2019-05-17,-1.0,1.0,-0.0044092535257178,45.552040100097656,0.30498974125065564,0.22829913551365816,0.4667111269609764
2019-05-20,-1.0,1.0,-0.0056979627333035,45.2932243347168,0.311068872590239,0.22742381640371762,0.46150731100604325
2019-05-21,-1.0,-1.0,-0.0317693818829887,43.87690353393555,0.42864952219199814,0.16079873301519781,0.41055173175428794
2019-05-22,-1.0,-1.0,0.018989370343279,44.71805953979492,0.4317500072683232,0.17623498950350552,0.3920150106787518
2019-05-23,-1.0,1.0,-0.0206838922252481,43.802616119384766,0.3345370551065593,0.20271407020672738,0.46274887468671316
2019-05-24,-1.0,1.0,-0.0172171183298977,43.05491638183594,0.35078199756443196,0.22889648460490558,0.4203215252812429
2019-05-28,-1.0,1.0,-0.0038477921542067,42.88956832885742,0.3257530402115833,0.2761388154604494,0.3981081294268062
2019-05-29,-1.0,1.0,-0.0041435897395058,42.71221923828125,0.3013175470255337,0.2771830422442269,0.4214993995543684
2019-05-30,-1.0,1.0,-0.004780380119558,42.50852584838867,0.3046046730845354,0.2732104713876279,0.42218484807725604
2019-05-31,-1.0,1.0,0.0051728276483561,42.72898483276367,0.33073812890763593,0.2799861501800085,0.3892757097364845
2019-06-03,1.0,1.0,-0.0182812874693312,41.95494079589844,0.2937575713503223,0.28020966519203727,0.4260327820840918
2019-06-04,1.0,1.0,-0.0101617134510311,41.53076553344727,0.28463435165123824,0.3014421062208148,0.41392354212794685
2019-06-05,1.0,1.0,0.0359307351795091,43.05012893676758,0.3280483625737862,0.2695766830888418,0.40237495433737186
2019-06-06,1.0,-1.0,0.0160141630962291,43.74509048461914,0.3726204363419114,0.28472272209371396,0.34265684901495513
2019-06-07,1.0,0.0,0.0145753466304109,44.38735961914063,0.3191082071048994,0.3792082941986929,0.30168348752053675
2019-06-10,0.0,0.0,0.02626874485196,45.568809509277344,0.34720043391373484,0.38314917130240944,0.26965039105856525
2019-06-11,0.0,0.0,0.0126982281514094,46.15114212036133,0.3559420678183397,0.3627824274578507,0.28127551217439006
2019-06-12,0.0,0.0,0.0115131645004965,46.6855583190918,0.32170273214477074,0.3897459126650573,0.28855136636604256
2019-06-13,0.0,0.0,-0.0031877787148356,46.53697204589844,0.3216842866296926,0.3938418574689344,0.2844738633519535
2019-06-14,1.0,0.0,-0.0002057691950773,46.52739715576172,0.3256167586402667,0.39145401081404557,0.28292923799626835
2019-06-17,1.0,0.0,-0.0072889320799704,46.18949508666992,0.331503991826832,0.3950951580481075,0.27340085012506044
2019-06-18,1.0,0.0,0.0059486751991891,46.46508026123047,0.3034821996428526,0.38932652890957314,0.3071912677222839
2019-06-19,0.0,0.0,0.0232462752211243,47.5578727722168,0.2657963364739912,0.44810874076162965,0.2860949115885082
2019-06-20,0.0,0.0,-0.0029267112948212,47.418888092041016,0.25776835843656926,0.42721607684544777,0.3150155684432733
2019-06-21,-1.0,0.0,0.0080036345616601,47.79993438720703,0.25802022525379065,0.4221097595131358,0.3198700040572026
2019-06-24,-1.0,0.0,-0.0034154357923635,47.63695526123047,0.2739460161813371,0.41834696525235565,0.30770701484101687
2019-06-25,-1.0,0.0,-0.0010068535709712,47.58901596069336,0.2766847561905006,0.396742924973546,0.3265723188359534
2019-06-26,1.0,0.0,-0.0152732670408522,46.8676986694336,0.3002276180535717,0.3870365980438367,0.3127357950784624
2019-06-27,1.0,0.0,0.0213985114384243,47.88140487670898,0.2408805844696635,0.40476693839788813,0.35435247713244833
2019-06-28,1.0,0.0,-0.0003004795863223,47.86701965332031,0.2333551091781918,0.40595058523761307,0.3606943093094854
2019-07-01,1.0,0.0,-0.0091536998450984,47.43085861206055,0.26214901446789485,0.4157242185099548,0.32212675957156967
2019-07-02,0.0,1.0,0.0181745350733054,48.30077362060547,0.23249573206505048,0.3827707151020913,0.3847335528328581
2019-07-03,-1.0,0.0,0.0058378010135592,48.58356857299805,0.25288652954088436,0.399301206499966,0.34781227140973014
2019-07-05,-1.0,0.0,0.0082524363828433,48.98616027832031,0.27256774730147704,0.3843959184728699,0.34303632677507234
2019-07-08,-1.0,0.0,-0.0008808194854595,48.94303131103515,0.29565596517185555,0.36199466773052635,0.3423493596470374
2019-07-09,1.0,1.0,-0.0208292643816673,47.93412780761719,0.29554295316421725,0.30697272548097954,0.39748433625596435
2019-07-10,1.0,1.0,0.0060808827324806,48.22649765014648,0.2993791942973451,0.26947744657840966,0.4311433703001162
2019-07-11,0.0,1.0,0.0098400653967929,48.703392028808594,0.3146702179759444,0.262448682591622,0.42288109943243346
2019-07-12,1.0,1.0,-0.007309235471342,48.34870529174805,0.33081979518072424,0.24632067805958852,0.4228595342102678
2019-07-15,0.0,1.0,0.0076536498727721,48.72016906738281,0.3246193787743882,0.23646166695040016,0.43891896917637296
2019-07-16,-1.0,1.0,0.0093511320493948,49.17789459228515,0.3088267342476577,0.2883808293094377,0.4027924438934851
2019-07-17,1.0,1.0,-0.0034661360632381,49.00773239135742,0.31824847650048077,0.23196163939294445,0.449789887831865
2019-07-18,1.0,1.0,-0.005639170131398,48.73214721679688,0.32945631360283556,0.2200636071165031,0.4504800643795003
2019-07-19,-1.0,1.0,0.0112954812264044,49.28572082519531,0.28200082417335914,0.28605486135921565,0.43194432936858623
2019-07-22,1.0,1.0,-0.0150399859207125,48.55001068115234,0.3574514304864086,0.20894757027578492,0.43360100296309684
2019-07-23,0.0,1.0,0.0225967588047189,49.65957260131836,0.33198327080307016,0.28658392299293,0.3814328136545803
2019-07-24,0.0,1.0,0.0077876432602629,50.047813415527344,0.28792456738970795,0.3108244398382139,0.40125100022265864
2019-07-25,1.0,1.0,-0.0008143724056369,50.00707244873047,0.27601426551675967,0.31681713000624284,0.4071686193781586
2019-07-26,1.0,1.0,-0.007938788250516,49.61164855957031,0.3025667201528782,0.23851864317817265,0.4589146254930782
2019-07-29,1.0,1.0,0.0034720602015117,49.7842025756836,0.3018402284492681,0.240958499836382,0.4572012791649304
2019-07-30,1.0,1.0,0.0092952182986622,50.249114990234375,0.27903278581362734,0.30762841451770206,0.41333879221808983
2019-07-31,1.0,1.0,-0.0043017412537313,50.03342056274414,0.3027053826385682,0.24279503090630083,0.45449957527926
2019-08-01,-1.0,1.0,0.0201988463653743,51.05431365966797,0.2826833077340948,0.285212055861402,0.43210464758037403
2019-08-02,-1.0,1.0,-0.02187645475918,49.949554443359375,0.31044911844467993,0.24315157794255468,0.44639932223921686
2019-08-05,-1.0,-1.0,-0.0213853238803318,48.89270782470703,0.39982260152815263,0.2509138599251298,0.34926352737084665
2019-08-06,1.0,1.0,-0.0537677967459001,46.33327865600586,0.34784785487830583,0.17144577763592808,0.4807063600351854
2019-08-07,1.0,1.0,0.0187533310311779,47.21038055419922,0.2793420388732346,0.27088666309760023,0.44977131293032624
2019-08-08,1.0,1.0,0.0103019437123307,47.69925308227539,0.28257336948624523,0.2715498509961918,0.4458767720669823
2019-08-09,1.0,1.0,0.0218162977831945,48.75130844116211,0.3241332567445453,0.2764536094161663,0.3994131487404495
2019-08-12,1.0,1.0,-0.0082742886374587,48.34959030151367,0.29756753754940657,0.3092347291221056,0.3931977333284877
2019-08-13,1.0,1.0,-0.0025408290583527,48.226898193359375,0.2938386511010327,0.32626926964336744,0.37989208298089006
2019-08-14,-1.0,-1.0,0.041476011228141,50.26921844482422,0.36505606585352257,0.28534736504870317,0.34959657282306456
2019-08-15,1.0,-1.0,-0.0302168559151419,48.7729606628418,0.3569041649507588,0.34303225369489637,0.30006358135434474
2019-08-16,1.0,0.0,-0.0049937790461733,48.530006408691406,0.3032278537180502,0.37066311863583784,0.3261090276461119
2019-08-19,1.0,0.0,0.0233207062947328,49.6750602722168,0.2826315876655075,0.4082707670108598,0.3090976453236327
2019-08-20,-1.0,-1.0,0.0184722917096415,50.601200103759766,0.38279456920946997,0.37483723501642385,0.2423682069499771
2019-08-21,-1.0,0.0,4.734222056252965e-05,50.60359573364258,0.2646618681633445,0.4810953887118271,0.25424273194895736
2019-08-22,-1.0,0.0,0.0107804564849199,51.152076721191406,0.2579856150906895,0.49046075729578514,0.25155363133881564
2019-08-23,-1.0,0.0,-0.0008468662260983,51.1087760925293,0.29764596025765033,0.4288540664977635,0.2734999806951668
2019-08-26,0.0,-1.0,-0.0473227865215393,48.74650192260742,0.3872294989295313,0.35290089731363083,0.25986960375683793
2019-08-27,0.0,-1.0,0.0188211815675907,49.67265701293945,0.3824954288688314,0.35594797635535524,0.26155660222639393
2019-08-28,0.0,0.0,-0.0113481198879937,49.112152099609375,0.3522258570703437,0.3849742338769156,0.26279989787686975
2019-08-29,1.0,0.0,0.0066879276523512,49.44171142578125,0.2590450712586686,0.37323952692208395,0.3677153980939569
2019-08-30,0.0,0.0,0.0167903214348543,50.27886199951172,0.24996418499137485,0.48888585753753816,0.261149957471087
2019-09-03,0.0,0.0,-0.0012927631671178,50.213905334472656,0.24208819762823805,0.46005104285604526,0.29786076324100696
2019-09-04,1.0,0.0,-0.0146707937572003,49.48260498046875,0.24671908532492945,0.41689485079292127,0.3363860527062784
2019-09-05,1.0,1.0,0.0168242440869712,50.3221549987793,0.2434581565109542,0.3346663928810397,0.4218754617838769
2019-09-06,1.0,0.0,0.0193627827412675,51.30602645874024,0.27354346363994614,0.4032779232680481,0.323178616817296
2019-09-09,1.0,0.0,-9.376206073433043e-05,51.30121612548828,0.2580799020356923,0.43756678290888956,0.30435331878070837
2019-09-10,1.0,0.0,0.0042580760528698,51.52012634277344,0.296983627208809,0.3869160235361396,0.31610035670563197
2019-09-11,1.0,0.0,0.0117439365949005,52.12874221801758,0.28665515912455086,0.3850084689909108,0.32833636443395764
2019-09-12,-1.0,0.0,0.0313001308397082,53.78618240356445,0.3260597455614741,0.3592008381793294,0.3147394013580353
2019-09-13,-1.0,0.0,-0.0022387889691041,53.66590118408203,0.3113177615857167,0.3696035173423181,0.3190787285225457
2019-09-16,0.0,0.0,-0.0196456727711068,52.62188720703125,0.30201737259410244,0.37674032369490407,0.32124231861215463
2019-09-17,0.0,0.0,0.0052431761578071,52.89851760864258,0.28790776208910585,0.38181642344295874,0.33027582936909655
2019-09-18,0.0,0.0,0.0036313804130846,53.09096145629883,0.27806948912635165,0.38159786578948873,0.3403326599853207
2019-09-19,-1.0,0.0,0.0093356449969004,53.58892059326172,0.24359144385573983,0.38759728401877425,0.36881126840019546
2019-09-20,0.0,0.0,-0.0081581795379047,53.15351104736328,0.21757900686321752,0.4190554073692393,0.36336559321812356
2019-09-23,0.0,0.0,-0.0147257959431025,52.37651824951172,0.21169945922501063,0.4359434727494665,0.3523570773387486
2019-09-24,1.0,1.0,0.0045363185026347,52.614654541015625,0.2069511702704656,0.3884131214513168,0.40463570082763695
2019-09-25,1.0,1.0,-0.0047661305112326,52.36448287963867,0.23727328381578106,0.3596549097459455,0.40307181016356375
2019-09-26,0.0,1.0,0.0152725549873522,53.17036056518555,0.25753657602284064,0.3569675723942798,0.38549585530816977
2019-09-27,1.0,1.0,-0.0051712975617448,52.89611053466797,0.2510457930289216,0.31569840776551145,0.43325578430440576
2019-09-30,1.0,1.0,-0.0048778128332254,52.63872146606445,0.2639793057885479,0.31822861366744115,0.4177920842693013
2019-10-01,-1.0,1.0,0.0232625555784095,53.877586364746094,0.27036702683357194,0.3144148422183102,0.4152181234975371
2019-10-02,-1.0,1.0,0.002764291738041,54.02672576904297,0.3068096314170815,0.27465610078622976,0.4185342715219789
2019-10-03,1.0,-1.0,-0.0253873643174059,52.672393798828125,0.39616532509499314,0.2511924993381812,0.3526421718415352
2019-10-04,1.0,1.0,0.0084589156417929,53.11983489990234,0.3759536580226819,0.2308875474675406,0.39315877960861645
2019-10-07,1.0,1.0,0.0276460931094344,54.60887908935547,0.2939545608293139,0.3490650034525848,0.3569804282675206
2019-10-08,1.0,0.0,0.0002202980570365,54.62091064453125,0.3088880578293657,0.36374855298083114,0.3273633817392226
2019-10-09,1.0,1.0,-0.0117841794571794,53.98102569580078,0.329071145944993,0.27437913936112296,0.3965497072433035
2019-10-10,1.0,0.0,0.0116521042350149,54.61369705200195,0.31396571155916586,0.35488580957139415,0.33114848259473023
2019-10-11,1.0,1.0,0.01338819687534,55.34979248046875,0.31494788168758103,0.2789435053590338,0.4061086166786754
2019-10-14,0.0,1.0,0.0262508414533795,56.8220100402832,0.32042780326407094,0.32465240865249506,0.3549197992593047
2019-10-15,1.0,1.0,-0.0014405274758896,56.74021530151367,0.3245224369743286,0.3313682774705492,0.3441092930057026
2019-10-16,1.0,1.0,-0.0023343582702684,56.60791778564453,0.2899678615905661,0.3390138103181366,0.3710183355418778
2019-10-17,1.0,1.0,-0.0040452543949531,56.37938690185547,0.25340225222922413,0.33404549561878444,0.4125522521519913
2019-10-18,1.0,1.0,0.0038749502884907,56.5982780456543,0.2468650930392048,0.34315668818582024,0.40997821132439427
2019-10-21,1.0,1.0,0.0047915274899698,56.87012100219727,0.25605807730097735,0.3420476734354081,0.4018942418130339
2019-10-22,1.0,1.0,0.0171941132981731,57.856407165527344,0.2521293611702649,0.3364298995078554,0.41144074304717
2019-10-23,1.0,1.0,-0.0022894694452054,57.724098205566406,0.23397127256299918,0.3769003758529108,0.38912833668292873
2019-10-24,1.0,1.0,0.0133295893945005,58.49868774414063,0.23451676188366374,0.3660044570152729,0.3994787922769341
2019-10-25,1.0,1.0,0.0016437001220901,58.59492111206055,0.23495810182903526,0.37187335435860697,0.39316854008706725
2019-10-28,-1.0,1.0,0.0122409975391971,59.31658935546875,0.2373752848037805,0.33999383433126207,0.42263087713966707
2019-10-29,-1.0,1.0,0.0099671483041078,59.910762786865234,0.23807511776911774,0.3419502679928087,0.4199746142380735
2019-10-30,1.0,1.0,-0.0233995867364179,58.525150299072266,0.22738466981287556,0.38588605594284375,0.3867292667937
2019-10-31,1.0,1.0,-0.0001233290689025,58.5179328918457,0.2351825789699509,0.36813535096368427,0.3966820775169453
2019-11-01,1.0,0.0,0.022357785704628,59.84099960327149,0.27225946338298906,0.3732497790132766,0.3544907725048954
2019-11-04,1.0,0.0,0.0279854988111855,61.53933334350586,0.24785220523611218,0.37656668755322803,0.37558109976007914
2019-11-05,1.0,0.0,0.0065456580143123,61.9434700012207,0.23464771440468327,0.3967865143248662,0.3685657787210311
2019-11-06,1.0,0.0,-0.0014378384283347,61.854469299316406,0.23441221185221073,0.38827272398411544,0.37731507161425426
2019-11-07,1.0,1.0,0.0004276048297376,61.88092422485352,0.2139537134789063,0.36035048378493556,0.4256957934229323
2019-11-08,1.0,1.0,0.0114750453638332,62.59510040283203,0.235039998765454,0.36420351840573006,0.4007564902793965
2019-11-11,1.0,1.0,0.0027333681161482,62.76642990112305,0.2207889364103526,0.3502140520818436,0.4289970115078038
2019-11-12,1.0,1.0,0.0078875088267523,63.263458251953125,0.21250062942543166,0.34919239114901013,0.43830696452439705
2019-11-13,1.0,1.0,-0.0009158121069941,63.20554733276367,0.2183635787201103,0.34048233066051525,0.4411540943446648
2019-11-14,0.0,1.0,0.0095356827619223,63.81113815307617,0.22631259197545736,0.3270182647857389,0.4466691357882232
2019-11-15,1.0,1.0,-0.0069432275745104,63.3696174621582,0.21976045223564827,0.3387314551197352,0.44150809264461643
2019-11-18,-1.0,1.0,0.0118094427632218,64.1224136352539,0.2454848445661646,0.3050301789032088,0.4494849802559169
2019-11-19,-1.0,1.0,0.0050293008521094,64.44571685791016,0.251515133362716,0.29201830691438274,0.45646656344819136
2019-11-20,-1.0,1.0,-0.0030369155194377,64.25029754638672,0.25998829762650666,0.30594078908648265,0.4340708983858495
2019-11-21,1.0,0.0,-0.0117100447733179,63.50231170654297,0.29552357036573434,0.3747167743758171,0.3297596478078679
2019-11-22,1.0,1.0,-0.004493297201953,63.21761703491211,0.3239021830070546,0.33473193739458507,0.3413658870489409
2019-11-25,1.0,1.0,-0.0008785474981761,63.16210174560547,0.3027004331914147,0.324607935255092,0.37269161665233197
2019-11-26,-1.0,1.0,0.0173820315088941,64.26958465576172,0.3251970334012533,0.2777067829823827,0.3970961649899125
2019-11-27,1.0,1.0,-0.0078391030311868,63.76773834228515,0.33334429106681623,0.26171369396856886,0.4049420186899051
2019-11-29,-1.0,-1.0,0.0133427235671361,64.62427520751953,0.44208147768546535,0.18907062850816006,0.3688478938063745
2019-12-02,-1.0,-1.0,-0.0022055054367111,64.48190307617188,0.5040961380722764,0.15724707213086908,0.3386567804836287
2019-12-03,-1.0,-1.0,-0.011629253353989,63.73637008666992,0.4475643881152631,0.16072314139298424,0.39171246862910747
2019-12-04,1.0,1.0,-0.0179913236403713,62.59992218017578,0.3716805673392462,0.1712532758721347,0.45706616423919955
2019-12-05,1.0,1.0,0.0087877996883467,63.152462005615234,0.41161602938057185,0.14631316001559608,0.44207081619176747
2019-12-06,1.0,1.0,0.014564542440186,64.0789794921875,0.429749490005749,0.11253652448656763,0.45771398271371555
2019-12-09,-1.0,-1.0,0.0191320113595144,65.31674194335938,0.4906223712835816,0.15311025078939114,0.3562673891028981
2019-12-10,1.0,-1.0,-0.0140990731710684,64.40229797363281,0.45556283369745376,0.11267722539796747,0.43175993997325623
2019-12-11,1.0,-1.0,0.0058272045091815,64.77867889404297,0.4881793650093592,0.12077244110162336,0.3910481966829851
2019-12-12,1.0,-1.0,0.0084935420869191,65.33122253417969,0.4959531882750146,0.190178440984914,0.31386837074007135
2019-12-13,1.0,-1.0,0.0025449033819549,65.49769592285156,0.5283630866864258,0.19107376759055233,0.2805631382724411
2019-12-16,1.0,-1.0,0.0135017041051076,66.38802337646484,0.4817171209895503,0.16656131903888277,0.35172156742214755
2019-12-17,0.0,-1.0,0.016973230845041,67.52445983886719,0.4007627519109486,0.2096052952249044,0.389631941688276
2019-12-18,0.0,1.0,0.0019630310703292,67.65714263916016,0.37030682302674833,0.2533925910416598,0.37630057475572093
2019-12-19,1.0,1.0,-0.002391909161781,67.4955062866211,0.34933863074377025,0.26897099542697894,0.3816903812798313
2019-12-20,1.0,1.0,0.0010000908055486,67.56304168701172,0.34227953412458667,0.2835877115961476,0.3741327431033948
2019-12-23,1.0,1.0,-0.0020732611823512,67.42311096191406,0.37470557735089216,0.24100040257959537,0.38429402752009306
2019-12-24,1.0,1.0,0.0161866521977211,68.52334594726562,0.3447114907581061,0.25742488479191966,0.3978636281752645
2019-12-26,1.0,1.0,0.000950281246902,68.58849334716797,0.3287573871342776,0.26887453905767716,0.4023680663574647
2019-12-27,1.0,1.0,0.0196461650737203,69.9493179321289,0.2600249067108284,0.3525777564682859,0.3873973405461759
2019-12-30,1.0,1.0,-0.0003795276568105,69.92277526855469,0.23643012772194244,0.35751876362305757,0.406051108655
2019-12-31,1.0,1.0,0.0059173717554819,70.33776092529297,0.22705691593017233,0.36589499404765397,0.407048093747464
2020-03-16,-1.0,1.0,0.1131574268316333,67.22760009765625,0.3851837692183129,0.17501095416929469,0.4398052728871021
2020-03-17,-1.0,-1.0,-0.1377078933337265,58.578983306884766,0.42074608746202147,0.15876806408524566,0.42048585590331344
2020-03-18,-1.0,1.0,0.0430307539063004,61.15470123291016,0.40430244322561276,0.17048788275217236,0.4252096777475052
2020-03-19,-1.0,1.0,-0.0247847348463533,59.65762710571289,0.4067102031938464,0.17331129669827833,0.4199784814814238
2020-03-20,-1.0,1.0,-0.0076914286934578,59.20053482055664,0.4028551172979253,0.17677797730115402,0.4203668867744692
2020-03-23,1.0,-1.0,-0.0655903014850317,55.44215774536133,0.4246692028990757,0.16154155008792645,0.4137892544635783
2020-03-24,1.0,-1.0,-0.0214729953972941,54.26433944702149,0.4213568845566059,0.1628614684150056,0.4157816544789691
2020-03-25,0.0,1.0,0.0956058943063122,59.70842742919922,0.39412119136901336,0.1828508195100765,0.42302799657149087
2020-03-26,0.0,1.0,-0.0055241018341333,59.37950134277344,0.3807663897318734,0.2029306721494958,0.41630294556921144
2020-03-27,-1.0,0.0,0.0512851098388517,62.50422668457031,0.3177291533773981,0.3535372082322871,0.32873364584089537
2020-03-30,0.0,0.0,-0.0422835905984663,59.91641998291016,0.29855540401629965,0.4044446549628385,0.29699994474615216
2020-03-31,0.0,0.0,0.0281381498370421,61.62630081176758,0.2612930269041404,0.44985594298358583,0.2888510301122736
2020-04-01,0.0,0.0,-0.0020426959278355,61.50054550170898,0.23812978174443963,0.4910265596273146,0.2708436567656005
2020-04-02,1.0,0.0,-0.0540519489493905,58.26456451416016,0.256578465872113,0.4760034671332548,0.2674180669946321
2020-04-03,1.0,0.0,0.016548893985405,59.23680114746094,0.2613571217222055,0.46944426007476425,0.2691986182030302
2020-04-06,1.0,0.0,-0.0144755825461769,58.38549041748047,0.2726082496849754,0.44401675032587923,0.2833750186155968
2020-04-07,1.0,0.0,0.0836399940507958,63.47888946533203,0.21886453655855043,0.5101925496376485,0.27094290635322027
2020-04-08,1.0,0.0,-0.0116499862336901,62.74365234375,0.21250525902761142,0.5212921243298794,0.2662026166425091
2020-04-09,0.0,0.0,0.0252728558702536,64.34957122802734,0.19925485764328438,0.5314575309560385,0.26928762257654804
2020-04-13,0.0,0.0,0.0071899921053846,64.81391143798828,0.18782229079752877,0.5598043885748196,0.2523733169023611
2020-04-14,0.0,0.0,0.0194375625255406,66.0860595703125,0.19245656581323434,0.5358742153997524,0.2716692262375937
2020-04-15,-1.0,0.0,0.0492691408099618,69.4236068725586,0.18816818255103576,0.5627760296544524,0.24905579524509236
2020-04-16,-1.0,0.0,-0.009169011124789,68.78997039794922,0.18323209951299405,0.5622895299832562,0.25447836305316907
2020-04-17,-1.0,0.0,0.0079140879549905,69.33654022216797,0.17668221945503595,0.5855912198221447,0.23772655886017413
2020-04-20,-1.0,0.0,-0.0136615495121138,68.39573669433594,0.178857610918379,0.5723459627516501,0.24879642260468038
2020-04-21,0.0,0.0,-0.0209750392533356,66.97607421875,0.18338085921572522,0.5665389979077949,0.2500801559149958
2020-04-22,1.0,0.0,-0.03139811585857,64.90582275390625,0.20332895230280956,0.5271878067836508,0.2694832483641202
2020-04-23,0.0,0.0,0.0283965847762453,66.77534484863281,0.2147285721896064,0.5120512661405352,0.2732201747083743
2020-04-24,1.0,0.0,-0.0038825886569318,66.51658630371094,0.22759299104977632,0.4863055232984753,0.2861014837891031
2020-04-27,0.0,0.0,0.0284601095250404,68.43685150146484,0.22772690939822943,0.48533710122621937,0.2869359968261317
2020-04-28,0.0,0.0,0.0007067613796703,68.48523712158203,0.22793394968179803,0.4826086160596784,0.2894574417091042
2020-04-29,1.0,0.0,-0.0163421380610277,67.37513732910156,0.23835766898661864,0.4586777178576467,0.30296460943044434
2020-04-30,1.0,0.0,0.0323170210668205,69.58806610107422,0.23910657984005257,0.4703764669905136,0.2905169606200142
2020-05-01,0.0,0.0,0.0208768171124631,71.05611419677734,0.24941031461523727,0.4736417835540968,0.27694789810537557
2020-05-04,1.0,0.0,-0.0162303781253855,69.91215515136719,0.23919156364046024,0.4487770041242156,0.31203143223532404
2020-05-05,1.0,0.0,0.014049866295667,70.9013442993164,0.23966715443924383,0.4230330746182709,0.3372997783930658
2020-05-06,1.0,0.0,0.0148972299304265,71.96548461914062,0.26118307311085287,0.42685189718441113,0.31196503343002624
2020-05-07,1.0,0.0,0.0102644836863496,72.70797729492188,0.2706133955620552,0.4070698782721261,0.32231670753936714
2020-05-08,1.0,0.0,0.0102916860365475,73.46012878417969,0.2718215705617922,0.40603227289688015,0.3221461677171986
2020-05-11,0.0,0.0,0.0235228312388841,75.20860290527344,0.26077259803458064,0.42637641324502085,0.3128509924456888
2020-05-12,-1.0,0.0,0.0156126311428855,76.39202117919922,0.2507625462003378,0.44509559888863337,0.3041418660868998
2020-05-13,0.0,0.0,-0.0114937097665752,75.5190200805664,0.25816661814919584,0.44783873267609586,0.293994645449418
2020-05-14,1.0,0.0,-0.0121480317870076,74.60716247558594,0.26064160930291186,0.4513122459678257,0.2880461447292624
2020-05-15,1.0,0.0,0.0061247327175121,75.06551361083984,0.2697563021301158,0.4292093968429996,0.30103429357630396
2020-05-18,1.0,0.0,-0.005929740220322,74.62171173095703,0.28991371034724467,0.40329388611146516,0.30679240354129006
2020-05-19,0.0,0.0,0.0232882402414676,76.37991333007812,0.30493241165059737,0.36917749065336136,0.32589010887191217
2020-05-20,0.0,0.0,-0.005795349329636,75.93854522705078,0.3264426841807786,0.3434263330176298,0.3301309939774625
2020-05-21,0.0,0.0,0.0192612004817226,77.41539001464844,0.3038032541832015,0.3506798442486424,0.3455168978428659
2020-05-22,0.0,1.0,-0.0074830455105867,76.83824920654297,0.3237029157657608,0.3238592201395128,0.35243785291885543
2020-05-26,0.0,1.0,0.006417729011653,77.33296203613281,0.3205132025749825,0.315515011805082,0.3639717856199355
2020-05-27,1.0,1.0,-0.0067965983182428,76.80914306640625,0.34571971607465696,0.2957532092079848,0.35852706354148733
2020-05-28,1.0,1.0,0.0043472173531249,77.1437759399414,0.3495216519499622,0.2753381157015181,0.3751402248979392
2020-05-29,1.0,1.0,0.0004402975446258,77.17774963378906,0.37628134251262424,0.21764170397691268,0.40607696841162433
2020-06-01,1.0,1.0,-0.0009746893597214,77.1025619506836,0.38332683225421815,0.20288914572758543,0.4137840145676158
2020-06-02,1.0,1.0,0.0122233430692168,78.05079650878906,0.34766918797670787,0.18745996816894947,0.46487085875550394
2020-06-03,1.0,1.0,0.0046187143215507,78.41212463378906,0.35538986831396396,0.16415877996228256,0.48045135172375353
2020-06-04,1.0,1.0,0.0054899633309029,78.84378814697266,0.35506199876979194,0.16447063792776317,0.48046737447831583
2020-06-05,1.0,1.0,-0.0086494691217077,78.1647720336914,0.37173351875720756,0.15047951925129088,0.4777869731673724
2020-06-08,1.0,1.0,0.0280828699349487,80.39097595214844,0.32542262071373773,0.19815038950009128,0.47642697488500974
2020-06-09,1.0,1.0,0.005895085237278,80.86628723144531,0.31149455325914654,0.21060862505456784,0.47789683286215656
2020-06-10,1.0,1.0,0.0310897706897174,83.41989135742188,0.2843046891518585,0.2849703987676734,0.43072489717930695
2020-06-11,-1.0,1.0,0.0254018678306425,85.56605529785156,0.2818693831175897,0.34885794277780635,0.36927267410460396
2020-06-12,1.0,0.0,-0.0492012893236751,81.4579849243164,0.31769678377967864,0.35802872223729676,0.32427450515889555
2020-06-15,1.0,1.0,0.008596567090709,82.16126251220703,0.33604189282861596,0.3010733790408425,0.3628847318558319
2020-06-16,1.0,1.0,0.0122913615557528,83.1773681640625,0.3387579650358992,0.27954595820204026,0.38169607303677017
2020-06-17,1.0,1.0,0.0261571971046061,85.38175964355469,0.29423370259539205,0.3278474674753532,0.37791881875338396
2020-06-18,1.0,1.0,-0.0013926035823139,85.262939453125,0.29691100215758803,0.32240906071689895,0.3806799445760937
2020-06-19,1.0,1.0,0.0003981996704106,85.2968978881836,0.29821133350417495,0.31334351177800823,0.3884451584431073
2020-06-22,1.0,1.0,-0.0057310422566856,84.80945587158203,0.34690698985645846,0.2844802192403419,0.3686127834526191
2020-06-23,0.0,1.0,0.0258272433415728,87.02838134765625,0.2963835558898236,0.3105496070258417,0.3930668333590444
2020-06-24,-1.0,1.0,0.0211201223139881,88.88597869873047,0.28531100898995915,0.3495333972025705,0.3651555938074705
2020-06-25,0.0,1.0,-0.0178094822045596,87.31697845458984,0.3093674088942052,0.31957299856701493,0.37105959253877985
2020-06-26,-1.0,1.0,0.0131880157808207,88.47614288330078,0.2957580778249575,0.3256429065349784,0.37859900818948355
2020-06-29,1.0,-1.0,-0.0312078001489163,85.75763702392578,0.36373282258638145,0.2850769805512681,0.3511902117635116
2020-06-30,1.0,1.0,0.0227854226982776,87.73409271240234,0.37125772488604153,0.24757221295054344,0.3811700547128345
2020-07-01,1.0,1.0,0.0083125992434687,88.4664306640625,0.35902503283940324,0.23525344256367675,0.4057215283222103
2020-07-02,1.0,1.0,-0.0018931325689159,88.29911041259766,0.38919722406056945,0.21061997127426169,0.40018281211574946
2020-07-06,1.0,1.0,0.0,88.29911041259766,0.3925289943494354,0.19636084763435435,0.41111015801621037
2020-07-07,0.0,1.0,0.0263984551936275,90.6611099243164,0.3394508999149302,0.24062769626796332,0.4199214038171065
2020-07-08,1.0,1.0,-0.0031073716801163,90.37982940673828,0.35676973209303753,0.22987792564363158,0.41335234971391155
2020-07-09,0.0,1.0,0.0230228845332284,92.48477172851562,0.3072820586678098,0.2847276003940131,0.40799034466346734
2020-07-10,0.0,1.0,0.0042910849091586,92.88248443603516,0.28999364309755343,0.31408854045341184,0.39591782762490557
2020-07-13,0.0,1.0,0.0017476495203298,93.04495239257812,0.29232488538198326,0.3052023926931473,0.4024727219248694
2020-07-14,1.0,1.0,-0.0046235699587898,92.6157455444336,0.30681975365444214,0.28102668416859505,0.41215356590225316
2020-07-15,0.0,1.0,0.0164129263828856,94.14838409423828,0.29358574465870707,0.29627956137973155,0.41013469768685157
2020-07-16,0.0,1.0,0.0068534876643642,94.79584503173828,0.295491475879594,0.29809572596273015,0.40641279443238554
2020-07-17,-1.0,1.0,-0.0123809567469643,93.6294174194336,0.3357067065118029,0.2701732264030973,0.39412007081039
2020-07-20,1.0,1.0,-0.0020224647635261,93.44024658203124,0.3680152467810603,0.2554048712542404,0.3765798894152798
2020-07-21,-1.0,1.0,0.0208550379006181,95.40940856933594,0.33246796542546275,0.27033789138536823,0.3971941357385883
2020-07-22,-1.0,-1.0,-0.0138978138229648,94.09259796142578,0.39672804489592,0.21477572485850496,0.3884962451467362
2020-07-23,-1.0,-1.0,0.0028052941792704,94.35692596435548,0.40291716135886607,0.20379136549505456,0.39329148804724046
2020-07-24,1.0,1.0,-0.0465846992778509,90.06214904785156,0.37710076200603365,0.15505963069435735,0.46783962220077024
2020-07-27,1.0,1.0,-0.0024805774007461,89.83901977539062,0.3698702416390428,0.1445843706151053,0.4855454026470132
2020-07-28,1.0,1.0,0.0234238047948553,91.96823120117188,0.3756096582870798,0.1448559779283298,0.47953436750988065
2020-07-29,1.0,1.0,-0.0165638734323817,90.45742797851562,0.3703225564978206,0.12464325096281058,0.5050342018525946
2020-07-30,1.0,1.0,0.0189868427616219,92.19133758544922,0.38501812379446465,0.12588910668827785,0.48909277696783815
2020-07-31,1.0,1.0,0.0120274778176375,93.3068618774414,0.39252013520167073,0.1284548634488475,0.4790250013494818
2020-08-03,1.0,1.0,0.0995638636157541,103.07506561279295,0.3297927004112424,0.253601914342966,0.4166053926963722
2020-08-04,1.0,1.0,0.0248853021995757,105.67230224609376,0.2656032705605514,0.3597708745612398,0.37462586977937
2020-08-05,1.0,0.0,0.006655812334,106.37798309326172,0.23270599274001486,0.4132291550375189,0.35406484477188566
2020-08-06,0.0,0.0,0.0036182304708493,106.76358032226562,0.22608550283136425,0.44184383230488233,0.3320706574131728
2020-08-07,-1.0,0.0,0.0342943984870523,110.4884796142578,0.2192984448141074,0.45307503022916873,0.3276265324073045
2020-08-10,0.0,0.0,-0.0229981994803766,107.9764404296875,0.20597001907109158,0.4792689244162101,0.3147610639632788
2020-08-11,-1.0,0.0,0.0144302178586963,109.54586029052734,0.21119059913720797,0.47193350897612596,0.3168758918866661
2020-08-12,1.0,0.0,-0.0301910107043421,106.2879867553711,0.2598405526646282,0.4623147039882143,0.27784475079773807
2020-08-13,0.0,0.0,0.032693727401226,109.82036590576172,0.23260589907064438,0.44902707724963253,0.3183670385808843
2020-08-14,0.0,0.0,0.0175430331852921,111.76394653320312,0.2297962735177473,0.4507084955653039,0.31949523836752936
2020-08-17,1.0,0.0,-0.0008916452290969,111.66433715820312,0.23764613577063692,0.44047261752736633,0.3218812541525773
2020-08-18,1.0,0.0,-0.002614430118177,111.3727798461914,0.26137848605864766,0.42797003270391665,0.3106514700615648
2020-08-19,1.0,0.0,0.0082984104779692,112.30084228515624,0.27112206800696304,0.4095917107105945,0.31928621010657166
2020-08-20,1.0,0.0,0.0012539439444573,112.4417495727539,0.2910818629505245,0.3722231230361163,0.3366950140133592
2020-08-21,1.0,1.0,0.0219471559165918,114.93680572509766,0.295591184044042,0.34234330801445384,0.3620654967656333
2020-08-24,0.0,0.0,0.0502484371887496,120.8597640991211,0.2568030070473311,0.3891750289563909,0.35402196027098776
2020-08-25,0.0,0.0,0.0118892116480023,122.30526733398438,0.2429820976802432,0.41619776921005713,0.34082013310969966
2020-08-26,1.0,0.0,-0.0082376084121409,121.3019027709961,0.2446921654695011,0.4074682778281282,0.3478395678782416
2020-08-27,1.0,0.0,0.0135074658577117,122.95149993896484,0.25286934271076744,0.3985322465256078,0.34859841076362463
2020-08-28,1.0,0.0,-0.0120262324301157,121.4817123413086,0.2705998505725379,0.37838994692229944,0.3510101987798724
2020-08-31,1.0,1.0,-0.0016213124476141,121.284912109375,0.2953490359063325,0.3410431914964282,0.363607768871949
2020-09-01,1.0,1.0,0.0333497900111972,125.39794158935548,0.3034459651310695,0.32972669007715194,0.36682734479177864
2020-09-02,-1.0,1.0,0.0390596247395055,130.39285278320312,0.29196691931918556,0.35273892985500394,0.35529416200168135
2020-09-03,-1.0,1.0,-0.0209358516591412,127.69134521484376,0.2931059501843045,0.35212060185089084,0.354773451690095
2020-09-04,-1.0,-1.0,-0.0834479322184569,117.46824645996094,0.4611904235676886,0.1932182485158328,0.3455913241911881
2020-09-08,-1.0,-1.0,0.0006617368209337,117.54600524902344,0.47235289579603923,0.16424577974998747,0.363401320728683
2020-09-09,0.0,-1.0,-0.0696664243781012,109.63573455810548,0.45853254024494894,0.139509123964722,0.4019583320650388
2020-09-10,-1.0,-1.0,0.0391115735768707,114.00872039794922,0.45346433091278227,0.14463974952658284,0.40189591956063486
2020-09-11,0.0,-1.0,-0.0331905182762246,110.2868194580078,0.4627210357539418,0.13876780892863572,0.39851114786684183
2020-09-14,-1.0,-1.0,-0.0132156357115351,108.83889770507812,0.45783147708710936,0.13020728954406086,0.41196122591824924
2020-09-15,-1.0,-1.0,0.0295586007946998,112.10404205322266,0.46037998403390024,0.14008886669208337,0.39953114927401634
2020-09-16,-1.0,-1.0,0.0015593162733509,112.27898406982422,0.46222984995631244,0.14059439675897553,0.397175753284712
2020-09-17,-1.0,-1.0,-0.029957906622722,108.96522521972656,0.45555214312301784,0.13088386501184407,0.41356399186513815
2020-09-18,0.0,-1.0,-0.0160925497956299,107.2257308959961,0.45691218064833844,0.12721280428518025,0.41587500761590074
2020-09-21,1.0,-1.0,-0.0322341896629763,103.8245086669922,0.44031474757839256,0.12380334619458751,0.43588190995231024
2020-09-22,1.0,-1.0,0.0298750468769501,106.97306823730467,0.4530884627825203,0.13951776289700749,0.4073937705951819
2020-09-23,-1.0,-1.0,0.015593658196718,108.65424346923828,0.45538941531958427,0.14236811261452256,0.40224248324176404
2020-09-24,1.0,-1.0,-0.042851268892831,104.09661865234376,0.4493017875812543,0.1306462718070383,0.4200519406117074
2020-09-25,1.0,-1.0,0.0102166467605893,105.16558837890624,0.4517010929583624,0.14399982494714786,0.4042990783691993
2020-09-28,0.0,-1.0,0.0368293633492705,109.11097717285156,0.46397371242932217,0.13791307266326117,0.3981132260832875
2020-09-29,0.0,-1.0,0.0235884539773326,111.71533203125,0.46384539149071974,0.15337782524073174,0.38277678326854847
2020-09-30,0.0,-1.0,-0.0075964146643562,110.86991119384766,0.45031548891637596,0.1644725370876394,0.3852119739959846
2020-10-01,0.0,-1.0,0.0149631785920664,112.54135131835938,0.4372879128650587,0.2650272066906497,0.29768488789487224
2020-10-02,0.0,-1.0,0.0084265236036669,113.49369049072266,0.3897439411656363,0.33948480083617677,0.27077126544876745
2020-10-05,0.0,-1.0,-0.0328126094632547,109.8301010131836,0.4108633824855469,0.28809416975716423,0.30104244403199854
2020-10-06,1.0,-1.0,0.0303264356579792,113.21187591552734,0.38503048205875384,0.33873753682557695,0.27623198111566927
2020-10-07,1.0,-1.0,-0.0290884254034071,109.96615600585938,0.40007408904713254,0.2967568048389456,0.303169094938051
2020-10-08,1.0,-1.0,0.0168248330529266,111.83197021484376,0.38080772775654237,0.3202503295420768,0.29894195387725164
2020-10-09,1.0,-1.0,-0.0009565879448234,111.72504425048828,0.37827251938878037,0.32044967274209013,0.3012778004185489
2020-10-12,1.0,-1.0,0.0172462567680144,113.66859436035156,0.35379883228025,0.35212689785067475,0.29407428477023645
2020-10-13,-1.0,0.0,0.0615848637092317,120.88890838623048,0.28639296643501816,0.4139716555869096,0.2996353817033625
2020-10-14,-1.0,0.0,-0.026885687392734,117.6820297241211,0.27628803396528423,0.43740972281655655,0.28630225439403006
2020-10-15,-1.0,0.0,0.0007431360949467,117.76951599121094,0.27922961951200537,0.4362323445169809,0.2845380471468846
2020-10-16,-1.0,0.0,-0.0039686620373662,117.30305480957033,0.2841007824161008,0.4296088054301967,0.28629041960428303
2020-10-19,-1.0,0.0,-0.0140994491854212,115.66075134277344,0.3212943319624495,0.4244180077911325,0.25428766769699845
2020-10-20,0.0,-1.0,-0.0258738052785145,112.70655059814452,0.37407368569391664,0.33524117908626927,0.29068513521981415
2020-10-21,0.0,-1.0,0.0131058033204611,114.1933822631836,0.41153688019800644,0.29480523745051024,0.2936578637250318
2020-10-22,-1.0,-1.0,-0.0054612661244997,113.57144165039062,0.4320380323100689,0.25628653504933674,0.31167543264059433
2020-10-23,-1.0,-1.0,-0.0096296273161006,112.48303985595705,0.467549804161156,0.16319896238223386,0.36925124090719075
2020-10-26,-1.0,1.0,-0.006152898829817,111.7930679321289,0.43286730398187157,0.12874328913750457,0.43838941060591413
2020-10-27,-1.0,1.0,8.721418252820209e-05,111.80281829833984,0.4345940976116295,0.12551070057677907,0.43989520553688166
2020-10-28,-1.0,-1.0,0.0133823531733604,113.3090591430664,0.4348150345917241,0.13238537336623662,0.4327995883167489
2020-10-29,1.0,1.0,-0.0474188191966207,108.0614776611328,0.43512593729437204,0.10444411455797392,0.46042995932352493
2020-10-30,-1.0,-1.0,0.0363803449491218,112.06517791748048,0.4463621886201157,0.12503246293780979,0.4286053409914939
2020-11-02,1.0,1.0,-0.0576481529099394,105.78751373291016,0.4227730143976772,0.11034902889651654,0.46687796043109653
2020-11-03,1.0,1.0,-0.0008271255501029,105.7000503540039,0.41699489712662285,0.1102232774967418,0.4727818291019257
2020-11-04,1.0,-1.0,0.0152366673426037,107.3228988647461,0.43973208882944353,0.1249539598025088,0.4353139513680477
2020-11-05,1.0,-1.0,0.0400251164593885,111.70563507080078,0.4534608494768982,0.13788350281005476,0.40865565516362756
2020-11-06,0.0,-1.0,0.0348780979023954,115.6704559326172,0.48876875110411827,0.1957118501844811,0.315519413612562
2020-11-09,0.0,-1.0,-0.0011365747193493,115.5390625,0.3868775841725492,0.3208922216790258,0.2922301904231347
2020-11-10,1.0,-1.0,-0.0201699797265764,113.23198699951172,0.3810912073923356,0.3377580866745808,0.2811507096583739
2020-11-11,1.0,-1.0,-0.0030137251762153,112.89125061035156,0.38014351237740285,0.33748276269773014,0.28237372119957665
2020-11-12,0.0,0.0,0.0299012153945856,116.31781005859376,0.35639538841702073,0.3677648034875446,0.2758398155460151
2020-11-13,0.0,0.0,-0.0023461832504971,116.04522705078124,0.34787079261385323,0.3787508062994646,0.2733784085372627
2020-11-16,0.0,0.0,0.0004194966483054,116.09391784667967,0.3412878467613769,0.38340771215675973,0.2753044485324439
2020-11-17,-1.0,0.0,0.0086827676613701,117.1063232421875,0.31729555772176943,0.38994668379045083,0.29275775103719903
2020-11-18,-1.0,0.0,-0.0075933718871077,116.220458984375,0.3323236173785976,0.3855874715550226,0.2820889110663798
2020-11-19,-1.0,0.0,-0.0114565119552279,114.89657592773438,0.345187220540485,0.3756062615122946,0.2792065216725107
2020-11-20,-1.0,-1.0,0.0051547806620154,115.49037170410156,0.36302244671781964,0.3497053432992343,0.28727221370823636
2020-11-23,-1.0,-1.0,-0.0110177920395671,114.22490692138672,0.38956261096513184,0.30163873754139003,0.3087986514934781
2020-11-24,1.0,-1.0,-0.030193957739951,110.82755279541016,0.47673947443252146,0.17583439529086453,0.3474261377271946
2020-11-25,1.0,-1.0,0.0115274438263307,112.1125030517578,0.442984406602977,0.14757592078971118,0.40943968378318263
2020-11-27,1.0,-1.0,0.0074394527203296,112.94966888427734,0.44018092281325616,0.15597962891750558,0.403839459445109
2020-11-30,1.0,-1.0,0.0048148153439637,113.49481201171876,0.4352449073384188,0.16406538025204379,0.400689708684247
2020-12-01,1.0,-1.0,0.0208799225252746,115.88948822021484,0.45209972236022217,0.19638403052955167,0.3515162545608068
2020-12-02,0.0,1.0,0.0303619017012113,119.46207427978516,0.34791844724393006,0.27655504711139234,0.37552650564467766
2020-12-03,0.0,1.0,0.0029291335282492,119.81250762939452,0.3302720373556244,0.3087652079769933,0.36096275839267267
2020-12-04,0.0,1.0,-0.0011381236055239,119.6762237548828,0.31718611684877585,0.3338616720079153,0.34895219624214774
2020-12-07,0.0,1.0,-0.0056283215215131,119.0045394897461,0.32464623868963316,0.33098483427193515,0.3443689195878511
2020-12-08,-1.0,1.0,0.0121953678990725,120.46472930908205,0.2998952945086105,0.345163542184825,0.35494117448243545
2020-12-09,-1.0,0.0,0.0050777939167862,121.0779800415039,0.29559611430837784,0.36467504575556603,0.3397288324854755
2020-12-10,1.0,0.0,-0.0211249976849933,118.54703521728516,0.3383842585304022,0.34956053594235004,0.31205519807666715
2020-12-11,1.0,-1.0,0.0119173550398741,119.96825408935548,0.3481919093041913,0.33395841116700786,0.31784967207822024
2020-12-14,1.0,-1.0,-0.00675737486769,119.16031646728516,0.3662740955734193,0.3125905484602143,0.32113534851578573
2020-12-15,1.0,-1.0,-0.005159980172184,118.54703521728516,0.3982167383142394,0.27432592502905606,0.32745734410728505
2020-12-16,1.0,-1.0,0.0488759797228579,124.48506927490234,0.3474596986727926,0.30920532763365927,0.34333497369354804
2020-12-17,1.0,1.0,-0.0005475709767512,124.41692352294922,0.32540992816153885,0.336859839115191,0.3377302252726896
2020-12-18,1.0,0.0,0.0069394399705936,125.28330993652344,0.31488664728980265,0.3535180287260578,0.33159530908297835
2020-12-21,1.0,0.0,-0.0159777605511637,123.29747009277344,0.33282252336018603,0.3762954569004694,0.2908820122887639
2020-12-22,1.0,0.0,0.0123190745800682,124.82577514648438,0.3284491714041325,0.3498499615501524,0.3217008595951344
2020-12-23,1.0,0.0,0.0280667734126302,128.3788604736328,0.31271189892746026,0.34553839624921967,0.3417497122739008
2020-12-24,1.0,0.0,-0.0070003100128318,127.48330688476562,0.31893872181470106,0.3514617920706529,0.32959949356522666
2020-12-28,1.0,0.0,0.0076827944870778,128.4665069580078,0.31731977528934,0.35440744742374475,0.3282727623857539
2020-12-29,-1.0,0.0,0.0351410858840144,133.06121826171875,0.2654804231407457,0.38268806713925974,0.35183149854412366
2020-12-30,-1.0,0.0,-0.013404695752345,131.2894744873047,0.29324005627981653,0.3869921561368787,0.31976778758330476
2020-12-31,-1.0,0.0,-0.0085629881739232,130.1700439453125,0.3111869039498649,0.36428418236941795,0.32452892113129767
2021-03-17,-1.0,0.0,0.0126624462190569,122.41905975341795,0.300659525015999,0.3674938997604885,0.33184658267409295
2021-03-18,-1.0,0.0,-0.0064714032330209,121.62939453125,0.30092658948472695,0.35881140859845134,0.34026200936740225
2021-03-19,0.0,1.0,-0.0344932641985152,117.50553131103516,0.3413839044810666,0.30063203113722003,0.3579840718322939
2021-03-22,0.0,-1.0,-0.0044902251405021,116.97908782958984,0.3656170409293496,0.2710370059892253,0.3633459419055542
2021-03-23,-1.0,1.0,0.027941650757918,120.29376983642578,0.3059352169263775,0.33733678307068565,0.3567279851017757
2021-03-24,0.0,1.0,-0.0069127836630026,119.46507263183594,0.3144050656751697,0.32299284142381574,0.36260209290101464
2021-03-25,0.0,1.0,-0.0201959613251595,117.0765609741211,0.3672636870513463,0.2521560953613883,0.3805802101366848
2021-03-26,0.0,1.0,0.0041551279748882,117.56404113769533,0.3626087565118937,0.25505146451235633,0.3823397715251693
2021-03-29,1.0,1.0,0.0051281859937643,118.1684799194336,0.3650649516155549,0.2562706350577022,0.37866441332674283
2021-03-30,1.0,1.0,0.001483928145063,118.34396362304688,0.35878783152300325,0.26819456780009365,0.37301759322632244
2021-03-31,1.0,-1.0,-0.012350461109184,116.89134979248048,0.386594743076321,0.23878324318235067,0.374622010016038
2021-04-01,1.0,1.0,0.0185918782577645,119.08490753173828,0.3341949527772995,0.29809064180322375,0.3677143942436058
2021-04-05,1.0,0.0,0.0069344574795738,119.91356658935548,0.3211822465384678,0.3405994813358736,0.3382182721256586
2021-04-06,1.0,0.0,0.0233034770772242,122.74078369140624,0.3319919170806773,0.4046381608822561,0.26336991458648595
2021-04-07,1.0,0.0,0.0024592619160331,123.04300689697266,0.34526058465248655,0.39884981853517115,0.25588958936176165
2021-04-08,1.0,0.0,0.0133015053268663,124.69059753417967,0.35790115989003574,0.37519208238755264,0.2669067651729922
2021-04-09,1.0,0.0,0.019051254296342,127.08888244628906,0.35211122871817,0.3723402591981686,0.2755485046330808
2021-04-12,0.0,0.0,0.0200493235056799,129.6626434326172,0.3359281622260562,0.37300756433238247,0.2910642659909807
2021-04-13,1.0,0.0,-0.0133212937324134,127.9468231201172,0.339545221913651,0.39259315994317995,0.2678616181431691
2021-04-14,-1.0,0.0,0.0240155662878094,131.05673217773438,0.34722432017694604,0.3542308279552178,0.2985448518678361
2021-04-15,0.0,0.0,-0.0180143775780396,128.7169647216797,0.3639367072725935,0.3770991456113611,0.25896414711604543
2021-04-16,-1.0,-1.0,0.018535144782081,131.125,0.3517885775221938,0.3377951330508698,0.3104162968775172
2021-04-19,-1.0,-1.0,-0.0025309516621829,130.79354858398438,0.3583618271617979,0.3334483820239744,0.3081897982648082
2021-04-20,-1.0,1.0,0.0050555137762847,131.45645141601562,0.3409208048822112,0.31124809028321776,0.3478311122851515
2021-04-21,0.0,-1.0,-0.0129128838251629,129.76988220214844,0.3415019283368269,0.32875835439477635,0.32973971726839657
2021-04-22,0.0,1.0,0.0029254257391371,130.1500701904297,0.3240417119643346,0.30847649152514417,0.3674817965105212
2021-04-23,1.0,1.0,-0.0117543538610924,128.6291961669922,0.2973633176663517,0.32512845705915505,0.37750821037333204
2021-04-26,-1.0,1.0,0.017877885473279,130.94949340820312,0.2917999488896911,0.30266170146219695,0.4055383421975315
2021-04-27,-1.0,1.0,0.0029737004711503,131.3394775390625,0.2941408630993899,0.31105386896123377,0.3948052679393762
2021-04-28,-1.0,1.0,-0.0024526233686663,131.0177459716797,0.3223675394238032,0.32501378849476387,0.35261867208143294
2021-04-29,-1.0,-1.0,-0.006045340394777,130.22808837890625,0.3779757802493567,0.30846640054900454,0.31355782665221926
2021-04-30,-1.0,-1.0,-0.0007491122151958,130.1305694580078,0.44816062735257123,0.2391636779396345,0.3126756872572137
2021-05-03,-1.0,-1.0,-0.0152490520445655,128.1612548828125,0.5024570783683472,0.1577198384131485,0.33982308321850424
2021-05-04,-1.0,-1.0,0.0081821218313446,129.2141876220703,0.48230779045406974,0.17800689685781385,0.3396853052375359
2021-05-05,0.0,1.0,-0.0360269451398545,124.64185333251952,0.44098712090992465,0.0967091704179556,0.4623037049468295
2021-05-06,-1.0,1.0,0.0019536445666495,124.8855972290039,0.429881736088467,0.09570762067328235,0.4744106395129603
2021-05-07,-1.0,1.0,0.0127212898777698,126.48445129394533,0.4438756247020336,0.10929548696620198,0.4468288901944095
2021-05-10,-1.0,-1.0,0.0053130391772783,127.15825653076172,0.4416279550758598,0.12218831938910701,0.43618372553503326
2021-05-11,-1.0,1.0,-0.0261432345705424,123.87700653076172,0.43654280169571164,0.09508966086608761,0.46836753930084585
2021-05-12,-1.0,1.0,-0.0074378547648368,122.95904541015624,0.4364278810695376,0.08177974630120674,0.48179238194248136
2021-05-13,1.0,1.0,-0.025254858030831,119.89261627197266,0.4275291799569688,0.085760774717499,0.4867100490508224
2021-05-14,1.0,1.0,0.0177611417336591,122.04106903076172,0.42932969493820905,0.09772068554767122,0.47294963068999063
2021-05-17,-1.0,1.0,0.0196504751077698,124.46295166015624,0.4456041417126049,0.10594546800327155,0.4484503791082527
2021-05-18,0.0,1.0,-0.0093017785315512,123.3105926513672,0.4478587812371519,0.10383439243258352,0.4483068151543937
2021-05-19,0.0,1.0,-0.0113094505025879,121.9238739013672,0.44065202119118463,0.10387476273545534,0.4554732123480697
2021-05-20,1.0,-1.0,-0.0012823592355161,121.7676239013672,0.4463344024418987,0.1083906923524983,0.44527489402973197
2021-05-21,0.0,-1.0,0.0207942695966159,124.32620239257812,0.47845789283688506,0.12009231714978641,0.4014497862880381
2021-05-24,0.0,-1.0,-0.0148769702149967,122.49029541015624,0.4662420251831946,0.11795652248238639,0.4158014597849996
2021-05-25,-1.0,-1.0,0.0132262761444,124.12114715576172,0.49422602105229946,0.13815055812820642,0.36762341336891347
2021-05-26,-1.0,-1.0,-0.0015748027969399,123.92583465576172,0.46805159962393944,0.15092434920506553,0.3810240474457046
2021-05-27,-1.0,-1.0,-0.0003940885051853,123.87700653076172,0.44798017676073726,0.19002276667579485,0.36199705656346787
2021-05-28,0.0,-1.0,-0.0124540484000424,122.34380340576172,0.46722621239447537,0.16128477749994252,0.3714890026550015
2021-06-01,0.0,-1.0,-0.005362558027402,121.68948364257812,0.457393424406221,0.14893584794887754,0.3936707313701918
2021-06-02,0.0,-1.0,-0.002651523315781,121.36724853515624,0.46467002822901726,0.13916919994467408,0.3961607606504378
2021-06-03,0.0,-1.0,0.0062562845977732,122.12893676757812,0.4530068767156953,0.15089942591266847,0.39609368247047494
2021-06-04,1.0,-1.0,-0.0122284390811329,120.64458465576172,0.45768729026224897,0.13434268496489257,0.40797002104756824
2021-06-07,0.0,-1.0,0.0188434491889293,122.9394989013672,0.4219805490242252,0.2020794236402082,0.3759400347861472
2021-06-08,1.0,-1.0,7.943124255872665e-05,122.9492645263672,0.39276737567474407,0.24038802657023253,0.3668446014803137
2021-06-09,1.0,1.0,0.0066498620193535,123.76958465576172,0.3281253243079654,0.30255441758206214,0.36932026556055303
2021-06-10,1.0,1.0,0.0030723782901377,124.1504364013672,0.3065337430663053,0.3289787600370489,0.36448748944606507
2021-06-11,1.0,1.0,-0.0080556400120002,123.1543426513672,0.3265220565965237,0.27524505530068183,0.39823288065221385
2021-06-14,1.0,1.0,0.00978477853178,124.36529541015624,0.30607390632080345,0.31588805315918644,0.3780380554211713
2021-06-15,0.0,0.0,0.0242803259890286,127.42188262939452,0.2534985722101547,0.39334560428033727,0.3531558197842177
2021-06-16,1.0,0.0,-0.0064582783363351,126.6016082763672,0.27175841139186196,0.4047508807140442,0.32349071534467444
2021-06-17,1.0,0.0,0.0039259516159665,127.09961700439452,0.28621824486993597,0.4037001568003787,0.3100816057802659
2021-06-18,1.0,0.0,0.0125224108677602,128.7012176513672,0.29841191823167973,0.3870090219025213,0.3145790673163795
2021-06-21,1.0,0.0,-0.0101429568933439,127.40240478515624,0.3087830837537635,0.40059776202627584,0.29061914676938
2021-06-22,1.0,0.0,0.0140051618845946,129.19924926757812,0.2879822879518487,0.4057125971568677,0.30630512234186424
2021-06-23,1.0,0.0,0.0126188108628952,130.8399200439453,0.29152206163551564,0.37584297158526203,0.33263495932864173
2021-06-24,1.0,0.0,-0.0020922834831802,130.5664520263672,0.2810125091141391,0.3834482560793253,0.33553923480653547
2021-06-25,1.0,0.0,-0.0021711559148676,130.2832794189453,0.2858183991727585,0.37257878997977084,0.3416028108474707
2021-06-28,1.0,0.0,-0.0022513551960316,129.99029541015625,0.257039399652473,0.39267994070396756,0.3502806596435594
2021-06-29,1.0,1.0,0.0124674959227797,131.62109375,0.24723744086339625,0.36703494921784174,0.3857276173693427
2021-06-30,1.0,1.0,0.0114350561262789,133.13482666015625,0.2576068027461935,0.3634044369319367,0.3789887603218697
2021-07-01,1.0,1.0,0.0046106071709402,133.7500762939453,0.24266926337462763,0.36344729851141294,0.39388343811395937
2021-07-02,1.0,1.0,0.0022606479285138,134.0527801513672,0.24469400158973703,0.3598041885747932,0.39550180238488913
2021-07-06,1.0,1.0,0.0194072065896971,136.67977905273438,0.2383605610093962,0.33371391166512077,0.4279255310507733
2021-07-07,1.0,1.0,0.0146111055188726,138.6914825439453,0.26158897214945287,0.2785738352547046,0.45983719259584244
2021-07-08,1.0,1.0,0.0177961330216094,141.18174743652344,0.28695902025803766,0.2618875559408936,0.4511534200757785
2021-07-09,1.0,1.0,-0.0092428125784583,139.88284301757812,0.26421089911824297,0.2720280997964419,0.4637609973600249
2021-07-12,1.0,1.0,0.0129706352382284,141.7090301513672,0.2650765591174994,0.2581128690074237,0.47681056814978656
2021-07-13,1.0,1.0,-0.0042124584554086,141.11334228515625,0.27553687421999357,0.25856773120434884,0.46589539457565765
2021-07-14,1.0,1.0,0.0078584196541764,142.2266387939453,0.25119885750058585,0.23574021113847762,0.5130609276356463
2021-07-15,-1.0,1.0,0.0238148845501261,145.65440368652344,0.2845935643622522,0.24320486394037927,0.47220157169736854
2021-07-16,-1.0,1.0,-0.0045024490797554,145.0000762939453,0.2540597268752243,0.23131346651949314,0.5146268066052826
2021-07-19,-1.0,1.0,-0.0141761818133246,142.9590301513672,0.2504374315689427,0.23107786967374955,0.5184846913067271
2021-07-20,1.0,1.0,-0.0272832233828752,139.1113739013672,0.29760250159703694,0.28465814875208834,0.417739353376165
2021-07-21,1.0,1.0,0.025642529193304,142.72467041015625,0.31582238091539294,0.24161641861836414,0.4425611930156623
2021-07-22,1.0,-1.0,-0.0051450317141092,141.9922332763672,0.3972037013149773,0.20888471999544894,0.39391159359073497
2021-07-23,0.0,1.0,0.0095826544437563,143.35943603515625,0.40047734267349056,0.1985342111681993,0.4009884461583101
2021-07-26,-1.0,1.0,0.0119175854675043,145.07815551757812,0.3810497018967458,0.19282813878423666,0.4261221704948884
2021-07-27,-1.0,1.0,0.0028906914387637,145.49813842773438,0.38979900080995455,0.19536071320496007,0.4148402859850854
2021-07-28,0.0,-1.0,-0.0150126573765521,143.33013916015625,0.42262524805425833,0.17519196389503594,0.4021827917759961
2021-07-29,0.0,-1.0,-0.0122709284927765,141.58209228515625,0.44411213443956854,0.14066379108107036,0.41522408192994154
2021-07-30,0.0,-1.0,0.0045421267659385,142.2266387939453,0.44082817763779114,0.14353524975689175,0.4156365763306073
2021-08-02,0.0,-1.0,0.0015092191933207,142.4414520263672,0.4308236104710301,0.15301603337403746,0.4161603487043518
2021-08-03,0.0,1.0,-0.0023335078483348,142.1094512939453,0.42831059693424756,0.13857320768525153,0.43311620283108143
2021-08-04,0.0,-1.0,0.0125648195279732,143.9062957763672,0.41239162513685196,0.17888113401374825,0.40872724457469
2021-08-05,0.0,-1.0,-0.0027858597686581,143.50595092773438,0.4209330751751523,0.16317553386797629,0.4158913946821617
2021-08-06,0.0,-1.0,0.0007479546786532,143.6133270263672,0.42530054427848635,0.1647297433075684,0.4099697161392355
2021-08-09,1.0,-1.0,-0.004778584613744,142.92869567871094,0.43621890954089604,0.14655203921953083,0.417229062415444
2021-08-10,1.0,-1.0,-0.0003421113105958,142.8798065185547,0.43356225240952634,0.14328192933432787,0.4231558145308555
2021-08-11,1.0,1.0,-0.0033595206900109,142.40060424804688,0.43358104693780475,0.1265270666567082,0.4398918975813579
2021-08-12,1.0,-1.0,0.0017840213247184,142.65487670898438,0.4364372125720544,0.1494795731701436,0.41408321798309233
2021-08-13,-1.0,1.0,0.020560455839612,145.6182861328125,0.3794751941129396,0.23752513484067145,0.38299968222225983
2021-08-16,-1.0,1.0,0.0014096380218507,145.82369995117188,0.37151230450616807,0.23726781624181625,0.3912198755267254
2021-08-17,-1.0,1.0,0.0134568194267012,147.79928588867188,0.3224337351775735,0.27444301927629766,0.40312324182083853
2021-08-18,-1.0,1.0,-0.0061729396534132,146.88973999023438,0.31389283720313954,0.2934006528729325,0.3927065136492182
2021-08-19,1.0,-1.0,-0.0258319930478385,143.1438751220703,0.43551142038919294,0.13537526000150338,0.42911331215872306
2021-08-20,1.0,-1.0,0.0023204929847005,143.47642517089844,0.43683471990947065,0.1447569585913485,0.4184083065980197
2021-08-23,0.0,-1.0,0.0101055578875839,144.93368530273438,0.4224352652600603,0.1771972473262482,0.40036750231485274
2021-08-24,-1.0,1.0,0.0102047724679038,146.42027282714844,0.3815826455896694,0.23563040103917232,0.3827869645470292
2021-08-25,-1.0,-1.0,-0.0006012771064663,146.33226013183594,0.3872254868386023,0.23764411769390598,0.375130388016911
2021-08-26,1.0,-1.0,-0.0084569039563653,145.09996032714844,0.4249155433313152,0.18212991395432898,0.3929545352637751
2021-08-27,1.0,-1.0,-0.0055424635302226,144.2979736328125,0.4355987171938761,0.1613615849131814,0.4030397016182327
2021-08-30,1.0,-1.0,0.0071588409562377,145.33468627929688,0.42830565172454976,0.17540055783575345,0.39629380161556765
2021-08-31,1.0,1.0,0.0299637376322205,149.75535583496094,0.30584842146162655,0.2908207713961866,0.4033308108674772
2021-09-01,1.0,1.0,-0.0084605838474699,148.49368286132812,0.30794551385599317,0.30481968309564883,0.3872347993230677
2021-09-02,1.0,1.0,0.0044688759959571,149.1587677001953,0.29505745921123444,0.309155109335722,0.3957874351783338
2021-09-03,1.0,1.0,0.0074470853084904,150.27371215820312,0.2809874159850603,0.30995473503084936,0.4090578676105419
2021-09-07,1.0,1.0,0.0042215367639904,150.90943908691406,0.2819416494870586,0.312083040493516,0.405975328645877
2021-09-08,-1.0,1.0,0.0153704465652397,153.2469024658203,0.2627650587267588,0.3203686689129317,0.4168662723603095
2021-09-09,-1.0,1.0,-0.01013473351108,151.70162963867188,0.279914130779382,0.3158502978089918,0.4042355676863359
2021-09-10,-1.0,1.0,-0.0067273202465054,150.68450927734375,0.304395528373668,0.3116187470849039,0.38398572454142804
2021-09-13,-1.0,-1.0,-0.0336624944475351,145.69651794433594,0.437664023902527,0.13594427201688844,0.4263917152564553
2021-09-14,-1.0,-1.0,0.0038858808032445,146.26377868652344,0.4560383441742095,0.1117939348232525,0.43216771727724757
2021-09-15,-1.0,-1.0,-0.0096080134369163,144.86520385742188,0.4481380088300041,0.10879031851132798,0.44307166520808733
2021-09-16,-1.0,-1.0,0.0061248429233046,145.7552032470703,0.44528256541917466,0.11349557142996672,0.44122185197498776
2021-09-17,-1.0,1.0,-0.0016116054140028,145.52049255371094,0.43573374196887327,0.1069317587586871,0.4573344992724395
2021-09-20,-1.0,1.0,-0.0185184362670528,142.85047912597656,0.4257968676307763,0.1020574312198965,0.472145712325198
2021-09-21,1.0,1.0,-0.0215925073933555,139.79904174804688,0.41131703193736346,0.09407894278561228,0.49460402341437903
2021-09-22,1.0,1.0,0.0034222585024993,140.27828979492188,0.4153434099486554,0.09653213616038864,0.4881244520283109
2021-09-23,-1.0,1.0,0.0167314641654063,142.6450958251953,0.41026801714765204,0.12358842630615444,0.46614356027148385
2021-09-24,-1.0,1.0,0.0066967591565171,143.6035614013672,0.4248300597276419,0.12198771650693553,0.4531822274907128
2021-09-27,-1.0,1.0,0.0006126988395625,143.6915740966797,0.43799041069637845,0.12360283728683492,0.4384067557420769
2021-09-28,-1.0,1.0,-0.0106060410596232,142.17562866210938,0.4384104949784694,0.1199647497862601,0.44162474778468985
2021-09-29,-1.0,1.0,-0.0240891803794643,138.79165649414062,0.4454408121387942,0.09873019232528463,0.45582898436005037
2021-09-30,-1.0,-1.0,0.0064622509988771,139.69146728515625,0.46334056413846203,0.10319338922346669,0.4334660466380713
2021-10-01,-1.0,1.0,-0.0093555523247546,138.3906707763672,0.4314119098154556,0.10483407815777843,0.4637540083014756
2021-10-04,-1.0,1.0,0.0080945471234197,139.5154266357422,0.4391996196978754,0.11124980644876228,0.4495505664027817
2021-10-05,1.0,1.0,-0.0249134931018617,136.08255004882812,0.4209645042006893,0.08406092471718828,0.49497457667005784
2021-10-06,0.0,1.0,0.0140593333417633,138.00929260253906,0.4362886336043459,0.10636950104901456,0.45734187279722005
2021-10-07,0.0,-1.0,0.0062869582017049,138.8796844482422,0.453306594579062,0.11534887772041132,0.4313445388763976
2021-10-08,-1.0,-1.0,0.0090437391698487,140.14137268066406,0.492479940948051,0.1347064184801997,0.37281364802232997
2021-10-11,-1.0,-1.0,-0.0027258556896177,139.7598876953125,0.508331098661144,0.1399786467101901,0.35169025462866593
2021-10-12,-1.0,-1.0,-0.0006297220486631,139.67190551757812,0.4729942043395332,0.15679470993268393,0.37021108945307313
2021-10-13,1.0,-1.0,-0.0091447233532752,138.4004669189453,0.46700386840623725,0.14657393320667866,0.38642220583766473
2021-10-14,1.0,-1.0,-0.0042490471601022,137.8136444091797,0.4675232394202278,0.14237562983123364,0.3901011195726676
2021-10-15,1.0,1.0,0.0200239243086761,140.6010284423828,0.34928863190933157,0.25825866426628863,0.3924527112749604
2021-10-18,1.0,1.0,0.0074843788533783,141.65728759765625,0.3309285271540986,0.31806079486566985,0.3510106817055219
2021-10-19,1.0,0.0,0.0117370875721919,143.32972717285156,0.29428099289771614,0.40193465552558083,0.3037843664778641
2021-10-20,0.0,0.0,0.0149673940265506,145.4911346435547,0.32619941104126965,0.3977585070932434,0.27604208186548695
2021-10-21,0.0,0.0,0.0033556966037918,145.9801788330078,0.34335288398122954,0.39743736357836507,0.25920976734156653
2021-10-22,1.0,0.0,0.0014727378566282,146.19532775878906,0.34296506596534565,0.3998646343751981,0.2571703071100369
2021-10-25,1.0,0.0,-0.00529892202271,145.42269897460938,0.3492693930669826,0.4018256120224356,0.24890500236116228
2021-10-26,1.0,0.0,-0.0003361381432422,145.3738250732422,0.3341315410530696,0.4109115917510079,0.2549568746465032
2021-10-27,1.0,0.0,0.0045642502310636,146.0388641357422,0.32945480548665296,0.40744433955009435,0.26310086241383335
2021-10-28,1.0,0.0,-0.0031527675021959,145.57916259765625,0.30529033710941156,0.39974639877647833,0.2949632641141102
2021-10-29,-1.0,1.0,0.02468464666608,149.2174530029297,0.31722825818125977,0.3311701457355097,0.3516016035338111
2021-11-01,0.0,0.0,-0.018322362385664,146.50833129882812,0.3418785453350955,0.3611980518582284,0.29692339535609535
2021-11-02,1.0,0.0,-0.0056235110765293,145.68675231933594,0.29567651108837056,0.3679871919521847,0.33633628205828364
2021-11-03,0.0,0.0,0.0070907357140261,146.72344970703125,0.29901077166507356,0.37195024225934936,0.32903898607557713
2021-11-04,-1.0,0.0,0.0097509993175164,148.16114807128906,0.27885015372196786,0.39187397160479615,0.329275874673236
2021-11-05,-1.0,0.0,-0.0035046292390282,147.64280700683594,0.27335500523966794,0.38449255081235545,0.34215245884913775
2021-11-08,-1.0,0.0,0.0035758942496374,148.1717071533203,0.28002642261945054,0.3764039808001484,0.3435696040309817
2021-11-09,-1.0,1.0,-0.0055681794355676,147.3489532470703,0.2998517927399285,0.3470145331703417,0.35313367408972984
2021-11-10,-1.0,1.0,0.0024564227657956,147.7113494873047,0.30175907380771205,0.34709068634816975,0.3511502547452793
2021-11-11,1.0,-1.0,-0.0193491254362087,144.8807373046875,0.4604785802192709,0.1632389632704045,0.37628244160916346
2021-11-12,1.0,-1.0,-0.0003381332485771,144.83175659179688,0.4803887876852411,0.13427622538967654,0.3853349757492115
2021-11-15,1.0,-1.0,0.0142352576605845,146.90821838378906,0.47112274507514645,0.20739215136702022,0.32148511473370417
2021-11-16,1.0,-1.0,6.667983647830014e-05,146.9180145263672,0.46470168754462227,0.20891312616692215,0.3263851974643265
2021-11-17,1.0,-1.0,0.0066443920884109,147.89744567871094,0.4167016522490795,0.263666554544404,0.3196317820306456
2021-11-18,1.0,0.0,0.0163558117757405,150.33631896972656,0.31731568481777384,0.3437566679186742,0.33892765471413266
2021-11-19,1.0,1.0,0.0281363079476904,154.6262969970703,0.2839205199718137,0.31455909155796774,0.401520381019638
2021-11-22,-1.0,1.0,0.0168337307776602,157.2512664794922,0.29134798891578806,0.28282261991347984,0.4258293725442806
2021-11-23,-1.0,1.0,0.0029230587761608,157.7115936279297,0.30562302486608484,0.2717787414034564,0.4225982449063297
2021-11-24,-1.0,1.0,0.0024191415529307,158.0935821533203,0.3086533982909875,0.2774331093001452,0.413913488683577
2021-11-26,-1.0,1.0,0.0032782407835629,158.61270141601562,0.3106435241351244,0.2650282768341534,0.4243281878548514
2021-11-29,1.0,-1.0,-0.0321910191717364,153.58810424804688,0.3680302116870086,0.2855543832926827,0.34641540502030876
2021-11-30,1.0,1.0,0.0216377258864455,156.94761657714844,0.3061997425981675,0.25089580959134916,0.4429044552610639
2021-12-01,-1.0,1.0,0.0310895334985304,161.9036865234375,0.335539109981181,0.25285217084430034,0.411608711723938
2021-12-02,-1.0,1.0,-0.0032115920459237,161.38455200195312,0.34788349387354867,0.23332749972690725,0.41878900639954414
2021-12-03,1.0,1.0,-0.0061486817206691,160.39529418945312,0.3641385410198566,0.2235530871844288,0.41230837179571467
2021-12-06,1.0,1.0,-0.0117936749928354,158.51475524902344,0.3154502057187824,0.25690183871173744,0.4276479592947704
2021-12-07,1.0,1.0,0.0212747649454762,161.92324829101562,0.30072327326229015,0.23531859524238447,0.4639581314953254
2021-12-08,1.0,1.0,0.0348325308342699,167.66282653808594,0.35892272690562216,0.25303914795441,0.38803811768938723
2021-12-09,1.0,1.0,0.0225276557921623,171.4827423095703,0.3633142262463147,0.27180809103761944,0.3648776864413561
2021-12-10,1.0,-1.0,-0.0029748895128622,170.97335815429688,0.36023984426561817,0.30271419045091025,0.33704595783289104
2021-12-13,-1.0,-1.0,0.0276282344540233,175.76290893554688,0.35131876367199566,0.31011691506874767,0.33856432870983727
2021-12-14,-1.0,-1.0,-0.0208909977861874,172.12913513183594,0.3787653983463959,0.3035174856291968,0.31771712720027834
2021-12-15,1.0,-1.0,-0.0080552953359243,170.74815368652344,0.40557836226549066,0.2682534109287841,0.32616823425630587
2021-12-16,-1.0,-1.0,0.0281100925019772,175.61599731445312,0.39306668856680194,0.266800277953218,0.340133044655851
2021-12-17,0.0,1.0,-0.0400556169908579,168.72061157226562,0.3330106474721243,0.32944753451811615,0.3375418254603401
2021-12-20,1.0,0.0,-0.0065225568602345,167.6237030029297,0.35172243839859196,0.35385901779980067,0.29441854380160737
2021-12-21,1.0,-1.0,-0.0081555014877596,166.26220703125,0.4310452107487254,0.26010650344275243,0.3088482820832319
2021-12-22,1.0,-1.0,0.0189072179409058,169.4356689453125,0.43624955366563434,0.22905436096833254,0.3346960928166137
2021-12-23,0.0,-1.0,0.0152027371260647,172.03123474121094,0.4385250399900052,0.23255247399806342,0.32892248601193147
2021-12-27,0.0,-1.0,0.0036370826985735,172.65806579589844,0.433954651361994,0.2328876796324117,0.3331576690055943
2021-12-28,0.0,-1.0,0.0227147503467185,176.6248321533203,0.3990087036980679,0.2212893515465755,0.37970195034329196
2021-12-29,0.0,-1.0,-0.0057839828285395,175.60618591308594,0.39864928584373965,0.23360593538496446,0.36774478249658604
2021-12-30,-1.0,-1.0,0.0005018496744597,175.6943359375,0.4029928064448679,0.22997756664250357,0.3670296231873381
2021-12-31,-1.0,-1.0,-0.0066000720659687,174.53855895996094,0.44535825377584914,0.21874536723738724,0.3358963901626345
2022-03-16,1.0,-1.0,0.0292455413005742,152.0969696044922,0.48853261934196857,0.16631071772036823,0.3451566480365019
2022-03-17,1.0,-1.0,0.0286024726884719,156.5101318359375,0.45537603552563394,0.26743613508001124,0.27718783684493536
2022-03-18,1.0,-1.0,0.006433263304923,157.52024841308594,0.4044603956555149,0.29169805163949003,0.3038415489797047
2022-03-21,1.0,0.0,0.0207031067863864,160.81539916992188,0.33016018177658885,0.35225308494791546,0.3175867332754956
2022-03-22,1.0,-1.0,0.0085014119112324,162.18838500976562,0.3575201068328336,0.29695987253361555,0.3455200280841313
2022-03-23,1.0,-1.0,0.0205870112580829,165.5619659423828,0.4717556966281745,0.1978252084161479,0.33041909123038726
2022-03-24,1.0,-1.0,0.0082001836470732,166.92518615722656,0.426589012181493,0.21350310451555882,0.3599078758523675
2022-03-25,1.0,-1.0,0.02242445766373,170.71067810058594,0.4649001027854304,0.20689546205394113,0.32820443143533795
2022-03-28,0.0,-1.0,0.0037274152121348,171.34817504882812,0.46050378104637585,0.21380077311560686,0.325695455151243
2022-03-29,0.0,-1.0,0.0050236602700454,172.2111358642578,0.4985916713049976,0.21232212638165332,0.28908620883260716
2022-03-30,-1.0,-1.0,0.0189537792462627,175.50631713867188,0.47482284299713007,0.23564127638605148,0.28953587130359265
2022-03-31,-1.0,-1.0,-0.0066716688462955,174.33929443359375,0.48748014053946825,0.22431599776944355,0.2882038439959592
2022-04-01,0.0,-1.0,-0.0179359185350935,171.240234375,0.4759815050897156,0.2529391571974955,0.2710793302622083
2022-04-04,-1.0,-1.0,-0.0017194700279176,170.946044921875,0.503369535463231,0.2381476907033048,0.2584827822153672
2022-04-05,-1.0,-1.0,0.0234171546192172,174.99635314941406,0.5176252032068114,0.2128732516053311,0.2695015610203412
2022-04-06,-1.0,-1.0,-0.019123832697371,171.68154907226562,0.46632067441042535,0.2586382965035353,0.2750410328113296
2022-04-07,-1.0,-1.0,-0.0186230583998692,168.51390075683594,0.4069189848891666,0.30889654967519603,0.28418446916092754
2022-04-08,-1.0,-1.0,0.0018027468198717,168.81796264648438,0.39445434699192633,0.331177546504267,0.2743681102290969
2022-04-11,-1.0,-1.0,-0.0119806580878154,166.80747985839844,0.4246635065121349,0.3244883229420681,0.2508481668205066
2022-04-12,1.0,-1.0,-0.0258468753786777,162.55126953125,0.4973325629686104,0.24574855721561892,0.2569188798157708
2022-04-13,0.0,-1.0,0.0114572960869497,164.42437744140625,0.5678744748497326,0.18178755399050434,0.2503379804729887
2022-04-14,-1.0,-1.0,0.0162105685987031,167.11151123046875,0.4892655563042418,0.25917730131666905,0.2515571461043795
2022-04-18,-1.0,-1.0,-0.0304470079203947,162.1001434326172,0.5525877513594148,0.1522790893001997,0.2951331612030306
2022-04-19,-1.0,-1.0,-0.0013320997071336,161.8843536376953,0.5533006966593692,0.1451200264628876,0.3015792731524529
2022-04-20,-1.0,-1.0,0.0140166264149784,164.16940307617188,0.551849917916002,0.16330165251895906,0.28484842397710347
2022-04-21,-1.0,-1.0,-0.001015944273595,164.00270080566406,0.5643012729622919,0.16890080180809994,0.2667979345428339
2022-04-22,-1.0,-1.0,-0.004855517354883,163.20831298828125,0.543222000646842,0.1723889041803358,0.2843891007607575
2022-04-25,-1.0,-1.0,-0.0282157224230585,158.66763305664062,0.5311166920016674,0.13085034936820183,0.3380329502482276
2022-04-26,-1.0,-1.0,0.0067147609104529,159.73663330078125,0.555114976397098,0.1472591801204012,0.297625843482501
2022-04-27,1.0,-1.0,-0.0380424115875832,153.7740020751953,0.5103246335906639,0.11517390828490197,0.37450145346782127
2022-04-28,1.0,-1.0,-0.0014681730628467,153.54840087890625,0.49009682174562175,0.11467710523858582,0.39522608605430853
2022-04-29,-1.0,-1.0,0.0441656355386699,160.48194885253906,0.5332635664577472,0.17383365359414132,0.2929027948492728
2022-05-02,1.0,-1.0,-0.0372914378385954,154.60755920410156,0.49345015155085703,0.14755172011082363,0.3589981292696419
2022-05-03,1.0,-1.0,0.0019645406112559,154.91159057617188,0.4912966474520832,0.15960014863208952,0.34910320391582716
2022-05-04,1.0,-1.0,0.0095766574365711,156.40225219726562,0.4804931139749148,0.18954876538546248,0.32995812622755816
2022-05-05,-1.0,-1.0,0.0401896527897602,162.81602478027344,0.4116858868372286,0.27583582692021863,0.31247828251726245
2022-05-06,-1.0,-1.0,-0.0573284051404675,153.7445526123047,0.42185332522710406,0.23709917496571536,0.3410474998071806
2022-05-09,-1.0,-1.0,0.0047160286931557,154.47132873535156,0.4328547285303937,0.24059952947054003,0.3265457382737759
2022-05-10,-1.0,-1.0,-0.0337523936944822,149.3445587158203,0.44563456735253204,0.1608662684332705,0.3934991679394878
2022-05-11,-1.0,-1.0,0.0159835477440751,151.75079345703125,0.4378953144317947,0.21550139580898653,0.3466032972097994
2022-05-12,-1.0,-1.0,-0.0532332810799157,143.88385009765625,0.4572334971618608,0.13758970708947843,0.405176786435435
2022-05-13,1.0,-1.0,-0.0272623801688974,140.01422119140625,0.4463315913239446,0.13986399008038375,0.4138044102137684
2022-05-16,-1.0,-1.0,0.031417445573543,144.48294067382812,0.4711190621400224,0.1547004085233278,0.3741805349245853
2022-05-17,-1.0,-1.0,-0.0107296321393007,142.94097900390625,0.4729002913717313,0.15149773808976955,0.3756019807830474
2022-05-18,-1.0,-1.0,0.0251047865927755,146.5749053955078,0.450386686643937,0.21384085092897598,0.33577246242708697
2022-05-19,0.0,-1.0,-0.0580730525262961,138.3052978515625,0.45617770532721447,0.1514248294141253,0.3923974717779183
2022-05-20,1.0,-1.0,-0.0249503003768054,134.89723205566406,0.475327280871058,0.16422429582671888,0.36044841212635204
2022-05-23,1.0,-1.0,0.001745862863664,135.13294982910156,0.47385246016978877,0.17538442236747928,0.3507631249133125
2022-05-24,1.0,-1.0,0.0393353693135357,140.55438232421875,0.4768381398081961,0.21749702213441258,0.3056648343321009
2022-05-25,1.0,-1.0,-0.0194030576580054,137.85348510742188,0.44524596982294734,0.252511355763567,0.3022426781387758
2022-05-26,1.0,-1.0,0.0011394416597522,138.01065063476562,0.4050834053993716,0.30712696244539794,0.28778962470464986
2022-05-27,1.0,-1.0,0.0229341877500438,141.21238708496094,0.392977651717758,0.3199188886306963,0.2871034671021261
2022-05-31,0.0,0.0,0.0399481821623822,146.96775817871094,0.3087741405110457,0.42091370247429694,0.27031216446523787
2022-06-01,0.0,0.0,-0.0053605543560243,146.18203735351562,0.28498612949140817,0.43470130571527726,0.2803125722438953
2022-06-02,0.0,0.0,-0.0008736422213018,146.05438232421875,0.26782159852516674,0.39662162264070133,0.3355567937352931
2022-06-03,-1.0,1.0,0.0166714783459796,148.50973510742188,0.2892278779841888,0.3524095434083346,0.35836257115689607
2022-06-06,-1.0,1.0,-0.0393187130302885,142.78382873535156,0.28821379095821986,0.3185847760815697,0.3932014329602103
2022-06-07,-1.0,1.0,0.0052143909494919,143.53030395507812,0.2892504222540191,0.31545263371391,0.3952969477573611
2022-06-08,-1.0,1.0,0.0174328437348168,146.05438232421875,0.282476508251441,0.330256283042324,0.3872672161568156
2022-06-09,-1.0,1.0,-0.0050563165858825,145.3177490234375,0.28660414319538086,0.31251120963450363,0.4008846471701155
2022-06-10,-1.0,1.0,-0.0366178468881879,140.0927734375,0.3168931403555612,0.31015793133512404,0.3729489357598954
2022-06-13,-1.0,-1.0,-0.0393946068401041,134.68116760253906,0.3893695736562553,0.2513465767920643,0.3592838607275513
2022-06-14,0.0,-1.0,-0.039036987163187,129.52491760253906,0.4582410092198078,0.16910230399445644,0.3726566960989615
2022-06-15,0.0,-1.0,0.0066505929263934,130.3892059326172,0.49637576989671967,0.15125322694842522,0.3523709938416294
2022-06-16,-1.0,-1.0,0.0199119891539484,133.01153564453125,0.46227887791115385,0.2213442428881795,0.3163768754753763
2022-06-17,1.0,-1.0,-0.0404591147994439,127.73741912841795,0.49328711013415416,0.16336174041603674,0.3433511634196477
2022-06-21,1.0,-1.0,0.0114671376631522,129.21063232421875,0.4973692359926693,0.17254642103420653,0.3300843494923821
2022-06-22,1.0,-1.0,0.0322351758618559,133.44361877441406,0.45184422800714213,0.24745726032698165,0.30069851166587624
2022-06-23,1.0,-1.0,-0.0038340551339547,132.93296813964844,0.43074274013047603,0.25884241432377575,0.3104148529963287
2022-06-24,0.0,-1.0,0.021344190555091,135.80081176757812,0.37143508247693513,0.33540877352499254,0.29315615889923363
2022-06-27,-1.0,0.0,0.024221454609749,139.13026428222656,0.28627081821434586,0.3924768830230385,0.3212523024879059
2022-06-28,-1.0,0.0,0.0,139.13026428222656,0.29425149876751344,0.3882086574894984,0.31753984374298805
2022-06-29,1.0,0.0,-0.0302422340157235,134.9856414794922,0.3071644704372197,0.37684333243183055,0.3159921971309498
2022-06-30,1.0,0.0,0.0129396088924376,136.74365234375,0.28740953515419443,0.3764791518457938,0.33611130927472155
2022-07-01,1.0,0.0,-0.0181921090828705,134.2784881591797,0.3068864208520391,0.34734562875210856,0.3457679429452717
2022-07-05,1.0,1.0,0.0160351546573054,136.4490203857422,0.29697810366358524,0.3358338423106311,0.3671880726522352
2022-07-06,1.0,1.0,0.0187534769435226,139.0320587158203,0.2915319356916141,0.3355047435838673,0.3729633132739379
2022-07-07,0.0,1.0,0.0095613430604206,140.36776733398438,0.2771869029313735,0.3343318809225473,0.3884812086954985
2022-07-08,0.0,1.0,0.0237159525146968,143.73651123046875,0.2730064315122807,0.30643271768115543,0.4205608508065638
2022-07-11,0.0,1.0,0.004703718034404,144.41419982910156,0.2721480821412834,0.3073456804175787,0.4205062337158476
2022-07-12,1.0,1.0,-0.0148679218590384,142.28294372558594,0.27293274185921695,0.3288402704535793,0.3982269951377843
2022-07-13,1.0,1.0,0.0068105738187922,143.25527954101562,0.2721923779781958,0.32285142740101874,0.4049561834449146
2022-07-14,1.0,1.0,-0.0025399764307928,142.89187622070312,0.27780271973047,0.3289844056977634,0.39321286712118597
2022-07-15,1.0,1.0,0.020275487571152,145.8186492919922,0.2767515028612984,0.30702155507127926,0.4162269383421321
2022-07-18,-1.0,1.0,0.0113852088956063,147.48831176757812,0.3008873050043653,0.324582293181863,0.37453040926435227
2022-07-19,1.0,1.0,-0.0208593635513231,144.44366455078125,0.27542875258368416,0.3258268565487994,0.39874439831809694
2022-07-20,1.0,1.0,0.0263710589532057,148.303466796875,0.28334795805729907,0.32052451780698676,0.39612752786100436
2022-07-21,1.0,1.0,0.0134193904031389,150.30702209472656,0.2775849308256988,0.3246904814630006,0.39772458771130054
2022-07-22,-1.0,1.0,0.0149814426634282,152.57579040527344,0.2870371074143324,0.3031894928846586,0.40977340342629937
2022-07-25,1.0,0.0,-0.0081437133754709,151.3383026123047,0.3227483170218939,0.3506742548941023,0.32657743925987476
2022-07-26,1.0,0.0,-0.0074257898480268,150.21865844726562,0.3012066940117131,0.38773788372779944,0.31105542971106787
2022-07-27,1.0,1.0,-0.0088655296146812,148.8927764892578,0.30764252641145695,0.33982682780099743,0.35253064578754556
2022-07-28,1.0,1.0,0.0336616712537574,153.9900665283203,0.3356942525340041,0.3144736046562484,0.3498321502603281
2022-07-29,1.0,1.0,0.0035653154749002,154.54006958007812,0.33803683224928693,0.30714373998887234,0.354819442663002
2022-08-01,1.0,1.0,0.0322667378230765,159.60789489746094,0.353615679061344,0.27510435820950907,0.37127995900385646
2022-08-02,1.0,-1.0,-0.0061722224531139,158.62579345703125,0.3691591490611662,0.30031830501487133,0.33052253474809157
2022-08-03,1.0,1.0,-0.0093306973608815,157.152587890625,0.34394985980177073,0.3007234724558862,0.3553266602917624
2022-08-04,0.0,1.0,0.0375342128241074,163.1632843017578,0.3600764021923101,0.26703371248021657,0.37288987787689276
2022-08-05,0.0,-1.0,-0.001928058492001,162.8489990234375,0.35674779036663135,0.3151586645374823,0.3280935450958864
2022-08-08,1.0,0.0,-0.0013900534157481,162.62278747558594,0.31113476425944103,0.35665091400540627,0.33221432173515264
2022-08-09,1.0,0.0,-0.0029071137307497,162.1507110595703,0.3302929724984143,0.34110471455321356,0.32860229804721097
2022-08-10,1.0,1.0,0.0003031523349575,162.1998748779297,0.31877602001979444,0.32163724646530695,0.35958672606431813
2022-08-11,1.0,1.0,0.025857324905849,166.44862365722656,0.3468250376802846,0.2732796279543143,0.3798953343654011
2022-08-12,1.0,1.0,-0.0044413046774655,165.7110137939453,0.33367132003550276,0.2817697793963738,0.3845589005681234
2022-08-15,0.0,1.0,0.0211992256475334,169.26145935058594,0.3119265768010571,0.310175814138281,0.37789760906066183
2022-08-16,-1.0,1.0,0.0063134617612098,170.33346557617188,0.3180877265133051,0.278285512988396,0.4036267604982988
2022-08-17,-1.0,1.0,-0.0009241951010482,170.17611694335938,0.33364255031168,0.26588269427679523,0.4004747591368151
2022-08-18,-1.0,1.0,0.0087460910444558,171.6710205078125,0.3207994917839378,0.2938581574427762,0.3853423433227054
2022-08-19,-1.0,1.0,-0.0022942343402159,171.27761840820312,0.3250361074584563,0.29288806350931723,0.38207583648280713
2022-08-22,-1.0,-1.0,-0.0152168631754318,168.6910400390625,0.3921172917626485,0.25838064178516484,0.3495020664521867
2022-08-23,-1.0,-1.0,-0.0232988347920255,164.80616760253906,0.4182435679084487,0.3083599017716808,0.27339653404516073
2022-08-24,-1.0,-1.0,-0.0020309039217071,164.4718017578125,0.43771776508021565,0.2860187559814414,0.2762634863889235
2022-08-25,-1.0,-1.0,0.0017922806242092,164.766845703125,0.47781890128780147,0.20438477951356127,0.31779630802276626
2022-08-26,-1.0,-1.0,0.014812387881772,167.22560119628906,0.47901247979086736,0.21162452105575302,0.3093629954280893
2022-08-29,-1.0,-1.0,-0.0384282209313098,160.92132568359375,0.508303828689462,0.16556505856734788,0.326131110880545
2022-08-30,-1.0,-1.0,-0.013784797459367,158.71827697753906,0.503980162144348,0.14176862377309257,0.3542512196704949
2022-08-31,-1.0,-1.0,-0.0154238232652185,156.2890167236328,0.4821577331632013,0.1397048132808174,0.3781374516933362
2022-09-01,-1.0,-1.0,-0.0106917985210136,154.6269073486328,0.5025212136525825,0.13359858360919305,0.36388021018880495
2022-09-02,-1.0,-1.0,0.0046956628736039,155.3546905517578,0.5108427015136292,0.1366019657436673,0.35255534578121955
2022-09-06,1.0,-1.0,-0.013704676554217,153.24012756347656,0.5098977262759926,0.1220838948408077,0.3680183807458449
2022-09-07,1.0,-1.0,-0.0082490143801214,151.9812469482422,0.5122674543546336,0.12285758016269564,0.36487496687965454
2022-09-08,1.0,-1.0,0.0092112362990477,153.3876495361328,0.5116930434651237,0.15008268165613634,0.3382242897799011
2022-09-09,1.0,-1.0,-0.0096642394864028,151.91241455078125,0.5237769933124248,0.13715402111033806,0.3390689920964952
2022-09-12,1.0,-1.0,0.018664627541002,154.77442932128906,0.5100381228111935,0.17301267296267203,0.31694921540200527
2022-09-13,-1.0,-1.0,0.0377848701817471,160.7344512939453,0.49200477138101073,0.21886681655103876,0.2891284232438214
2022-09-14,0.0,-1.0,-0.060471544357334,151.30264282226562,0.49477294607083955,0.16991415534395185,0.3353128855466925
2022-09-15,-1.0,-1.0,0.0095098212777352,152.7483673095703,0.49591325185257357,0.18073674954561852,0.3233499986018079
2022-09-16,1.0,-1.0,-0.0191111518965715,149.8568878173828,0.49143404640724603,0.1621621181251792,0.3464038401241875
2022-09-19,1.0,-1.0,-0.0110207719684802,148.21441650390625,0.4895578320989523,0.15894258179249937,0.35149958424590316
2022-09-20,-1.0,-1.0,0.0247734131294138,151.9320526123047,0.506963433052943,0.17805866496929673,0.3149779001151151
2022-09-21,-1.0,-1.0,0.0155441930758572,154.31216430664062,0.474060628720018,0.22534861489402808,0.3005907563859539
2022-09-22,-1.0,-1.0,-0.0204759794935929,151.18460083007812,0.4734937698571041,0.22405474909898518,0.3024514847692009
2022-09-23,-1.0,-1.0,-0.0063954358601895,150.22079467773438,0.472227975937831,0.21920063642045579,0.3085713913670035
2022-09-26,-1.0,-1.0,-0.015239346983997,147.94888305664062,0.477172988858495,0.18118106493446207,0.3416459424817525
2022-09-27,-1.0,-1.0,0.0022576650796217,148.2832794189453,0.45224090179459403,0.18439866404332125,0.36336043416208474
2022-09-28,-1.0,-1.0,0.0065448765716231,149.2569580078125,0.4517430834283276,0.20551900509629958,0.342737926376534
2022-09-29,-1.0,-1.0,-0.0127324986993785,147.36859130859375,0.4614969574244961,0.1919398395077357,0.3465632030677681
2022-09-30,-1.0,-1.0,-0.0503662742775002,140.1300048828125,0.47557384874644104,0.13930322930560077,0.38512292939853876
2022-10-03,1.0,1.0,-0.0304997558868095,135.92059326171875,0.4112985462399746,0.1414094643552495,0.4472919791602276
2022-10-04,0.0,-1.0,0.0302890310825497,140.10047912597656,0.515237362287039,0.13652034569138172,0.3482422859679825
2022-10-05,-1.0,-1.0,0.0253002564708902,143.69027709960938,0.4982715501756989,0.18768128726891625,0.3140471681433202
2022-10-06,-1.0,-1.0,0.0020515454221738,143.98536682128906,0.46032146320950296,0.2270032997183803,0.3126752296215362
2022-10-07,-1.0,-1.0,-0.0066477904916321,143.03135681152344,0.4445835440947704,0.22794411672269985,0.327472331731949
2022-10-10,0.0,-1.0,-0.0374098917324059,137.7794189453125,0.43442272056215847,0.17719954352087358,0.3883777340543228
2022-10-11,0.0,-1.0,0.0023527284442693,138.1039581298828,0.43430972316992866,0.17644529375125567,0.3892449812161704
2022-10-12,1.0,-1.0,-0.0103076367781037,136.687744140625,0.4353238655230573,0.17676604497721177,0.3879100876370858
2022-10-13,1.0,-1.0,-0.0046158103328223,136.0582733154297,0.4363744871106451,0.17671843645009228,0.38690708761513354
2022-10-14,-1.0,-1.0,0.0330603726349746,140.631591796875,0.40497604739494764,0.22710991132306121,0.367914041281991
2022-10-17,1.0,-1.0,-0.0327710702609577,136.09764099121094,0.41190889322141544,0.1993466362611478,0.3887444667921464
2022-10-18,1.0,-1.0,0.0287068058446111,140.06118774414062,0.3714837247118121,0.2668285588438654,0.36168772389490295
2022-10-19,1.0,1.0,0.0093653692373043,141.3790740966797,0.30893203686015336,0.30021780833665135,0.39085015852848554
2022-10-20,1.0,1.0,0.0007645947801878,141.48721313476562,0.30794065951405086,0.2870261655012325,0.4050331861605875
2022-10-21,1.0,1.0,-0.0032721019156873,141.02500915527344,0.30314258692161794,0.2735319316627961,0.4233254739650054
2022-10-24,1.0,1.0,0.0266994734447956,144.8410186767578,0.31662025204414884,0.30283755114578964,0.3805421930847712
2022-10-25,-1.0,1.0,0.0146941383536142,146.98504638671875,0.29230834239565623,0.2935448619540369,0.4141467881997262
2022-10-26,-1.0,1.0,0.0191529571818417,149.82737731933594,0.292959213190113,0.2911915551369737,0.4158492167717521
2022-10-27,-1.0,1.0,-0.0198223523388623,146.88668823242188,0.2833577130042889,0.3003312631734165,0.41631101264642356
2022-10-28,1.0,1.0,-0.0309387852782901,142.41177368164062,0.28200443966635214,0.2771954084751772,0.44080013881995467
2022-10-31,-1.0,1.0,0.0728342950932686,153.1713104248047,0.284121238101805,0.3096987052547767,0.40618004546754727
2022-11-01,-1.0,1.0,-0.0155304536374987,150.8108673095703,0.2837476017448204,0.31112144345630544,0.405130965974745
2022-11-02,-1.0,1.0,-0.0176983972887028,148.1652374267578,0.28158930149143213,0.32595405843215275,0.3924566475269957
2022-11-03,-1.0,1.0,-0.0380186993865615,142.63792419433594,0.2984273427309535,0.2936540903737724,0.40791855944469346
2022-11-04,1.0,-1.0,-0.0433301779891738,136.58938598632812,0.3653240492817683,0.2836724034128466,0.3510035324042239
2022-11-07,1.0,-1.0,-0.0019491650097448,136.3234100341797,0.4086216027434353,0.22393715004032108,0.3674412509415339
2022-11-08,-1.0,-1.0,0.0038945381650062,136.85536193847656,0.41859341699677083,0.2176135420520901,0.36379303350055847
2022-11-09,-1.0,-1.0,0.0041663778453764,137.42674255371094,0.4171431096524073,0.21913460014170505,0.3637222902058877
2022-11-10,1.0,-1.0,-0.0337532428420242,132.8655548095703,0.44461816396711795,0.15189062436418432,0.4034912116686977
2022-11-11,0.0,-1.0,0.0852364896740066,144.6872100830078,0.4055423172130237,0.31709483860736004,0.2773628479049065
2022-11-14,0.0,-1.0,0.0190855054122876,147.47515869140625,0.35920082493181404,0.33867903171419694,0.30212014335398896
2022-11-15,0.0,1.0,-0.0095310128279304,146.0762481689453,0.3152891023557656,0.32071051530156414,0.36400037489208964
2022-11-16,0.0,-1.0,0.0117998446815078,147.8101348876953,0.33793336260461354,0.3373489373666946,0.32471770002869177
2022-11-17,0.0,1.0,-0.0083661633380215,146.5786895751953,0.3226764777171554,0.33370658420173693,0.34361695298226874
2022-11-18,0.0,0.0,0.0128879285694214,148.48001098632812,0.3315200853298283,0.3378620695178753,0.33061784515229636
2022-11-21,-1.0,0.0,0.0037746785931116,149.04153442382812,0.33263597432851,0.3361783536931236,0.3311856645277857
2022-11-22,-1.0,1.0,-0.0219187503683483,145.81027221679688,0.32176963440798245,0.3235641764322589,0.3546661779838878
2022-11-23,-1.0,-1.0,0.0145547824906707,147.94802856445312,0.33852266141398113,0.3375122389570925,0.3239650996289263
2022-11-25,-1.0,-1.0,0.0059086093898257,148.8247833251953,0.33639622679570147,0.3328627754950026,0.3307410051598765
2022-11-28,-1.0,1.0,-0.0197881155106764,145.9087677001953,0.331318094946083,0.3289590396317179,0.33972285052103784
2022-11-29,0.0,-1.0,-0.026615312431572,142.0765838623047,0.38875421295284934,0.3209813106570015,0.2902644838407298
2022-11-30,1.0,-1.0,-0.0213749543869752,139.07192993164062,0.43252432433033233,0.2509181796035675,0.3165574886155195
2022-12-01,-1.0,-1.0,0.0474500822074722,145.82997131347656,0.4312140806561805,0.26507416786098664,0.3037117514828327
2022-12-02,-1.0,-1.0,0.0018895797670746,146.1057891845703,0.4261462643727957,0.2707999195723473,0.303053816054857
2022-12-05,-1.0,-1.0,-0.0033769081710358,145.6132354736328,0.4323322299101241,0.26605613339767564,0.30161164041749045
2022-12-06,-1.0,-1.0,-0.0080151358860801,144.45079040527344,0.4130039788188209,0.2746045797438851,0.3123914414372938
2022-12-07,0.0,-1.0,-0.0256972735456065,140.7860870361328,0.43318372165623964,0.24532251333104355,0.3214937724632974
2022-12-08,0.0,-1.0,-0.0138806659178462,138.8453826904297,0.4634126070351148,0.20946961168215228,0.32711778873331343
2022-12-09,-1.0,-1.0,0.0120593696843587,140.5299072265625,0.45705048486809197,0.2022950086991844,0.3406544989821429
2022-12-12,-1.0,-1.0,-0.0034409618515172,140.04718017578125,0.4673716436578835,0.20346149045885786,0.32916686960854896
2022-12-13,-1.0,-1.0,0.0162571784192394,142.34255981445312,0.458780025952052,0.22160735629306552,0.31961261030430177
2022-12-14,-1.0,-1.0,0.0067598182815121,143.3080291748047,0.43730766291529116,0.2331277648023372,0.3295645797329521
2022-12-15,-1.0,-1.0,-0.0156577808710179,141.0816192626953,0.43694598509115473,0.23507692552808254,0.32797710428192384
2022-12-16,-1.0,-1.0,-0.0479874623858141,134.47134399414062,0.4904160518717654,0.1549705456941387,0.35461340057145074
2022-12-19,0.0,-1.0,-0.014686138619499,132.5109100341797,0.4979707372592901,0.13568551321307437,0.3663437537185872
2022-12-20,0.0,-1.0,-0.0160376677443234,130.40269470214844,0.5039552278500044,0.1345670253033451,0.3614777463809893
2022-12-21,-1.0,-1.0,-0.0005290379323023,130.33372497558594,0.5009463224202834,0.14196082046604577,0.35709285431970317
2022-12-22,-1.0,-1.0,0.0235305818129216,133.43692016601562,0.48441513405404846,0.17621014230590562,0.3393747143268201
2022-12-23,-1.0,-1.0,-0.0240595483643454,130.26480102539062,0.5101101832145052,0.14517535316846436,0.3447144636170304
2022-12-27,-1.0,-1.0,-0.0028022011536683,129.90028381347656,0.5103287309224007,0.1519356805541166,0.33773558759216016
2022-12-28,-1.0,-1.0,-0.0139755063563978,128.0974884033203,0.5157936051687689,0.15193429138237663,0.3322720997235641
2022-12-29,1.0,1.0,-0.0311658903929647,124.16678619384766,0.37364580039854267,0.15246747291514223,0.47388673553387956
2022-12-30,-1.0,-1.0,0.027930703351525,127.6837387084961,0.5199721528462349,0.16645686362207263,0.31357098911962794
2023-03-16,1.0,-1.0,0.0026178493099483,150.9463653564453,0.49345062224546765,0.20174774139357887,0.30480164381153413
2023-03-17,1.0,-1.0,0.0185216213215612,153.7681884765625,0.393406787750786,0.2258370421390067,0.3807561589343363
2023-03-20,1.0,1.0,-0.0054692388803639,152.9294891357422,0.382230213277831,0.2337448668866628,0.38402492728608684
2023-03-21,0.0,1.0,0.0153653814704765,155.29745483398438,0.3825275014168669,0.22748209035865236,0.38999041194977097
2023-03-22,0.0,1.0,0.0118733359126629,157.15234375,0.37332554445300054,0.2273037885166764,0.3993706633050327
2023-03-23,0.0,-1.0,-0.0091449760047843,155.72174072265625,0.3828423428031812,0.2373099039278828,0.37984774954364564
2023-03-24,1.0,1.0,0.0069450921491886,156.8070068359375,0.3623348534250704,0.23441617153260882,0.4032489862181917
2023-03-27,-1.0,1.0,0.008271440014103,158.10940551757812,0.3521199967041174,0.2325618109565573,0.4153181923393251
2023-03-28,1.0,-1.0,-0.0123695434513596,156.16571044921875,0.3956121076343674,0.27315127039019477,0.33123662197543774
2023-03-29,1.0,-1.0,-0.0039881164363076,155.5441436767578,0.4118923613364815,0.2690534416883624,0.3190541969751561
2023-03-30,1.0,-1.0,0.0195973841884944,158.62246704101562,0.4009977753018151,0.22676951665245834,0.3722327154963071
2023-03-31,1.0,1.0,0.0098411933301981,160.1912078857422,0.3811221434152483,0.22658677989662332,0.3922910804134187
2023-04-03,-1.0,1.0,0.0155230568285812,162.697265625,0.36653659136335454,0.22842966254272412,0.405033742368631
2023-04-04,-1.0,1.0,0.0076722312947438,163.9503173828125,0.3420518398632167,0.22848350551914332,0.42946464344176893
2023-04-05,-1.0,1.0,-0.003254815957973,163.4175567626953,0.3402041772539314,0.23339032054720768,0.42640548729769956
2023-04-06,-1.0,1.0,-0.0113546044023744,161.572509765625,0.36892371617306396,0.2539408749872173,0.37713539766384774
2023-04-10,-1.0,1.0,0.0054808457122774,162.4604949951172,0.3771931133957833,0.23702741227844676,0.38577947060047957
2023-04-11,-1.0,-1.0,-0.016101207695445,159.86563110351562,0.4494573303584901,0.2419937718395841,0.3085489127030871
2023-04-12,1.0,-1.0,-0.0076201931655884,158.6520538330078,0.4994139848646486,0.19835860318826504,0.3022274156723768
2023-04-13,1.0,-1.0,-0.0043626976343399,157.96141052246094,0.5149257430280674,0.1842722389496509,0.3008020142969915
2023-04-14,0.0,-1.0,0.0335350682092858,163.34848022460938,0.4849722425167615,0.18560342201004587,0.32942434664906356
2023-04-17,0.0,-1.0,-0.0021162558608721,163.00315856933594,0.5046640144502081,0.19324443950136969,0.3020915423231319
2023-04-18,0.0,-1.0,0.0001209373092229,163.0228729248047,0.5025428461716497,0.18947045659400732,0.3079866897837625
2023-04-19,-1.0,-1.0,0.0074767526125892,164.24632263183594,0.4806740571606103,0.18656972300017055,0.3327562086633483
2023-04-20,-1.0,-1.0,0.006944031309968,165.3908233642578,0.4575804134521142,0.1887686403430564,0.3536509424795391
2023-04-21,-1.0,-1.0,-0.0058636091197267,164.4238739013672,0.4830112828507275,0.19799951570388402,0.3189891977200982
2023-04-24,1.0,-1.0,-0.0098289649373761,162.815673828125,0.5121800869798554,0.19192149846740053,0.2958984182780345
2023-04-25,1.0,-1.0,0.0018768186452964,163.1215362548828,0.5123757981588095,0.189738615087483,0.29788557930312687
2023-04-26,1.0,-1.0,-0.009480425047516,161.58238220214844,0.5112928276961257,0.1611326321205278,0.3275745420459917
2023-04-27,1.0,-1.0,-6.110033777546974e-05,161.572509765625,0.5251632856744259,0.1558981523579555,0.31893856196761844
2023-04-28,-1.0,-1.0,0.0279996622860894,166.16041564941406,0.47099362278701384,0.18064908979683167,0.34835729859202536
2023-05-01,-1.0,-1.0,0.0075128330706254,167.4134521484375,0.43620056558009457,0.1799089326853421,0.3838905017345632
2023-05-02,-1.0,-1.0,-0.0005306920112088,167.3246307373047,0.4289671363146067,0.18995124968926866,0.3810816177214149
2023-05-03,-1.0,-1.0,-0.0062106853226236,166.2886505126953,0.4582631021812452,0.18893933964544984,0.3527975618985953
2023-05-04,1.0,-1.0,-0.006488216460716,165.21322631835938,0.4887307205046698,0.18794211325792123,0.3233271625121188
2023-05-05,1.0,-1.0,-0.0099629128840229,163.5753936767578,0.5022607411428031,0.17567334567089657,0.3220659057357198
2023-05-08,0.0,1.0,0.0458590234800381,171.25146484375,0.39166791885966656,0.1972459739248848,0.4110861034901583
2023-05-09,0.0,-1.0,-0.0004033554306659,171.18240356445312,0.4001732799761372,0.21327803250880517,0.38654869496563815
2023-05-10,0.0,-1.0,-0.0100212450045202,169.4755096435547,0.41856486723221925,0.2112937549963228,0.37014138894732873
2023-05-11,0.0,1.0,0.010367039108968,171.24160766601562,0.3796115919854689,0.20606054713214345,0.41432785343180695
2023-05-12,0.0,1.0,0.0010941671373296,171.4290771484375,0.38685518500896315,0.2080205016914734,0.40512432075014393
2023-05-15,0.0,-1.0,-0.005432281657154,170.50035095214844,0.4216450516425514,0.21673017011863724,0.36162477078823074
2023-05-16,1.0,-1.0,-0.0029015795842404,170.00634765625,0.46829017687185887,0.2301635763033148,0.30154624682482634
2023-05-17,1.0,-1.0,0.0,170.00634765625,0.4905648104356122,0.21782274392459397,0.291612445639794
2023-05-18,0.0,-1.0,0.0035967077036723,170.61891174316406,0.5092225028104743,0.19397719414563713,0.29680029559330806
2023-05-19,-1.0,-1.0,0.013573387131532,172.95057678222656,0.4621056208640876,0.18803039950125333,0.3498639833599494
2023-05-22,-1.0,-1.0,0.0006283267057429,173.0592803955078,0.44773588553620386,0.19299107179824818,0.3592730463908382
2023-05-23,-1.0,-1.0,-0.0054958647138759,172.11077880859375,0.4937361851305149,0.19951227661645865,0.30675153825302653
2023-05-24,1.0,-1.0,-0.0152709120201318,169.50245666503906,0.5269135158831703,0.18925534360564533,0.28383113678589433
2023-05-25,1.0,-1.0,0.0016306613574017,169.77908325195312,0.5047064915130486,0.19413784045166732,0.3011556792111551
2023-05-26,1.0,-1.0,0.0066701107588117,170.91531372070312,0.5122730028141376,0.1905879287162563,0.2971390721948963
2023-05-30,1.0,-1.0,0.014006221200995,173.32603454589844,0.4845947020601095,0.17783402194408138,0.33757127227051875
2023-05-31,1.0,-1.0,0.0106031513711127,175.17361450195312,0.45180364142024143,0.18754985539951868,0.3606465031802399
2023-06-01,1.0,-1.0,-0.0002819168973662,175.12423706054688,0.4493973358503654,0.18542069454068358,0.36518195843308005
2023-06-02,0.0,1.0,0.0158953828220362,177.93014526367188,0.369673133155657,0.2090071031629311,0.4213197674067021
2023-06-05,-1.0,1.0,0.0047639377093308,178.77981567382812,0.3496173158392695,0.20574232874266377,0.4446403405169054
2023-06-06,-1.0,1.0,-0.007599742938567,177.42628479003906,0.391626209211829,0.20572373049731404,0.402650060290857
2023-06-07,1.0,-1.0,-0.0020625309162736,177.0607147216797,0.4126028407967895,0.20438759124160952,0.38300956423631066
2023-06-08,1.0,-1.0,-0.0077863672266504,175.68740844726562,0.47423711402495294,0.22187014256263096,0.3038927396871257
2023-06-09,1.0,-1.0,0.0153464910981778,178.40438842773438,0.444753736691013,0.1945798762768293,0.36066637958157716
2023-06-12,1.0,-1.0,0.0021576256965294,178.78973388671875,0.44514009344812994,0.19470765574774074,0.3601522433535487
2023-06-13,1.0,1.0,0.0155176578068849,181.5857696533203,0.38936860024871234,0.21589518307941297,0.3947362278477455
2023-06-14,1.0,-1.0,-0.0026150921960198,181.1115264892578,0.39317652692430655,0.21513616995159882,0.3916873142999654
2023-06-15,1.0,-1.0,0.0034853560443552,181.74386596679688,0.3986680864394059,0.21048006567763478,0.39085184043237875
2023-06-16,-1.0,1.0,0.0111364509037634,183.77915954589844,0.3718414186549555,0.21336663868142247,0.41479195011420256
2023-06-20,0.0,-1.0,-0.0058773436690861,182.7021942138672,0.3993289127873649,0.21527611556195023,0.3853949828265558
2023-06-21,1.0,-1.0,0.0004867037258186,182.7911376953125,0.407431548816658,0.2110664093263729,0.381502041856969
2023-06-22,1.0,-1.0,-0.0056914078789849,181.75375366210932,0.47568188124292166,0.20462788021630712,0.3196902273649002
2023-06-23,-1.0,-1.0,0.0163902687236682,184.75729370117188,0.42533154877116364,0.20162589075461296,0.37304257165009425
2023-06-26,1.0,-1.0,-0.0017127779365563,184.4411163330078,0.43185089116065917,0.20017565360573014,0.3679734440577398
2023-06-27,1.0,-1.0,-0.0075818236700765,183.04800415039065,0.5009541131552022,0.18999789503443354,0.3090479918103643
2023-06-28,1.0,-1.0,0.0149469616161565,185.8045654296875,0.4168170428096842,0.20455573622842757,0.37862722468717847
2023-06-29,1.0,-1.0,0.0063078707226686,186.9803009033203,0.4012328962532087,0.21271778215661777,0.3860493327660444
2023-06-30,1.0,-1.0,0.0017947900640547,187.31619262695312,0.40230167862382415,0.21042114500021852,0.38727718755182805
2023-07-03,-1.0,1.0,0.0228397389777285,191.6436767578125,0.3686154555684547,0.20251727450903592,0.4288672661972191
2023-07-05,-1.0,1.0,-0.0078152065628853,190.1517791748047,0.3824710364764995,0.21986361628054119,0.39766535096824945
2023-07-06,-1.0,-1.0,-0.0058883705661676,189.0353851318359,0.41681475856397304,0.20298388330877493,0.38020136185254216
2023-07-07,-1.0,-1.0,0.0025052896567515,189.5095672607422,0.4239559049232329,0.1997474094784174,0.37629668187305937
2023-07-10,-1.0,-1.0,-0.0059083842008496,188.39317321777344,0.5005025775537173,0.18757537008138855,0.31192206354076507
2023-07-11,1.0,-1.0,-0.0109153576539241,186.3479766845703,0.5322273574378865,0.1843399586124422,0.2834326727738005
2023-07-12,1.0,-1.0,-0.0028140270806917,185.82432556152344,0.5271849736918406,0.19388463104561016,0.2789304101637105
2023-07-13,1.0,-1.0,0.0089454468316621,187.4940643310547,0.5116465987239331,0.20572772694642466,0.28262568178022285
2023-07-14,1.0,-1.0,0.0040492109808018,188.2548065185547,0.5017314770958982,0.19633397225676177,0.3019345469220498
2023-07-17,1.0,-1.0,0.0007870479256126,188.4030303955078,0.5105201588265823,0.1890217833680388,0.3004580652559597
2023-07-18,-1.0,-1.0,0.0171574540619829,191.66343688964844,0.4616762166586217,0.1871282375206123,0.35119554582076595
2023-07-19,0.0,-1.0,-0.0013411739770457,191.40655517578125,0.48285913561388905,0.18410545476309165,0.3330354096230193
2023-07-20,-1.0,-1.0,0.0070468487104651,192.7601318359375,0.43863439863510834,0.19073424489139634,0.3706313490229147
2023-07-21,0.0,-1.0,-0.0101486679387264,190.8137664794922,0.5054055405696448,0.1879455302217143,0.3066489366592216
2023-07-24,1.0,-1.0,-0.0061807525911373,189.63803100585932,0.520900076197769,0.18212538776544504,0.2969745285862055
2023-07-25,1.0,-1.0,0.0042111481772758,190.4383087158203,0.5100907461006187,0.18810175362908765,0.3018074965450036
2023-07-26,1.0,-1.0,0.0045034220661433,191.29786682128903,0.49029397667322366,0.16921390864263575,0.3404921295853019
2023-07-27,-1.0,-1.0,0.0045346870447987,192.1673126220703,0.4939503160738992,0.1772019861557789,0.32884771267148305
2023-07-28,1.0,-1.0,-0.0066025660577573,190.90269470214844,0.4842474251509097,0.1615540740368812,0.3541984914989832
2023-07-31,-1.0,-1.0,0.0134174561460188,193.48138427734372,0.4783529475601237,0.17592092460570163,0.34572612783417456
2023-08-01,-1.0,-1.0,0.0031610092045826,194.0939483642578,0.4609986060245937,0.17998870436363207,0.35901270078764513
2023-08-02,-1.0,-1.0,-0.0042850637846174,193.26402282714844,0.48672323132894174,0.18136121838819236,0.3319155540081562
2023-08-03,-1.0,-1.0,-0.0156111847806905,190.27037048339844,0.5277765095742182,0.1720119828741692,0.3002115075516127
2023-08-04,-1.0,-1.0,-0.007348686085437,188.87725830078125,0.5471639366498368,0.15403839407677766,0.2987976692733855
2023-08-07,-1.0,-1.0,-0.0492112489790563,179.807373046875,0.49383863372379494,0.16591970779606494,0.3402416510295595
2023-08-08,0.0,-1.0,-0.017404183240937,176.70504760742188,0.4684979828332624,0.1612853596784568,0.37021666866415165
2023-08-09,0.0,-1.0,0.0052974395406046,177.64361572265625,0.4643627316673884,0.1581362283467992,0.3775010474363929
2023-08-10,0.0,-1.0,-0.0089946804102131,176.0529327392578,0.4522297472870092,0.16244577955729922,0.38532446570511103
2023-08-11,-1.0,-1.0,-0.0012353997095784,175.8355712890625,0.43393746008963724,0.1636112930407478,0.40245125432019546
2023-08-14,-1.0,-1.0,0.0003375990785787,175.8949432373047,0.43305733879550556,0.17516109925755738,0.3917815619469369
2023-08-15,-1.0,-1.0,0.0093492161865847,177.54713439941406,0.4507779940962156,0.19082156952655627,0.35840043637722807
2023-08-16,-1.0,1.0,-0.0112633517863103,175.55857849121094,0.4060234579796531,0.17290310633386835,0.4210734394117688
2023-08-17,-1.0,1.0,-0.0049713966236389,174.68797302246094,0.4041530328469394,0.17360721635508533,0.42223975452326556
2023-08-18,1.0,1.0,-0.0146622513632463,172.1453399658203,0.3997344228863529,0.18545693468786906,0.4148086573269393
2023-08-21,1.0,1.0,0.0028121914307216,172.630126953125,0.40434909633292054,0.1871224101258431,0.4085284935412363
2023-08-22,1.0,-1.0,0.0077069197187791,173.96571350097656,0.4332396300199686,0.18894565596296048,0.3778147102917805
2023-08-23,1.0,-1.0,0.0078738287250155,175.3408966064453,0.45323239166132767,0.1797199624658106,0.36704763469699053
2023-08-24,-1.0,-1.0,0.0217114986471303,179.18943786621094,0.505754222721392,0.20165220650123258,0.29259356332679487
2023-08-25,1.0,-1.0,-0.0265189915684062,174.49996948242188,0.46229758646070473,0.18805031906810818,0.34965210564705784
2023-08-28,1.0,-1.0,0.0125639408449994,176.70620727539062,0.46526993419184093,0.2239602024463782,0.31076985963649045
2023-08-29,1.0,-1.0,0.0088071763865603,178.2693634033203,0.44411365411025927,0.2511831361325068,0.30470320975723386
2023-08-30,1.0,-1.0,0.0215758526419361,182.157470703125,0.42538353859438793,0.2576504721172872,0.31696599673890546
2023-08-31,-1.0,-1.0,0.0189907892045197,185.64984130859372,0.39402069178709237,0.24188312036573023,0.36409618039659675
2023-09-01,-1.0,-1.0,0.0011716069336424,185.8674774169922,0.39122734366890893,0.24663689125158234,0.36213577253008944
2023-09-05,-1.0,-1.0,0.0084277236711967,187.44053649902344,0.3945408473283074,0.2366314115381383,0.36882774485884445
2023-09-06,-1.0,-1.0,0.0012659574977451,187.677978515625,0.397695015774291,0.2383204921318708,0.36398449209383804
2023-09-07,-1.0,-1.0,-0.0364496250792465,180.9603576660156,0.4369149402982867,0.24856281404422853,0.3145222531080653
2023-09-08,-1.0,-1.0,-0.0296856175168153,175.66738891601562,0.42102148035213777,0.219949594692736,0.3590289249551261
2023-09-11,-1.0,-1.0,0.0034856762558673,176.28077697753906,0.43471932844879324,0.21692589526584666,0.34835477628535993
2023-09-12,-1.0,-1.0,0.0066006675166961,177.4481964111328,0.4798883973672453,0.19451000695177623,0.3256015956809786
2023-09-13,0.0,-1.0,-0.0172078177406649,174.4208221435547,0.48839067642314504,0.17643572061964619,0.3351735992319183
2023-09-14,1.0,-1.0,-0.0119255968108277,172.3531036376953,0.47461005470595813,0.18253149666965515,0.3428584560749673
2023-09-15,0.0,-1.0,0.0087442229362579,173.86680603027344,0.4951202568622789,0.1734013101428175,0.33147842554432294
2023-09-18,1.0,-1.0,-0.0041625726532851,173.1445770263672,0.4874790655754015,0.17702196203655396,0.3354989723880445
2023-09-19,-1.0,-1.0,0.016771806494798,176.07301330566406,0.5041616600222326,0.16870643501275198,0.3271319124155959
2023-09-20,-1.0,-1.0,0.0061619495377533,177.16131591796875,0.5011937086595327,0.16824380753824783,0.33056248380221936
2023-09-21,-1.0,-1.0,-0.0201948080568644,173.6194610595703,0.48663960632955416,0.17363643824216074,0.33972396287886564
2023-09-22,-1.0,-1.0,-0.0089293696997149,172.0760498046875,0.4767945134865586,0.17964595341413106,0.3435595219234393
2023-09-25,-1.0,-1.0,0.0049325811090383,172.9269256591797,0.4833215935243711,0.17593529515332007,0.3407431075970185
2023-09-26,-1.0,-1.0,0.00735315595345,174.2031707763672,0.4857303335052283,0.17393431381063615,0.3403353564094258
2023-09-27,0.0,-1.0,-0.0236766072243534,170.1270751953125,0.45853078553790955,0.18280457184866902,0.35866463143755056
2023-09-28,0.0,-1.0,-0.0089372092990569,168.61338806152344,0.4488326639107818,0.19006263805480406,0.361104683133253
2023-09-29,1.0,-1.0,0.0015243238906887,168.87060546875,0.46009960596705723,0.18686299886026012,0.3530373951726826
2023-10-02,1.0,-1.0,0.0030420550846724,169.38510131835938,0.47012628129033684,0.1801778664306269,0.34969585227903627
2023-10-03,1.0,-1.0,0.0147265086652808,171.89801025390625,0.4815991550161297,0.17151057437819767,0.34689027060567257
2023-10-04,1.0,-1.0,-0.0078002545251667,170.5623779296875,0.48907680160170314,0.1606472247462229,0.3502759736520739
2023-10-05,1.0,-1.0,0.0072819900416169,171.80894470214844,0.4649892867499128,0.16234214673596117,0.3726685739647066
2023-10-06,1.0,-1.0,0.0071722081796934,173.04562377929688,0.415756372784464,0.18486541724997976,0.3993782025149757
2023-10-09,1.0,1.0,0.0146429205934689,175.59815979003906,0.4021008194646303,0.19098673580442205,0.4069124484562381
2023-10-10,0.0,1.0,0.0084156525227045,177.08216857910156,0.37806168515513927,0.19855637171000953,0.42338194313485134
2023-10-11,0.0,1.0,-0.0033579053466941,176.48854064941406,0.3725094400448353,0.19537188297467514,0.43211868443107004
2023-10-12,-1.0,1.0,0.0078729738445966,177.88351440429688,0.37291776653860725,0.2086405633065332,0.41844166642956926
2023-10-13,-1.0,1.0,0.0050484073757492,178.7838134765625,0.377227559543422,0.2149465408927758,0.40782589583851186
2023-10-16,-1.0,-1.0,-0.0103460136840921,176.9436492919922,0.39966301932790965,0.22028075923760487,0.38005623633564656
2023-10-17,-1.0,-1.0,-0.0007271416653658,176.81503295898438,0.39977085800484924,0.22006501358980488,0.38016414330650705
2023-10-18,-1.0,-1.0,-0.0088236080736837,175.26174926757812,0.410665083874033,0.207002566543519,0.38233234958244805
2023-10-19,-1.0,-1.0,-0.0074223356108414,173.96571350097656,0.41085755693792964,0.20816966533453418,0.3809727889034071
2023-10-20,-1.0,-1.0,-0.0021632857879265,173.58978271484375,0.41833072667705634,0.19959907760773118,0.38207020689108334
2023-10-23,-1.0,-1.0,-0.0148133277582094,171.03729248046875,0.4762074444296092,0.1650870619176987,0.35870550110327265
2023-10-24,-1.0,-1.0,0.0006938381566481,171.156005859375,0.48173901436590805,0.1600283814511751,0.35823260790820716
2023-10-25,-1.0,-1.0,0.0025399031367829,171.59127807617188,0.4898393470750285,0.15372914463127985,0.3564315194695625
2023-10-26,-1.0,-1.0,-0.0135833016260158,169.27626037597656,0.468670799074569,0.16176241105163913,0.3695667749726306
2023-10-27,1.0,-1.0,-0.0249133885959587,165.11111450195312,0.4467436226383431,0.17079793370923838,0.38245845482828933
2023-10-30,1.0,-1.0,0.0079376596742541,166.4269256591797,0.45439366502915324,0.17313622016530777,0.37247011108024863
2023-10-31,1.0,-1.0,0.0122303543472015,168.47488403320312,0.4722827580305236,0.17158820199240118,0.3561290288012043
2023-11-01,1.0,-1.0,0.0028146675498656,168.9497528076172,0.47702072856131544,0.17002325973124782,0.3529560042568562
2023-11-02,1.0,-1.0,0.0185652634010112,172.1156463623047,0.4797090495336757,0.17123628742161204,0.3490546723579381
2023-11-03,1.0,-1.0,0.0204821296226914,175.6772918701172,0.4075572239795452,0.2218783148886919,0.37056445740647276
2023-11-06,1.0,-1.0,-0.0051945707825183,174.76708984375,0.4046878071266037,0.2259401335197649,0.3693720593536315
2023-11-07,1.0,-1.0,0.0144994694247748,177.319580078125,0.38920080481590247,0.23194975893331776,0.3788494325254893
2023-11-08,1.0,1.0,0.0143473748590133,179.88198852539062,0.3778651070038155,0.2083187782378015,0.4138161073078024
2023-11-09,1.0,-1.0,0.0058676860757789,180.94058227539065,0.3990951437653283,0.2065273402977703,0.3943775308380625
2023-11-10,1.0,-1.0,-0.0026280649284558,180.46568298339844,0.4125070097324072,0.20578139881710544,0.3817116044890033
2023-11-13,1.0,-1.0,0.0229545244889483,184.65609741210932,0.3997264345490878,0.2149538180869699,0.38531974736394226
2023-11-14,1.0,-1.0,-0.0086206110448662,183.0710906982422,0.40423206528204253,0.21578410323193806,0.37998382031014843
2023-11-15,1.0,-1.0,0.014184521120805,185.68637084960932,0.3899678831020708,0.22945138911991214,0.3805807203274364
2023-11-16,1.0,-1.0,0.0030362740256304,186.2510223388672,0.40989482582497067,0.2445521528613066,0.34555302876430327
2023-11-17,0.0,-1.0,0.0090015297889152,187.9351348876953,0.4042524075500154,0.2592591093821708,0.33648847189194286
2023-11-20,0.0,-1.0,-0.0001053112901618,187.91534423828125,0.4138614974093533,0.2577813823801398,0.3283571202105068
2023-11-21,0.0,-1.0,0.0092353354774323,189.65884399414065,0.415490888020635,0.26898422710509373,0.31552489977543224
2023-11-22,0.0,-1.0,-0.0042397224431961,188.8564453125,0.363884015760799,0.29218646259212344,0.3439295216470775
2023-11-24,0.0,-1.0,0.003508370702096,189.5201873779297,0.3688897378504965,0.2918847674912789,0.33922548720764395
2023-11-27,0.0,-1.0,-0.0070289312560189,188.19273376464844,0.3939936971142244,0.2715308213937921,0.3344754814919835
2023-11-28,0.0,-1.0,-0.0009481199536778,188.0143890380859,0.3843415320476401,0.24331867537081212,0.3723398000321283
2023-11-29,1.0,-1.0,0.0032090905210736,188.61871337890625,0.4181888043603227,0.23511624486998015,0.3466949395938262
2023-11-30,1.0,-1.0,-0.0054244658428446,187.59832763671875,0.4360723946133487,0.20089518174072066,0.3630324273712208
2023-12-01,1.0,-1.0,0.0030580848757721,188.1728973388672,0.45719167938881883,0.17903277317035404,0.3637755586166981
2023-12-04,-1.0,-1.0,0.0067683442957299,189.45083618164065,0.49413573673223066,0.1798843460324115,0.3259799135100676
2023-12-05,1.0,-1.0,-0.0095098321967624,187.65773010253903,0.4815873645989165,0.17063339049031467,0.3477792374601884
2023-12-06,0.0,-1.0,0.020844570203085,191.6104278564453,0.47297011876889783,0.17598951316225173,0.35104035689297963
2023-12-07,1.0,-1.0,-0.0057031664227871,190.520751953125,0.48699471016965834,0.1725389591589205,0.3404663343967115
2023-12-08,1.0,-1.0,0.0100881648040472,192.45248413085932,0.449911787400981,0.17441894270756794,0.375669281067322
2023-12-11,-1.0,1.0,0.0073851116313267,193.8790283203125,0.3976955409643887,0.1925421654995752,0.40976228981074575
2023-12-12,1.0,-1.0,-0.0130116646275726,191.3726806640625,0.49304127026510225,0.1729907206885755,0.3339680015957417
2023-12-13,1.0,-1.0,0.0078888760970965,192.88836669921875,0.46621862797014846,0.17180349110702064,0.3619778660216697
2023-12-14,-1.0,1.0,0.0165537703050932,196.10797119140625,0.3992450816081558,0.18982902626660483,0.4109258846746586
2023-12-15,-1.0,1.0,0.0007573306437522,196.2565460205078,0.38991397697641433,0.19268116817820496,0.4174048585706709
2023-12-18,-1.0,1.0,-0.0027293749930607,195.72161865234372,0.40182260360269234,0.19376165746622612,0.40441572775521056
2023-12-19,-1.0,-1.0,-0.0085397984562443,194.05731201171875,0.4744563868680697,0.1825848538141657,0.34295875186718416
2023-12-20,-1.0,-1.0,0.0053459924117096,195.09751892089844,0.4768288675832458,0.17740224197530843,0.34576890534260707
2023-12-21,-1.0,-1.0,-0.0107717093147563,193.00726318359372,0.5036202766990381,0.1804044898354198,0.31597522974025194
2023-12-22,-1.0,-1.0,-0.0007704017134843,192.8586273193359,0.5001615564687172,0.19133531120204644,0.3085031435051073
2023-12-26,-1.0,-1.0,-0.0055628754896459,191.78875732421875,0.5316074562750464,0.16574216216796328,0.3026503741064099
2023-12-27,-1.0,-1.0,-0.0028449856790645,191.243896484375,0.5132618557503893,0.1468120875684359,0.33992606226911015
2023-12-28,-1.0,-1.0,0.0005180827544672,191.3430023193359,0.5393900988435104,0.15402764371545086,0.30658226116632903
2023-12-29,-1.0,-1.0,0.0022236282007712,191.7689514160156,0.5353099544338151,0.15554946311475493,0.30914058617672024
