Date,Actual,Predicted,Log_Return,Close,Proba
2016-03-16,1,0,0.0004397687233668,37.2470703125,0.48174737555254826
2016-03-17,1,0,0.0090056332584709,37.58401870727539,0.49661696403462097
2016-03-18,0,0,0.0014779340542998,37.63960647583008,0.49308001892136405
2016-03-21,1,1,-0.0040557468421973,37.48725891113281,0.514610538330882
2016-03-22,0,0,0.0088957445908832,37.82222366333008,0.47860242147967036
2016-03-23,0,1,-0.0027723075428674,37.71751403808594,0.5017564730832643
2016-03-24,0,1,-0.0032814602390104,37.59394836425781,0.5086697961320438
2016-03-28,0,0,-0.0035968107979182,37.4589729309082,0.49949348710886776
2016-03-29,1,1,-0.0020688120062987,37.38155746459961,0.5114085533667458
2016-03-30,1,1,0.0166015172409714,38.00732803344727,0.5149503126335491
2016-03-31,0,1,0.0031937045753806,38.12890625,0.5002701099399726
2016-04-01,1,0,-0.0071053363827044,37.85894775390625,0.49666587674868123
2016-04-04,0,1,0.0088349595801047,38.19491195678711,0.5087119609026587
2016-04-05,0,1,-0.0059293143710943,37.96911239624024,0.5139421625716449
2016-04-06,1,1,-0.0085975677238074,37.64406967163086,0.5020683307196699
2016-04-07,0,1,0.0124458307467314,38.115509033203125,0.5078135277543057
2016-04-08,0,0,-0.0104044764559222,37.72099304199219,0.4659840968858051
2016-04-11,0,1,-0.0008555151297223,37.68873596191406,0.5180226564055193
2016-04-12,1,1,-0.0025444606219986,37.592960357666016,0.5187005134375677
2016-04-13,1,1,0.0089100671964628,37.92941284179688,0.5104332393080978
2016-04-14,1,0,0.0098814524992924,38.30606842041016,0.48981053284537196
2016-04-15,1,0,0.0044981657600271,38.478763580322266,0.4767685740147922
2016-04-18,1,1,0.0059278832607081,38.70753860473633,0.5102445665598659
2016-04-19,0,0,0.0097979552479918,39.08865737915039,0.49005359874032467
2016-04-20,0,0,-0.0146173002437025,38.52144241333008,0.45994463559193044
2016-04-21,1,0,-0.0017148501146847,38.45544052124024,0.4906802443457667
2016-04-22,0,0,0.0065341951103952,38.70753860473633,0.45488689119488596
2016-04-25,1,1,-0.0556617732273614,36.61187362670898,0.538705246949197
2016-04-26,0,1,0.0060000413733795,36.83220672607422,0.5140050159521203
2016-04-27,0,0,-0.0229502444365841,35.996524810791016,0.48621649413558055
2016-04-28,0,1,-0.005404950156004,35.802490234375,0.5666795236631725
2016-04-29,1,0,-0.0229941270721386,34.9886360168457,0.4883906942168189
2016-05-02,1,1,0.0039916689957939,35.12857818603516,0.5308901161473253
2016-05-03,0,1,0.0091825286078951,35.452632904052734,0.5922991796186305
2016-05-04,1,1,-0.008391854096631,35.15636444091797,0.6018463661695805
2016-05-05,1,1,0.0041273081650963,35.30176544189453,0.5712269357701699
2016-05-06,1,1,0.0046844199077385,35.46752166748047,0.5605644204811152
2016-05-09,1,1,0.0145427914909139,35.98708724975586,0.5508223981645959
2016-05-10,1,1,0.0054322289572075,36.18310928344727,0.5400836911364362
2016-05-11,0,1,0.0139601307391526,36.6917724609375,0.5390304383780199
2016-05-12,0,1,-0.0120144612923456,36.25357818603515,0.5616478855521653
2016-05-13,0,1,-0.0034004679077706,36.13050842285156,0.5498177266845923
2016-05-16,1,1,-0.0044600672971467,35.969722747802734,0.5557689599252141
2016-05-17,0,1,0.007518397874645,36.24117660522461,0.5603344721414241
2016-05-18,1,1,-0.0139405474227038,35.73945999145508,0.506104576577155
2016-05-19,0,1,0.002205406403033,35.81836700439453,0.5147767527267502
2016-05-20,1,1,-0.0090044070341227,35.497291564941406,0.5294862946033579
2016-05-23,0,1,0.0089073797797725,35.81489181518555,0.510051762006266
2016-05-24,1,1,-0.0061988630862643,35.59356689453125,0.521988476667791
2016-05-25,1,1,0.0217622174589286,36.376651763916016,0.5247470953680138
2016-05-26,0,1,0.0068925660100824,36.62824630737305,0.5001020229681725
2016-05-27,1,0,-0.0015863646868025,36.57018661499024,0.4914103038590748
2016-05-31,1,1,0.0143752647639817,37.09968948364258,0.5133325465526299
2016-06-01,0,0,0.0016705041110973,37.16171646118164,0.4640994646915264
2016-06-02,0,0,-0.0005209882177777,37.14236068725586,0.4560085572758872
2016-06-03,0,0,-0.0056139599209325,36.93442916870117,0.4852594352888532
2016-06-06,0,0,-0.0113638943936465,36.517086029052734,0.47415024807966744
2016-06-07,1,1,-0.0079131958580117,36.2292594909668,0.5103582397821733
2016-06-08,1,1,0.0014099354154822,36.28037643432617,0.5260316590981254
2016-06-09,0,0,0.0160652069821861,36.86793518066406,0.48011648368206156
2016-06-10,0,0,-0.00055195376002,36.84759140014648,0.4547759555452799
2016-06-13,0,0,-0.0126450216185341,36.38458633422851,0.46348083216408986
2016-06-14,1,0,-0.0017882406644462,36.319580078125,0.4731064221453849
2016-06-15,0,1,0.0018701202979711,36.38756561279297,0.531453151282428
2016-06-16,0,0,-0.0014467232359358,36.3349609375,0.4829393786169074
2016-06-17,0,1,-0.0109033294441649,35.940940856933594,0.5767043930095026
2016-06-20,1,1,-0.0280032112802197,34.94844055175781,0.5055097626565678
2016-06-21,1,1,0.0026659771435452,35.0417366027832,0.5665347363099608
2016-06-22,1,1,0.0038868489898211,35.17820358276367,0.5780113940845948
2016-06-23,1,1,0.0022404453345874,35.25710678100586,0.5276223419614259
2016-06-24,0,1,0.006173856512305,35.4754524230957,0.5818153864828695
2016-06-27,0,0,-0.0423899127795672,34.00307846069336,0.4843251600192745
2016-06-28,1,1,-0.0059428831208576,33.80160140991211,0.56436636839415
2016-06-29,1,1,0.0147482498495407,34.303810119628906,0.629304337850058
2016-06-30,1,1,0.0056692797004067,34.49884033203125,0.6135306980261632
2016-07-01,1,1,0.0119252964516398,34.91271209716797,0.5934855274404565
2016-07-05,0,1,0.009506515140535,35.246192932128906,0.5741863006194547
2016-07-06,1,1,-0.0075753942215424,34.98019790649414,0.555463128273303
2016-07-07,0,1,0.0057715214082545,35.18267059326172,0.5875764346008584
2016-07-08,1,1,-0.002414837747031,35.09781265258789,0.5843553037337472
2016-07-11,1,1,0.0147647957238993,35.619869232177734,0.5680211899033727
2016-07-12,1,1,0.0130383294943733,36.08733367919922,0.5081916451140727
2016-07-13,0,0,0.0072755230368851,36.35084533691406,0.4685722226567799
2016-07-14,1,1,-0.0041450417005289,36.20048141479492,0.5319070618798452
2016-07-15,0,0,0.0086264636857886,36.51411437988281,0.4614452466384411
2016-07-18,1,1,-0.0002312229452421,36.505672454833984,0.5359362881756642
2016-07-19,1,0,0.0236035714760729,37.377586364746094,0.48848531942120377
2016-07-20,1,1,0.0002788867589367,37.38801193237305,0.5440399205413765
2016-07-21,0,0,0.0048591872017138,37.57012939453125,0.4960636555845669
2016-07-22,1,1,-0.0035328614745051,37.4376335144043,0.5326399493331682
2016-07-25,0,1,0.0064346911268386,37.6793098449707,0.5173253460571006
2016-07-26,1,1,-0.002320708500543,37.59196853637695,0.546933585500157
2016-07-27,1,1,0.0001714803957463,37.59841537475586,0.5054347406734508
2016-07-28,1,0,0.0056856995361058,37.81279754638672,0.4887982414640615
2016-07-29,1,0,0.0050662387906373,38.00485229492188,0.46316192869041983
2016-08-01,1,1,0.0327543221921124,39.270286560058594,0.5054289459234894
2016-08-02,0,0,0.012058276364444,39.74668502807617,0.4434237876000334
2016-08-03,0,1,-0.0010243882677874,39.70598983764648,0.5525945433624174
2016-08-04,0,1,-0.0015009307557916,39.64643859863281,0.5046531253206861
2016-08-05,1,0,-0.0020924253657341,39.563568115234375,0.4962428710073553
2016-08-08,0,1,0.012068786157727,40.0439453125,0.5067269543122701
2016-08-09,1,0,-0.0021091494394788,39.95957565307617,0.4668762206598876
2016-08-10,1,0,0.0027903319960243,40.071231842041016,0.4264750657347264
2016-08-11,0,0,0.0012500236500629,40.12135314941406,0.4507818275688901
2016-08-12,0,0,-0.0003586071190323,40.10696792602539,0.4871142157926065
2016-08-15,0,0,-0.0014239049547052,40.04990005493164,0.4511873549984878
2016-08-16,0,0,-0.0013517289450674,39.99580001831055,0.4624095644990995
2016-08-17,1,1,-0.0059358482573063,39.75909423828125,0.5199236672683112
2016-08-18,0,0,0.0052655016880377,39.968997955322266,0.49789338497899926
2016-08-19,0,1,-0.0033202814275051,39.83650970458984,0.5369002944262438
2016-08-22,0,0,-0.0038693337826337,39.68266677856445,0.4916915139471212
2016-08-23,0,0,-0.0033820890308696,39.54868316650391,0.48224072557509945
2016-08-24,0,0,-0.0004519972494028,39.53081130981445,0.48491111861994907
2016-08-25,0,0,-0.0037605002183397,39.3824348449707,0.46323617242008774
2016-08-26,1,1,-0.0029024431640826,39.26829528808594,0.5059960757355373
2016-08-29,1,1,0.0024235351388395,39.36357879638672,0.5135029275193737
2016-08-30,0,1,0.0032724034393095,39.49260330200195,0.5442599007965783
2016-08-31,0,1,-0.0049124840709768,39.299072265625,0.5036008648527237
2016-09-01,1,1,-0.0026173767389369,39.19634628295898,0.5125274861489681
2016-09-02,1,1,0.0019604934501727,39.27326583862305,0.5068332367453038
2016-09-06,1,0,0.00688785748738,39.544708251953125,0.49983975805992104
2016-09-07,0,0,0.0138952267196451,40.098026275634766,0.47680490253765584
2016-09-08,0,0,-3.691278584162475e-05,40.0965461730957,0.4578976342351226
2016-09-09,0,0,-0.0063943476475941,39.84097290039063,0.45178846617711055
2016-09-12,1,0,-0.0180484072094198,39.12835693359375,0.44589757410478226
2016-09-13,0,1,0.013028682809503,39.641483306884766,0.5044355252876633
2016-09-14,1,0,-0.0127242619940677,39.1402702331543,0.4806060332916185
2016-09-15,1,1,0.002203530121036,39.22661209106445,0.5078356336676797
2016-09-16,0,1,0.0135330947646654,39.761077880859375,0.5024993694433513
2016-09-19,0,0,-0.0040772327185424,39.59929275512695,0.48350802951677274
2016-09-20,1,1,-0.0032382511536491,39.47126770019531,0.5111877846700481
2016-09-21,1,0,0.0055040227772695,39.68911743164063,0.48849805740101304
2016-09-22,1,1,0.0065428764809786,39.949649810791016,0.522225449052816
2016-09-23,0,1,0.0134736033049874,40.49155807495117,0.541062375184548
2016-09-26,0,1,-0.0012140633161342,40.44242858886719,0.5255113619234699
2016-09-27,1,0,-0.0152202154025026,39.83154678344727,0.455162774946175
2016-09-28,0,1,0.0100162293909931,40.232513427734375,0.5256250543034895
2016-09-29,0,1,-0.0008266654755635,40.19926834106445,0.5117595500975963
2016-09-30,1,0,-0.0092021099628958,39.83104705810547,0.44971913573243716
2016-10-03,0,1,0.0017675365481683,39.901512145996094,0.535793480626861
2016-10-04,1,1,-0.0045872035666963,39.718894958496094,0.5087027126172775
2016-10-05,0,0,0.0030065006491821,39.8384895324707,0.4666817304049735
2016-10-06,1,1,-0.0019450275555954,39.761077880859375,0.5316471618086711
2016-10-07,0,0,0.0023061466726296,39.85287857055664,0.49825535669569926
2016-10-10,1,0,-0.0029554908012755,39.73526763916016,0.4921203138094251
2016-10-11,0,1,0.0166705545980379,40.403228759765625,0.5087033145868712
2016-10-12,1,0,-0.0056660433136942,40.174949645996094,0.4640460851936714
2016-10-13,0,0,0.0027137496164815,40.284122467041016,0.4751540734232488
2016-10-14,1,0,-0.0095182342731625,39.90250778198242,0.479997535060389
2016-10-17,1,1,0.0006464323877086,39.92831039428711,0.5249684920170887
2016-10-18,1,1,0.0027801284075859,40.03947067260742,0.5132450597265351
2016-10-19,1,0,0.0179944282587954,40.7664794921875,0.4832193964958398
2016-10-20,0,1,0.0064913801262339,41.0319709777832,0.5156366056560179
2016-10-21,1,0,-0.0063209021728215,40.77342987060547,0.4715548691016421
2016-10-24,1,0,0.0029531101706522,40.89401626586914,0.48785421344243063
2016-10-25,0,1,0.014074120620512,41.4736328125,0.5140091946818848
2016-10-26,0,0,-0.0086402781897524,41.1168327331543,0.4880437670938559
2016-10-27,0,0,-0.0078151935269549,40.79674911499024,0.4687718119904304
2016-10-28,1,1,-0.0057946131687223,40.561031341552734,0.5105893296166859
2016-10-31,0,1,0.0027004281472482,40.670711517333984,0.501757842942208
2016-11-01,0,0,-0.0118571997710196,40.19131851196289,0.48617954697424764
2016-11-02,0,0,-0.0054722800068088,39.971981048583984,0.4971887792042478
2016-11-03,0,1,-0.0214073360444018,39.12538146972656,0.5185945967158263
2016-11-04,0,0,-0.0079333138672641,38.81621551513672,0.4793369703887548
2016-11-07,1,0,-0.0013943268761733,38.76213073730469,0.4994674205726198
2016-11-08,1,1,0.0264426875556258,39.800777435302734,0.5344909295107048
2016-11-09,0,1,0.0123295403107415,40.29454040527344,0.5448679428866361
2016-11-10,0,1,-0.0079005985257327,39.97744369506836,0.5745540898223082
2016-11-11,0,1,-0.0319092435867947,38.72193145751953,0.521743392021661
2016-11-14,0,1,-0.0110049733891585,38.298133850097656,0.5589423881682223
2016-11-15,1,1,-0.0243033038559701,37.37858200073242,0.5100021766048517
2016-11-16,1,1,0.0287119631018474,38.46735000610352,0.5971086729446461
2016-11-17,1,1,0.0061989235545927,38.70654678344727,0.5370599673227382
2016-11-18,0,1,0.0078920499683044,39.01322937011719,0.5558223976150194
2016-11-21,1,1,-0.0130464958084873,38.50754928588867,0.5518940537017997
2016-11-22,1,1,0.0113150814081035,38.94573974609375,0.537326368374157
2016-11-23,0,1,0.0002546350447205,38.955657958984375,0.5509526696090561
2016-11-25,1,1,-0.0076726282920739,38.65790939331055,0.5301192198834862
2016-11-28,1,1,0.0015780020137121,38.71895980834961,0.5292957875204098
2016-11-29,1,0,0.0071004860808261,38.9948616027832,0.4884832665681736
2016-11-30,0,1,0.0046344946023476,39.176002502441406,0.503095582344361
2016-12-01,0,0,-0.0173259820115694,38.50308609008789,0.4914193110911513
2016-12-02,1,0,-0.0149983456782222,37.92991256713867,0.4893806245390733
2016-12-05,1,1,0.0001701537975202,37.93636703491211,0.534434594661883
2016-12-06,0,1,0.0178394007334017,38.61920166015625,0.5589365972585825
2016-12-07,1,1,-0.0026248905769132,38.51796340942383,0.5407793776479293
2016-12-08,1,1,0.0195077977799054,39.27674102783203,0.5032470876223084
2016-12-09,1,0,0.0046638589036554,39.46035003662109,0.49212159830452173
2016-12-12,0,1,0.0177990557621316,40.16899490356445,0.5302306139993911
2016-12-13,1,1,-0.0019167344510219,40.09207534790039,0.5078520753432535
2016-12-14,1,1,0.0091668895018079,40.46128463745117,0.5025305096460762
2016-12-15,0,1,0.0031227698212081,40.587833404541016,0.5043767310712233
2016-12-16,0,1,-0.0027427043628013,40.47666549682617,0.5396599571563988
2016-12-19,1,1,-0.00714857292909,40.18834686279297,0.5102314961683949
2016-12-20,1,1,0.0032792457598764,40.320350646972656,0.5039779001510805
2016-12-21,0,1,0.0033175627605912,40.45433807373047,0.5300578788175055
2016-12-22,0,1,-0.0036867980644757,40.30546569824219,0.5015489456935583
2016-12-23,0,1,-0.00310755949111,40.1804084777832,0.5058608704141369
2016-12-27,1,1,-0.0023244384208152,40.08712005615234,0.5054815450369478
2016-12-28,0,0,0.0026332280736801,40.19281768798828,0.49076149835868144
2016-12-29,0,1,-0.0066399699689929,39.92682266235352,0.5293818256702443
2016-12-30,0,0,-0.0021026090935331,39.842960357666016,0.4938444706388784
2017-03-16,1,1,0.0028598486719781,43.09389114379883,0.529073618063015
2017-03-17,1,0,0.0018523473920984,43.173789978027344,0.49396690987789854
2017-03-20,0,1,0.002720336200207,43.29139709472656,0.5168368902515245
2017-03-21,0,1,-0.0051256476196832,43.070068359375,0.5239844072308856
2017-03-22,0,1,-0.0206868662198657,42.188236236572266,0.528096506099338
2017-03-23,0,1,-0.000399921070209,42.17136764526367,0.5236038901741406
2017-03-24,0,0,-0.0120158501630094,41.66767501831055,0.49855788121459554
2017-03-27,1,1,-0.0053859301572073,41.4438591003418,0.5543216184860963
2017-03-28,1,1,0.0040273134613819,41.61110305786133,0.5672815373355629
2017-03-29,1,1,0.0025249307503899,41.71630096435547,0.5466817095566778
2017-03-30,0,1,0.0109318486308672,42.17483901977539,0.5101581086198759
2017-03-31,0,1,-0.0004590466097047,42.15548324584961,0.5329432649865298
2017-04-03,1,1,-0.0019796418192286,42.072113037109375,0.5465072526987469
2017-04-04,0,1,0.0105014265582311,42.516258239746094,0.5158893985841682
2017-04-05,0,1,-0.0048908222718096,42.3088264465332,0.5272381162298888
2017-04-06,0,0,-0.0043020888513368,42.127201080322266,0.49782946589386023
2017-04-07,0,1,-0.0044983061682737,41.93812561035156,0.5289693610272722
2017-04-10,0,1,-0.0035561254736157,41.78925323486328,0.5166485734551671
2017-04-11,0,1,-0.0004752470129827,41.7693977355957,0.5416052048912291
2017-04-12,1,1,-0.0021646124443392,41.679080963134766,0.5063070167640813
2017-04-13,0,1,0.0018796298469003,41.75749588012695,0.5139038119930981
2017-04-17,1,1,-0.0015224697462962,41.6939697265625,0.5460907960907448
2017-04-18,0,1,0.0176375141751652,42.43587112426758,0.5114987937672117
2017-04-19,1,1,-0.0013340959144477,42.37929534912109,0.5544453314069209
2017-04-20,1,1,0.0029465583538493,42.50435256958008,0.5405806087959935
2017-04-21,0,0,0.0041593429672459,42.68151092529297,0.4656256005683931
2017-04-24,1,1,-0.0013147786399283,42.625431060791016,0.503294635364065
2017-04-25,1,0,0.022994548151231,43.61693954467773,0.49521078563494275
2017-04-26,1,0,0.0112121326460203,44.10873031616211,0.4193949297236771
2017-04-27,1,0,0.0003374899041226,44.12361907958984,0.4900590584619678
2017-04-28,1,0,0.0025833006176649,44.23775100708008,0.46042698286102746
2017-05-01,1,0,0.0364365778939483,45.87934875488281,0.3994840254442794
2017-05-02,1,0,0.0089374948377453,46.29123306274414,0.4084354457483512
2017-05-03,1,0,0.0045672338875708,46.50313949584961,0.4394266421420029
2017-05-04,1,0,0.0120497271471226,47.06687927246094,0.4159980359793017
2017-05-05,0,0,0.0065888807490186,47.378021240234375,0.44504715556447905
2017-05-08,1,0,-0.0046613005002516,47.157691955566406,0.49325608664757453
2017-05-09,0,0,0.0088110171139369,47.57503509521485,0.4296965605495767
2017-05-10,0,0,-0.0020674831107193,47.47677612304688,0.49857155332392733
2017-05-11,1,1,-0.0019565556444575,47.383975982666016,0.5022170940739403
2017-05-12,0,0,0.0010990281358375,47.43608093261719,0.45064636978656625
2017-05-15,1,0,-0.0007847818538381,47.398868560791016,0.4775722255584355
2017-05-16,1,0,0.0042624997810399,47.60133743286133,0.4761195263135931
2017-05-17,0,0,0.0056034191224299,47.86881637573242,0.4680273830404281
2017-05-18,1,1,-0.0235380756405899,46.75523376464844,0.5448420736061093
2017-05-19,1,0,0.0088023383782741,47.16860580444336,0.4392214272749395
2017-05-22,1,0,0.0043566218105765,47.374549865722656,0.4408087322503734
2017-05-23,1,0,0.0098191318484115,47.842018127441406,0.4353693997837053
2017-05-24,1,0,0.0066991160762466,48.16359329223633,0.4237947563104221
2017-05-25,1,0,0.0072477469634538,48.513938903808594,0.43463381708331145
2017-05-26,1,0,0.014471156144162,49.22109603881836,0.4222566574984355
2017-05-30,1,0,0.0014205962007149,49.29106903076172,0.4386729119213222
2017-05-31,0,0,0.0029154082238114,49.43498229980469,0.4195757983859326
2017-06-01,1,1,-0.0091565582129017,48.98439407348633,0.538141193931674
2017-06-02,1,0,0.0012148246506908,49.04393768310547,0.4479869272654683
2017-06-05,1,0,0.0078916516079825,49.4325065612793,0.45014814436733797
2017-06-06,0,1,0.0077599517810233,49.81759262084961,0.5044112818770279
2017-06-07,1,0,-0.0071980819146014,49.46028900146485,0.4897417186800763
2017-06-08,1,0,0.0048244813348564,49.699485778808594,0.4354506944931266
2017-06-09,0,0,0.0027720851798751,49.83744812011719,0.48148209056896213
2017-06-12,0,0,-0.0346064212786866,48.14225387573242,0.49002801257541917
2017-06-13,1,1,-0.0086029263090424,47.72986602783203,0.5311646484458137
2017-06-14,0,1,0.0089943647838705,48.16110229492188,0.5575565719062875
2017-06-15,0,1,-0.0026515612880324,48.0335693359375,0.5095718940355789
2017-06-16,0,1,-0.0080389209111722,47.64897918701172,0.5806210973477769
2017-06-19,1,1,-0.0016261050147947,47.57155990600586,0.5451284074009373
2017-06-20,0,1,0.0171684256810488,48.39533996582031,0.5196170731049236
2017-06-21,1,1,-0.0064088341910645,48.08617401123047,0.5424910680150299
2017-06-22,0,1,0.0098585059749112,48.56257629394531,0.5160291020139391
2017-06-23,1,1,-0.0020151648948694,48.46481323242188,0.5198756827388328
2017-06-26,0,1,0.0096500474804021,48.93476486206055,0.5353254925412132
2017-06-27,0,0,-0.0142991782358122,48.24001693725586,0.49033791824751016
2017-06-28,1,1,-0.0249991340844136,47.04900741577149,0.5457372916166796
2017-06-29,0,1,0.013535453605568,47.69016647338867,0.5402884243590432
2017-06-30,0,1,-0.0244267339120896,46.539363861083984,0.5212400839601972
2017-07-03,0,1,-0.0087176317997437,46.13541412353515,0.5793816646922053
2017-07-05,1,1,-0.0110538960182673,45.62824630737305,0.55295662616132
2017-07-06,0,1,0.0138251197229561,46.26344299316406,0.5462342746941231
2017-07-07,1,1,-0.0049140619201297,46.036659240722656,0.5729510058208434
2017-07-10,1,1,0.0140436730129725,46.687744140625,0.5827964922526576
2017-07-11,1,1,0.0107727118239562,47.19341659545898,0.5319291569562862
2017-07-12,1,1,0.0026568624461877,47.3189697265625,0.5188649230827618
2017-07-13,1,0,0.0147099087088035,48.02017211914063,0.4923698186218242
2017-07-14,1,0,0.0012289675838693,48.0792236328125,0.49789462442249405
2017-07-17,0,0,0.0082849014914802,48.47920989990234,0.4747145724741417
2017-07-18,1,0,-0.0009728905368139,48.43206787109375,0.4771983145267928
2017-07-19,1,0,0.0111977057240891,48.97744369506836,0.48077854074643406
2017-07-20,0,0,0.0058796477436359,49.26626205444336,0.4716961269002066
2017-07-21,1,0,-0.0005845366412481,49.23747253417969,0.489879921871588
2017-07-24,1,0,0.0016617074477048,49.3193588256836,0.4764851140994643
2017-07-25,0,1,0.0044876350688733,49.54118347167969,0.5353049043841644
2017-07-26,0,1,-0.0297684481420537,48.08815383911133,0.527124264997032
2017-07-27,0,1,-0.0038461079953908,47.90355682373047,0.5325174108917445
2017-07-28,1,1,-0.0133487654465382,47.26835250854492,0.5469951995916706
2017-07-31,0,1,0.0060915931112465,47.55717086791992,0.5341468168111636
2017-08-01,1,1,-0.0134782744360666,46.92048263549805,0.5514674133811266
2017-08-02,1,1,0.0011204360056963,46.97308349609375,0.5608520332891486
2017-08-03,0,1,0.001140435101623,47.02668380737305,0.5501694503569149
2017-08-04,1,1,-0.0077757594131917,46.66243362426758,0.5770177801426748
2017-08-07,0,1,0.005821753708296,46.93488311767578,0.534145636649388
2017-08-08,0,1,-4.258972859935806e-05,46.932884216308594,0.54831750210491
2017-08-09,0,1,-0.0016506921327771,46.85547637939453,0.5304426602167684
2017-08-10,0,1,-0.0043625521493052,46.651512145996094,0.5484678307108075
2017-08-11,1,1,-0.0176966538237847,45.83319854736328,0.5107360324153558
2017-08-14,1,1,0.0070131957985459,46.15576553344727,0.5367169325366264
2017-08-15,0,0,0.0094593471373675,46.59444046020508,0.46841040507006915
2017-08-16,1,1,-0.0009054851514438,46.5522689819336,0.5491932310785497
2017-08-17,0,0,0.0065768152865971,46.85944366455078,0.4558322319562733
2017-08-18,0,1,-0.0177467755055215,46.03517532348633,0.5031587415924932
2017-08-21,0,1,-0.001596836687637,45.96172332763672,0.5674841544490098
2017-08-22,1,1,-0.0057496163903129,45.698219299316406,0.5671175697626736
2017-08-23,1,1,0.02098644194069,46.66739654541016,0.517234420773412
2017-08-24,0,0,0.0023155268638879,46.77558135986328,0.4742948819905315
2017-08-25,0,1,-0.0060548598845862,46.49321746826172,0.5046475577580634
2017-08-28,0,1,-0.0068438911354011,46.17610931396485,0.5620317559733259
2017-08-29,1,1,-0.0025502573942035,46.05849838256836,0.5729382198798262
2017-08-30,1,1,0.0081764645759642,46.43663787841797,0.5044686212920324
2017-08-31,1,1,0.008385777255286,46.82768249511719,0.5077591496854055
2017-09-01,0,0,0.0122285240277857,47.4038314819336,0.4843626654870855
2017-09-05,0,0,-0.0034080910321795,47.24254989624024,0.47486548968802816
2017-09-06,1,1,-0.0111015371774582,46.720985412597656,0.5277601371268197
2017-09-07,1,1,0.000573497712545,46.74778747558594,0.5189418867980927
2017-09-08,0,0,0.0083196737399557,47.13833618164063,0.4743266006061477
2017-09-11,1,0,-0.0089675559807819,46.71751022338867,0.4750673600609481
2017-09-12,1,1,0.0019951154122974,46.81081008911133,0.5170527615058971
2017-09-13,1,1,0.0035557589453817,46.97755432128906,0.501955578734894
2017-09-14,0,0,0.0039954557109895,47.165626525878906,0.48005764482821844
2017-09-15,0,0,-0.0109068851129881,46.65399169921875,0.49747937229525874
2017-09-18,0,1,-0.0051614306167771,46.41381072998047,0.5498027974828795
2017-09-19,1,1,-0.0059408796437017,46.13888931274414,0.5615801179455283
2017-09-20,1,1,0.0076180151454792,46.49171829223633,0.5952468687541388
2017-09-21,1,1,0.0113353648533357,47.0217170715332,0.5716274158574183
2017-09-22,0,1,1.054636156206134e-05,47.02221298217773,0.5789528975038908
2017-09-25,0,1,-0.004537809445495,46.80931854248047,0.5722094805193638
2017-09-26,1,1,-0.0095656999300483,46.36368942260742,0.5802704814948387
2017-09-27,1,1,0.0033658221633123,46.52000427246094,0.5949502786818206
2017-09-28,1,1,0.0236870922293491,47.63508224487305,0.5344226431865643
2017-09-29,1,1,0.0051020194844379,47.87873840332031,0.513789356412488
2017-10-02,0,0,0.0091926473174175,48.320899963378906,0.4681082879341354
2017-10-03,1,0,-0.0064393970807287,48.0107421875,0.4815792975955016
2017-10-04,0,0,0.0047538419598967,48.23952102661133,0.46708377831357634
2017-10-05,1,0,-0.0054672851801779,47.97650146484375,0.4608669208765009
2017-10-06,1,0,0.0188635545615666,48.890098571777344,0.49218799410249026
2017-10-09,0,0,0.0085405857302559,49.3094367980957,0.4780135684703469
2017-10-10,0,0,-0.0013394211820749,49.24343490600586,0.47404279508546926
2017-10-11,1,0,-0.0045553740240791,49.019622802734375,0.488961118737347
2017-10-12,0,0,0.0179091279605303,49.90542984008789,0.48682263806610293
2017-10-13,1,1,0.0,49.90542984008789,0.5122521079210385
2017-10-16,1,0,0.0022051877211898,50.015602111816406,0.4638366144022404
2017-10-17,1,0,0.0014671235544846,50.08903503417969,0.4567665684621624
2017-10-18,1,0,0.0016334038254208,50.17091751098633,0.42791391357454533
2017-10-19,0,0,0.0017197028986521,50.25727081298828,0.4375191030953364
2017-10-20,1,1,-0.0108212885213652,49.71635437011719,0.504647071240219
2017-10-23,0,0,0.0032188990232645,49.87664413452149,0.467567718315944
2017-10-24,1,1,-0.0196226798429506,48.907470703125,0.5375063052440832
2017-10-25,1,0,0.0029888678303359,49.05386734008789,0.482844069136252
2017-10-26,0,0,0.0029999647067103,49.20124816894531,0.4933250849888701
2017-10-27,1,1,-4.031772851702836e-05,49.19926452636719,0.5190912671698726
2017-10-30,0,1,0.0417325679585148,51.2959213256836,0.5424548251988857
2017-10-31,0,1,-0.0005224122442273,51.26913070678711,0.53617419886686
2017-11-01,1,1,-8.713245280501113e-05,51.26466369628906,0.5088189570872477
2017-11-02,1,0,0.0092115213583882,51.739070892333984,0.4669663357729504
2017-11-03,1,0,0.0003549446760347,51.75743865966797,0.46521795390186815
2017-11-06,0,0,0.006708188183772,52.105804443359375,0.44647407139085693
2017-11-07,1,1,-0.0069864570905578,51.74303817749024,0.5215828883826655
2017-11-08,1,0,0.0092694839675523,52.22489929199219,0.44092473642366004
2017-11-09,0,0,0.0055907349888612,52.51769256591797,0.45653602548233335
2017-11-10,0,1,-0.0100380112161949,51.99315643310547,0.5376485675460667
2017-11-13,0,1,-0.0034132317087621,51.81599426269531,0.5103688731902052
2017-11-14,1,1,-0.0028292424452397,51.66960144042969,0.522752810176971
2017-11-15,0,0,0.0004224321651571,51.69143295288086,0.48542345550514365
2017-11-16,1,1,-0.0050335320484622,51.4318962097168,0.5143915644549901
2017-11-17,0,0,0.0115690347627225,52.03036880493164,0.45227129173951475
2017-11-20,0,1,-0.0120709940912622,51.40608596801758,0.5099029051808067
2017-11-21,1,0,-0.0011879449391407,51.34505462646485,0.49410279319872463
2017-11-22,1,1,0.0150028692405173,52.121185302734375,0.5234587210386235
2017-11-24,1,0,0.0015413428176984,52.20158386230469,0.44655469356289407
2017-11-27,1,0,0.0043633509826331,52.42985534667969,0.4960732254607883
2017-11-28,0,0,0.0145549748794595,53.19855117797851,0.45336714071502987
2017-11-29,0,1,-0.0081676107046826,52.76581573486328,0.5266442579274326
2017-11-30,0,1,-0.024669585135198,51.48003005981445,0.5368085132143644
2017-12-01,0,1,-0.0011671713475183,51.41997909545898,0.5325206403182905
2017-12-04,0,1,-0.0107701801721413,50.86914825439453,0.5518183955627878
2017-12-05,1,1,-0.0129609056140395,50.21409225463867,0.5684054906009928
2017-12-06,1,1,0.0076104512569422,50.59770202636719,0.5644233019066393
2017-12-07,1,1,0.0127856383738112,51.248779296875,0.525469561249792
2017-12-08,1,0,0.0114091776207124,51.83683395385742,0.48942026886795986
2017-12-11,1,1,0.0045942072810564,52.075531005859375,0.5148711227794982
2017-12-12,0,1,0.0024650779564392,52.20405960083008,0.5211606595330758
2017-12-13,1,1,-0.003046510789613,52.04526138305664,0.5457555912530521
2017-12-14,1,1,0.0024950975196928,52.1752815246582,0.5423340952061113
2017-12-15,1,1,0.0057662250150287,52.47700500488281,0.5052668126445694
2017-12-18,1,1,0.0136466951060767,53.19805145263672,0.5342302514517239
2017-12-19,0,1,0.0121368976044254,53.8476448059082,0.5205481677791165
2017-12-20,0,1,-0.0049056655525157,53.58413314819336,0.5088511030251437
2017-12-21,0,0,-0.005777201842659,53.27545928955078,0.4943201715829503
2017-12-22,0,0,-0.0025273496455985,53.14098358154297,0.4819517687472038
2017-12-26,0,0,-0.0018600852086763,53.04222869873047,0.47586739239651044
2017-12-27,0,0,-0.0028201425333161,52.892852783203125,0.48672310436438593
2017-12-28,0,1,-0.0053149371060486,52.61247634887695,0.5190074952580557
2017-12-29,0,1,-0.0040166711448897,52.40157318115234,0.5106391352541775
2018-03-15,1,0,0.0078470813368408,57.01372528076172,0.4747401105911958
2018-03-16,0,1,0.0014958891919092,57.09907531738281,0.5155471527849738
2018-03-19,0,1,-0.0141707818911392,56.2956428527832,0.5262947782981652
2018-03-20,0,0,-0.030747624672139,54.59102630615234,0.49921110018030695
2018-03-21,0,1,-0.0038892615574039,54.37911987304688,0.5250556216237579
2018-03-22,0,1,-0.0016439135998214,54.289798736572266,0.5257383942386273
2018-03-23,0,1,-0.0380550397075487,52.26261520385742,0.5090909783235036
2018-03-26,1,1,-0.0255819371751557,50.94259262084961,0.56457259380638
2018-03-27,0,1,0.0264740722846629,52.30926132202149,0.5368351690790762
2018-03-28,0,1,-0.045761655660714,49.96944808959961,0.5616987327460097
2018-03-29,1,1,-0.0017495764999746,49.88209915161133,0.574925562397752
2018-04-02,0,1,0.0313004681942894,51.46812438964844,0.5522168669423789
2018-04-03,1,1,-0.0239161424497141,50.25180816650391,0.5799854247242435
2018-04-04,1,1,0.0059569239321458,50.55204772949219,0.5736928255891411
2018-04-05,1,1,0.0107694426452338,51.09940719604492,0.5460984553105555
2018-04-06,0,1,0.0028413386913707,51.24480438232422,0.5874183492555953
2018-04-09,1,1,-0.0222177210319652,50.11881637573242,0.5636896145458892
2018-04-10,1,1,0.0099900090934584,50.622013092041016,0.5796492033707813
2018-04-11,0,1,0.0159587807800498,51.43635940551758,0.5440200978831414
2018-04-12,1,1,-0.0110985124838699,50.868648529052734,0.5625887704949734
2018-04-13,0,1,0.0118603998290882,51.475563049316406,0.5791734330197589
2018-04-16,1,1,-0.0012057798655373,51.41353225708008,0.5752681176155419
2018-04-17,1,1,0.0096632385977541,51.91276168823242,0.503245310553373
2018-04-18,0,1,0.0312993600225988,53.56329345703125,0.529754647434181
2018-04-19,1,1,-0.0036849315353492,53.36627960205078,0.5278717363405511
2018-04-20,0,1,0.0129895774692442,54.06400680541992,0.5125974675249297
2018-04-23,0,1,-0.0111965020631602,53.46205520629883,0.5089336371095459
2018-04-24,0,1,-0.0032633132319979,53.28787612915039,0.5162629982040946
2018-04-25,1,1,-0.0488256359531975,50.7485580444336,0.5329449026085445
2018-04-26,1,1,0.0003422591557481,50.76593017578125,0.5438856551224452
2018-04-27,0,1,0.0196685634449135,51.77430725097656,0.5475679991642949
2018-04-30,0,1,-0.0114328726892476,51.18574905395508,0.5380453685131568
2018-05-01,1,1,-0.0125560311138115,50.54707717895508,0.5415507482761913
2018-05-02,0,1,0.0215321450734222,51.64726638793945,0.5410297645146278
2018-05-03,1,1,-0.0142250575963467,50.917781829833984,0.5370674072235813
2018-05-04,1,1,0.0002435312446853,50.93018341064453,0.5279996846235641
2018-05-07,1,1,0.0237819155599364,52.15591812133789,0.5419266672352486
2018-05-08,0,1,0.0080173720955487,52.57575225830078,0.5016945456644697
2018-05-09,1,1,-0.0008215285348717,52.53257751464844,0.5130473375538375
2018-05-10,1,1,0.0282761341389738,54.0391960144043,0.5393379883664982
2018-05-11,0,1,0.015056642885477,54.85900115966797,0.5060481941166851
2018-05-14,1,1,-0.0018924145765629,54.75528335571289,0.5103194050482268
2018-05-15,0,1,0.0029142164630229,54.91508483886719,0.5147539942143071
2018-05-16,0,1,-0.0198321852524308,53.836727142333984,0.5259224933887766
2018-05-17,0,1,-0.0007193132725808,53.79801559448242,0.5186509491723525
2018-05-18,0,1,-0.0026138827348318,53.65757751464844,0.5198942262518642
2018-05-21,1,1,-0.0108049195521589,53.0809326171875,0.5295234060815801
2018-05-22,0,1,0.0133450554879405,53.79404830932617,0.5081032524382398
2018-05-23,1,1,-0.0080581713711364,53.36230850219727,0.5169562813540752
2018-05-24,0,1,0.0098554054103486,53.89081573486328,0.5341777963088796
2018-05-25,0,0,-0.0004697732179229,53.86550521850586,0.4984956048304922
2018-05-29,0,1,-0.0012629320747031,53.79751968383789,0.5257795053941735
2018-05-30,1,1,-0.014878375142626,53.00302505493164,0.5038419101537316
2018-05-31,1,1,0.0087624374141118,53.46950149536133,0.5297015304918389
2018-06-01,1,1,0.020694359505615,54.587547302246094,0.5236891451911118
2018-06-04,1,1,0.0313224877529975,56.32442474365234,0.516829696915936
2018-06-05,0,1,0.01576936912047,57.21966552734375,0.5034121946598177
2018-06-06,0,1,-0.0017534940997282,57.11941909790039,0.5190831116431533
2018-06-07,0,1,-0.0035422435051756,56.91744613647461,0.5093987013500276
2018-06-08,0,1,-0.0109847640714245,56.2956428527832,0.5161277169590318
2018-06-11,1,1,-0.0015084318447351,56.21078872680664,0.5145162058043542
2018-06-12,1,1,0.0072044355020683,56.617218017578125,0.5033153143217307
2018-06-13,0,1,0.0063693015533754,56.978981018066406,0.5119132870595356
2018-06-14,1,1,-0.003454916406555,56.78246307373047,0.5341194589030211
2018-06-15,0,1,0.0137830093500764,57.57051467895508,0.5137761949570289
2018-06-18,1,1,-0.0007242994896859,57.5288314819336,0.5173993945092941
2018-06-19,0,0,0.0207532095135194,58.73521423339844,0.49663216322690523
2018-06-20,1,1,-0.0041399895827811,58.4925537109375,0.5425580042276551
2018-06-21,0,1,0.0045538134887281,58.759525299072266,0.5278758147242579
2018-06-22,0,1,-0.0124326338507793,58.03351211547851,0.5416121942152281
2018-06-25,0,1,-0.0001281869074671,58.02607345581055,0.5112868886529819
2018-06-26,0,1,-0.0260002191988475,56.53682708740234,0.5170681264778431
2018-06-27,0,1,-0.0058629281768313,56.20632553100586,0.5401039754865713
2018-06-28,1,1,-0.0139408191682321,55.428199768066406,0.5314895557217938
2018-06-29,1,1,0.0087711593030607,55.91650772094727,0.5227477025870506
2018-07-02,1,1,0.0021365902961455,56.03610610961914,0.5160445217260752
2018-07-03,0,1,0.0113769283273847,56.67726516723633,0.5231445792926769
2018-07-05,1,1,-0.0228756921527466,55.395450592041016,0.5370540006762423
2018-07-06,1,1,0.0221573507746535,56.636566162109375,0.5257045069795598
2018-07-09,1,1,0.0120105481948838,57.32090377807617,0.5374786364583644
2018-07-10,0,1,0.0105065387758166,57.92632293701172,0.5178286735077466
2018-07-11,1,1,-0.0001198620034142,57.91938018798828,0.5276052342501273
2018-07-12,1,1,0.0036945559728897,58.13376235961914,0.5137789478540405
2018-07-13,1,1,0.0251200758206649,59.61258316040039,0.5096223487268705
2018-07-16,0,0,0.0026271716033153,59.76940155029297,0.49482551790531965
2018-07-17,1,1,-0.0065891070924391,59.37686920166016,0.5251328495820361
2018-07-18,0,0,0.0137535542507646,60.19915390014648,0.47642030973243626
2018-07-19,0,0,-0.0001401797408221,60.19071578979492,0.49083339490282213
2018-07-20,0,1,-0.011451089952394,59.50539779663086,0.5191583509508435
2018-07-23,1,1,-0.001018020237561,59.44485092163086,0.5196724425553813
2018-07-24,1,0,0.0108932081824204,60.0959358215332,0.49058331377375386
2018-07-25,1,0,0.0381958582808142,62.43575286865234,0.47981520321402227
2018-07-26,1,0,0.0140408052092544,63.31858444213867,0.47193329014200003
2018-07-27,0,0,0.0074645160408024,63.79299545288086,0.4646939410556546
2018-07-30,0,1,-0.0256947739226535,62.17472839355469,0.5262609851917701
2018-07-31,0,1,-0.0184062828965203,61.04079055786133,0.5686837698518133
2018-08-01,1,1,-0.0022952328972142,60.90084838867188,0.503133205253018
2018-08-02,1,1,0.0046907025705232,61.18718719482422,0.5167943648900662
2018-08-03,0,0,0.0065801092460153,61.59113311767578,0.49098256035619514
2018-08-06,0,0,-0.0023957579001015,61.44375228881836,0.4935059655531132
2018-08-07,1,0,-0.000395866267202,61.41943359375,0.48506057696756133
2018-08-08,1,0,0.0145740383417587,62.32111740112305,0.47263844798777144
2018-08-09,1,0,0.0043621761039795,62.59356689453125,0.47928600987942965
2018-08-10,0,0,0.0024783190314927,62.74888610839844,0.4658623586697773
2018-08-13,0,1,-0.009495526455875,62.1558723449707,0.5060223412767337
2018-08-14,1,1,-0.0030946110370167,61.96382141113281,0.5260961539231401
2018-08-15,0,0,0.0075794420661337,62.43525695800781,0.48845520702581674
2018-08-16,0,1,-0.0208170251461616,61.14897537231445,0.5142592201282348
2018-08-17,0,1,-0.0066441746551059,60.74403762817383,0.521046482966616
2018-08-20,1,1,-0.0067298360780312,60.336612701416016,0.5426445974292399
2018-08-21,0,1,0.0050046271471045,60.63933181762695,0.5313576234810597
2018-08-22,1,1,-0.0037223268858196,60.41403198242188,0.5603884888679174
2018-08-23,0,1,0.0035586269498267,60.6294059753418,0.5285092105438887
2018-08-24,1,1,-0.0004831402434468,60.6001205444336,0.5453966226468586
2018-08-27,1,1,0.0126858144049086,61.373779296875,0.5031605855465175
2018-08-28,0,0,0.0156599868739254,62.34245681762695,0.49842097558276355
2018-08-29,1,1,-0.0083209750380667,61.82585906982422,0.5230581405602375
2018-08-30,0,0,0.01496932648545,62.7583122253418,0.49200366553120145
2018-08-31,0,1,-0.0081060881860066,62.25164413452149,0.5034808481131371
2018-09-04,0,1,-0.0182127632340921,61.12813186645508,0.5176716752126127
2018-09-05,0,1,-0.0167740622268011,60.1113166809082,0.5517947266194972
2018-09-06,0,1,-0.0101310936267336,59.50539779663086,0.5305326713149199
2018-09-07,0,1,-0.0126812097413406,58.75556182861328,0.5356323108698378
2018-09-10,0,1,-0.0054201775593436,58.43795776367188,0.5394838919593236
2018-09-11,1,1,-0.002150731837106,58.312408447265625,0.5410447668138106
2018-09-12,0,1,0.0126256933704001,59.05331039428711,0.5071008633334895
2018-09-13,1,1,-0.0155745135002672,58.14070892333984,0.5389581822101294
2018-09-14,0,1,0.0089558955826666,58.66374969482422,0.5171276656526289
2018-09-17,0,1,-0.0035251792514346,58.457313537597656,0.5381545888687257
2018-09-18,1,1,-0.0155276851317753,57.556617736816406,0.5568580708935015
2018-09-19,1,1,0.0062571747580498,57.91788864135742,0.5309326411667575
2018-09-20,1,1,0.0061162153707732,58.27321243286133,0.529894763743133
2018-09-21,0,1,0.0146249488877206,59.131717681884766,0.5001944075202209
2018-09-24,1,1,-0.0164576726944503,58.16651153564453,0.5291037841702679
2018-09-25,1,1,0.0063274594932822,58.53572463989258,0.5154825655839259
2018-09-26,1,0,0.0120753527250383,59.246849060058594,0.49152296242142474
2018-09-27,1,1,0.0001423484201777,59.25528335571289,0.5130438196948366
2018-09-28,0,1,0.0110768622758146,59.9152946472168,0.5095866777283249
2018-10-01,1,1,-0.000231906369448,59.90140151977539,0.5315144191606237
2018-10-02,0,1,0.001200593949356,59.97336196899414,0.5423639542366295
2018-10-03,1,1,-0.0007367713251456,59.92919158935547,0.5419132340223627
2018-10-04,0,1,0.0032159403594544,60.12223052978515,0.53926417164701
2018-10-05,0,1,-0.0288556611599643,58.41215515136719,0.5127953931902685
2018-10-08,0,1,-0.0078809531378122,57.95362091064453,0.5461355991399168
2018-10-09,0,1,-0.0102508217381021,57.36258316040039,0.5508117899314796
2018-10-10,0,1,-0.0093434821048181,56.8291130065918,0.5331820892942455
2018-10-11,0,0,-0.0473956260517633,54.19849395751953,0.4932693891241391
2018-10-12,1,1,-0.0013011168521109,54.128021240234375,0.5495249568333078
2018-10-15,0,1,0.026954384733769,55.60684967041016,0.5548826607406216
2018-10-16,1,1,-0.0162847205231656,54.708641052246094,0.5532018131502943
2018-10-17,0,1,0.0274136168578163,56.229148864746094,0.5494221272643601
2018-10-18,0,1,-0.0048569830393217,55.95670700073242,0.5703175006522359
2018-10-19,1,1,-0.0266741412395065,54.48384094238281,0.5561691723187071
2018-10-22,1,1,0.0065997217824536,54.844608306884766,0.5305406080742834
2018-10-23,1,1,0.0055852611450322,55.15178680419922,0.5669837700691729
2018-10-24,0,1,0.0031802277738904,55.32746124267578,0.5628531608131047
2018-10-25,1,1,-0.0532254684563599,52.45962905883789,0.5484215926580955
2018-10-26,0,1,0.0430204146913453,54.76571273803711,0.5461717448658782
2018-10-29,0,1,-0.0181414107983716,53.78114318847656,0.5523387959363155
2018-10-30,1,1,-0.0462867506480094,51.3485221862793,0.5602548312289666
2018-10-31,1,1,0.0141828907378309,52.08198165893555,0.5507661707467056
2018-11-01,0,1,0.038386286792106,54.12008285522461,0.5592022492859426
2018-11-02,0,1,-0.0042268612848716,53.89180755615234,0.5678321726373903
2018-11-05,0,1,-0.0134325963544419,53.1727409362793,0.5493534699484124
2018-11-06,1,1,-0.0148177038214141,52.39065170288086,0.5535218201397161
2018-11-07,1,1,0.0130242066385472,53.07746124267578,0.5692511347811708
2018-11-08,0,1,0.0355163700186811,54.99645614624024,0.5564724211801375
2018-11-09,0,1,-0.0123566788497297,54.32106399536133,0.5393039750903541
2018-11-12,0,1,-0.0162183763927674,53.44717025756836,0.5384109187878204
2018-11-13,0,1,-0.0260176294280886,52.07453536987305,0.504579180676533
2018-11-14,1,1,-0.0013253936768563,52.00556182861328,0.5466248567213975
2018-11-15,1,1,0.0062877050509882,52.333587646484375,0.5144501146710102
2018-11-16,0,1,0.0154968390003899,53.150909423828125,0.5264563076296577
2018-11-19,0,1,-0.0025989029447267,53.01295471191406,0.5302470566183929
2018-11-20,1,0,-0.0389897897186036,50.98576736450195,0.49750676217412293
2018-11-21,1,1,0.0029447950491698,51.13613128662109,0.5114425736546504
2018-11-23,0,1,0.0125177901812526,51.78026580810547,0.5277630511444047
2018-11-26,1,1,-0.0128574218751384,51.11876678466797,0.528633829384745
2018-11-27,0,1,0.0247753910673791,52.40107345581055,0.5938798858263552
2018-11-28,1,1,-0.0034723018005658,52.21943664550781,0.528416081667418
2018-11-29,1,1,0.0368594610390578,54.18013000488281,0.5394652737902419
2018-11-30,1,1,0.0025522573783606,54.31858825683594,0.5361475703574607
2018-12-03,1,1,0.0136738346807533,55.06643295288086,0.527082399441682
2018-12-04,0,1,0.0060287578535318,55.39941787719727,0.541290056087199
2018-12-06,1,1,-0.0494770010672518,52.72512435913086,0.5142790488321093
2018-12-07,0,1,0.0145852907286891,53.49977111816406,0.5343591699910655
2018-12-10,1,1,-0.0296539307493001,51.93658447265625,0.5229471814015006
2018-12-11,1,1,0.0062864680711299,52.26411056518555,0.5297642084303776
2018-12-12,1,1,0.0080101095524921,52.68443298339844,0.5196739117228828
2018-12-13,0,1,0.0113142935362976,53.28390502929688,0.5178374423196543
2018-12-14,0,1,-0.0001769908974595,53.27447509765625,0.534335193511127
2018-12-17,0,1,-0.0205442991177433,52.19115447998047,0.5180597369115961
2018-12-18,1,1,-0.0250907685159611,50.89793014526367,0.5356505706268722
2018-12-19,0,1,0.0171676218336212,51.77927017211914,0.5381433636204693
2018-12-20,0,1,-0.0076484364817312,51.38475036621094,0.5638734200390187
2018-12-21,0,1,-0.0115394239796362,50.79520797729492,0.5772322077947453
2018-12-24,0,1,-0.0320948678250176,49.190826416015625,0.533221379710958
2018-12-26,1,1,-0.0066601653365159,48.864295959472656,0.549934817697035
2018-12-27,1,1,0.0621891767000844,51.99960708618164,0.5895920723396528
2018-12-28,0,1,0.0048077437897524,52.25020980834961,0.5802162390832732
2018-12-31,0,1,-0.0059249820105747,51.94154357910156,0.5891158665939917
2019-03-15,0,1,-0.0054608049684306,59.17935562133789,0.5030041485479335
2019-03-18,0,0,-0.0018716686598731,59.068695068359375,0.4907645639609268
2019-03-19,1,1,-0.0014712612517419,58.98185348510742,0.5134684896872572
2019-03-20,1,0,0.0116353224052091,59.67213439941406,0.4951911161240353
2019-03-21,1,1,0.0197379555277448,60.86164093017578,0.5039242009918781
2019-03-22,0,1,0.0078780587323347,61.3430061340332,0.5025570895252047
2019-03-25,0,1,-0.023309165173549,59.9296875,0.5545670440434014
2019-03-26,0,1,-0.0085404546332606,59.420040130615234,0.521835436089393
2019-03-27,0,1,-0.0063169165597261,59.04587173461914,0.5332633309723217
2019-03-28,0,1,-0.0099923092591044,58.45880508422851,0.5462558657562248
2019-03-29,1,1,-0.0048845906208711,58.173954010009766,0.5215540733088708
2019-04-01,1,1,0.0039333156883802,58.40322113037109,0.5193771344947846
2019-04-02,1,1,0.0185957791927248,59.49943542480469,0.5419880241589833
2019-04-03,1,1,0.005456440113799,59.82497787475586,0.5816198154403517
2019-04-04,1,1,0.0043619612602644,60.08650207519531,0.5239583181728142
2019-04-05,0,1,0.0071104454783172,60.51526641845703,0.5195154370033737
2019-04-08,0,1,-0.0065819943792575,60.118263244628906,0.5208262754257649
2019-04-09,0,1,-0.0026201769260616,59.9609489440918,0.5262396236338268
2019-04-10,1,1,-0.0046370953061212,59.68354797363281,0.5158370415426161
2019-04-11,1,1,0.0031214805097604,59.8701400756836,0.5351475478830572
2019-04-12,1,1,0.0025993614072327,60.02596664428711,0.5202579970183894
2019-04-15,1,1,0.0108045999563079,60.67803955078125,0.5114106155281093
2019-04-16,1,1,0.0031028641876563,60.866607666015625,0.5107244176363535
2019-04-17,1,0,0.0043768332899476,61.13359451293945,0.4956054708281487
2019-04-18,1,0,0.0066585080941516,61.54201126098633,0.49798433948913823
2019-04-22,1,0,0.0010718322804936,61.608009338378906,0.4950696883603122
2019-04-23,1,1,0.0098508449912012,62.217899322509766,0.5001973649757976
2019-04-24,0,0,0.0133342670179646,63.05308532714844,0.4853469050105105
2019-04-25,1,0,-0.0083299027017557,62.5300407409668,0.47674391853740794
2019-04-26,1,0,0.0057688772267308,62.89181137084961,0.48438737913623203
2019-04-29,1,0,0.0079220944428567,63.39202499389648,0.4756045691686943
2019-04-30,0,1,0.0145944710790684,64.32398223876953,0.5065606566880897
2019-05-01,0,0,-0.0779822533565617,59.49845123291016,0.49262531771685847
2019-05-02,0,1,-0.0216172140176247,58.2260627746582,0.5945993567432942
2019-05-03,1,1,-0.0058209080157788,57.88811874389648,0.6128112677152422
2019-05-06,1,1,0.0195586168919403,59.03147506713867,0.5180474038683597
2019-05-07,0,1,0.0032816422550405,59.22551345825195,0.618513186996799
2019-05-08,0,1,-0.012308906945438,58.50098037719727,0.5929228687472924
2019-05-09,0,1,-0.0068776124573342,58.10001373291016,0.6213054991595921
2019-05-10,0,1,-0.0024030578424094,57.96056365966797,0.6120555032268391
2019-05-13,0,1,-0.000282585404893,57.94418716430664,0.5838775566119709
2019-05-14,0,1,-0.0269520265196523,56.4033317565918,0.6235566529546896
2019-05-15,1,1,-0.0103739344804655,55.821231842041016,0.6278866074657135
2019-05-16,1,1,0.0400286750320858,58.10100555419922,0.6156992073513801
2019-05-17,0,1,0.0116335307180881,58.7808723449707,0.5444232356157059
2019-05-20,0,1,-0.0133603371389688,58.000762939453125,0.5822271758564581
2019-05-21,1,1,-0.0208527615401034,56.803810119628906,0.5981754861319941
2019-05-22,1,1,0.008507652861662,57.28913879394531,0.5613161654437258
2019-05-23,0,1,0.0012207218627079,57.35911560058594,0.5794764896598533
2019-05-24,0,1,-0.0091346263853199,56.837547302246094,0.6095589790096072
2019-05-28,1,1,-0.0058932520264704,56.50357437133789,0.6143200023175566
2019-05-29,0,1,0.0008340390148185,56.55072021484375,0.5400816878649154
2019-05-30,1,1,-0.017367125048517,55.57707595825195,0.5700476733828606
2019-05-31,0,1,0.0013116345536042,55.650020599365234,0.5874527790652421
2019-06-03,0,1,-0.0133848852166484,54.91011428833008,0.5661677003429144
2019-06-04,1,1,-0.0631933941207303,51.54752349853515,0.5666723937340165
2019-06-05,0,1,0.015048628800622,52.32910919189453,0.5619572707489051
2019-06-06,1,1,-0.009384781909877,51.840309143066406,0.595718915141033
2019-06-07,1,1,0.002982238696599,51.9951400756836,0.6341795407304828
2019-06-10,1,1,0.0194795269351089,53.01791000366211,0.6192333003324721
2019-06-11,0,1,0.0133792721433713,53.73201751708984,0.6200174343487173
2019-06-12,0,1,-0.0015898442053287,53.64665985107422,0.6299199948621297
2019-06-13,1,1,-0.0017961602936479,53.55038833618164,0.5967115377874366
2019-06-14,0,1,0.0109765053881085,54.14142227172851,0.5791409723932671
2019-06-17,1,1,-0.0043264492332453,53.90768814086914,0.6149553579074786
2019-06-18,1,1,0.006962821481098,54.28434753417969,0.5337778804236397
2019-06-19,0,1,0.0103222773740396,54.84758758544922,0.5609129979438773
2019-06-20,1,1,-0.0006607428257115,54.81135940551758,0.5460552782523149
2019-06-21,1,1,0.0078370627076989,55.24260711669922,0.5105467378241405
2019-06-24,0,1,0.0108730905676405,55.84654235839844,0.5146167342177423
2019-06-25,0,1,-0.0077340152071467,55.416290283203125,0.5274959649259368
2019-06-26,0,1,-0.0264228338318781,53.97121047973633,0.5405308165603064
2019-06-27,0,1,-0.006697845038804,53.61092758178711,0.5918568986265458
2019-06-28,1,1,-0.0034214392516525,53.42781448364258,0.5507997119524628
2019-07-01,1,1,0.0057144180243348,53.7339973449707,0.5461616494606385
2019-07-02,1,1,0.015759886486451,54.587547302246094,0.5575270765072584
2019-07-03,1,1,0.0113895610323551,55.21282958984375,0.5200930609675667
2019-07-05,1,1,0.0092951822461221,55.72843551635742,0.5061433350383164
2019-07-08,0,0,0.0085828222279204,56.20880126953125,0.4860068867865787
2019-07-09,1,1,-0.0141190780562432,55.42076110839844,0.5025795979208041
2019-07-10,1,0,0.0066931019750456,55.79294204711914,0.4954027769097292
2019-07-11,1,0,0.0146745283985411,56.617713928222656,0.4710247057280701
2019-07-12,1,0,0.0027746148309081,56.7750244140625,0.48700782959727495
2019-07-15,1,0,0.0011006333815128,56.837547302246094,0.47735129139095744
2019-07-16,1,1,0.0045039163739683,57.0941162109375,0.5077488201678872
2019-07-17,0,0,0.0025607798504038,57.240509033203125,0.46868226753210296
2019-07-18,1,1,-0.0058429956846785,56.90702819824219,0.5075696633676029
2019-07-19,0,1,0.0004359601582036,56.93184280395508,0.5130054292092716
2019-07-22,1,1,-0.0137706980876121,56.15322494506836,0.5076558450987924
2019-07-23,1,1,0.0067466490798547,56.53335189819336,0.5161062274244703
2019-07-24,0,1,0.0077297607539436,56.9720344543457,0.5061811165895601
2019-07-25,0,1,-0.0072733834501081,56.55915832519531,0.5256279127916439
2019-07-26,1,1,-0.0033309737806673,56.37107467651367,0.5035018502784424
2019-07-29,0,1,0.0918517518047214,61.79410171508789,0.5457985666120337
2019-07-30,0,1,-0.002718063550004,61.62636947631836,0.5306961018844963
2019-07-31,0,1,-0.0112073651801657,60.93955612182617,0.554136706072428
2019-08-01,0,1,-0.0080125145888925,60.45322799682617,0.5808602330198218
2019-08-02,0,1,-0.0052839311957599,60.13463973999024,0.5849847213168025
2019-08-05,0,1,-0.0128401925099188,59.367435455322266,0.5213286656509398
2019-08-06,1,1,-0.0353662871804091,57.30452346801758,0.5591230913032658
2019-08-07,1,0,0.0140425641230236,58.11490249633789,0.489841972509535
2019-08-08,1,1,0.0041159140253926,58.354591369628906,0.5512934139024384
2019-08-09,0,1,0.0254243946017507,59.85724258422851,0.5651266724295314
2019-08-12,0,1,-0.0144381829323814,58.99922180175781,0.5760108827397528
2019-08-13,1,1,-0.0121860966390366,58.28461456298828,0.5647769386751043
2019-08-14,0,0,0.0187503110525318,59.38777923583984,0.4951587471925336
2019-08-15,1,1,-0.027515647250436,57.77596282958984,0.5370031537251232
2019-08-16,1,1,0.0043452693890945,58.02756118774414,0.5525646709674786
2019-08-19,1,1,0.0084222673751399,58.518348693847656,0.5500539208864963
2019-08-20,0,1,0.0178435545649429,59.571895599365234,0.5648863603096668
2019-08-21,1,0,-0.0141868103609845,58.73272705078125,0.498775973881155
2019-08-22,0,1,0.0067786785027084,59.13220977783203,0.55320573822116
2019-08-23,0,1,-5.032010036172692e-05,59.12923431396485,0.5695366157347359
2019-08-26,1,0,-0.0323595881361796,57.246463775634766,0.4742351612426593
2019-08-27,0,1,0.0151415850515866,58.1198616027832,0.5713086744574127
2019-08-28,1,1,-0.0003074816196629,58.101993560791016,0.6347652528428368
2019-08-29,1,1,0.0024994525360432,58.24739837646485,0.603603128544117
2019-08-30,0,1,0.0173063429397406,59.26422119140625,0.6036759811235426
2019-09-03,0,1,-0.003111410187245,59.08011245727539,0.6114969736933877
2019-09-04,1,1,-0.0177796633379879,58.038970947265625,0.6042343867285828
2019-09-05,1,1,0.0108172399610309,58.67020034790039,0.6136065008597409
2019-09-06,0,1,0.0249924161904918,60.15498733520508,0.5436656470934429
2019-09-09,0,1,-0.0048541555112361,59.86369323730469,0.5313051816353769
2019-09-10,1,1,-0.0008709635215765,59.81157684326172,0.5225447808098794
2019-09-11,1,1,0.0003567774862599,59.83292007446289,0.5232951195103253
2019-09-12,1,0,0.0117905229169446,60.54255676269531,0.4922565709412763
2019-09-13,1,1,0.0121958596457434,61.28544616699219,0.5217960426166433
2019-09-16,0,1,0.0040888277525682,61.53654479980469,0.5337503091336796
2019-09-17,0,1,-0.0067969635802832,61.11970138549805,0.5112500108723149
2019-09-18,1,1,-0.001421979725365,61.03285217285156,0.5194767055718303
2019-09-19,1,1,0.0022496775975922,61.17031097412109,0.5121182476345197
2019-09-20,0,1,0.0049365865011914,61.47303009033203,0.5444348059070034
2019-09-23,1,1,-0.0072187658538814,61.03086853027344,0.5234057609470678
2019-09-24,0,1,0.0039358962299711,61.27155303955078,0.5656060515441478
2019-09-25,1,1,-0.0133389365412495,60.45968246459961,0.5266119536051317
2019-09-26,0,1,0.0224091994904875,61.82983016967773,0.5824794806041993
2019-09-27,0,1,-0.0029338445232154,61.64869689941406,0.5203982077561867
2019-09-30,0,1,-0.0132403623270337,60.83782577514648,0.521842889064589
2019-10-01,0,1,-0.0039312145203073,60.59912872314453,0.5279649759261759
2019-10-02,0,1,-0.0124757587679549,59.84780502319336,0.533821762703466
2019-10-03,1,1,-0.0235588529929185,58.45433807373047,0.5412652544272003
2019-10-04,1,1,0.0097239945550726,59.02552032470703,0.5444631502059198
2019-10-07,0,1,0.0179391819577529,60.09394454956055,0.5334678267755304
2019-10-08,0,1,-0.0022403928118616,59.9594612121582,0.5357786421669011
2019-10-09,1,1,-0.0151104603038909,59.06025695800781,0.5558310619723924
2019-10-10,1,1,0.0102569312059493,59.66915130615234,0.5359528677652978
2019-10-11,1,1,0.005862816445074,60.0200080871582,0.537286370163511
2019-10-14,1,1,0.0051459205181162,60.32966232299805,0.551314366287502
2019-10-15,1,1,0.0016931532249884,60.4318962097168,0.5257900361594168
2019-10-16,1,1,0.0198948223165864,61.646217346191406,0.5107111399985552
2019-10-17,1,1,0.0006116251842098,61.68393325805664,0.5279469745091581
2019-10-18,0,1,0.0078531538852388,62.17025375366211,0.5494762723220727
2019-10-21,0,1,-0.006719417265783,61.75390625,0.5065302664477801
2019-10-22,0,1,-0.0001044628656003,61.74745559692383,0.5023702836569421
2019-10-23,1,0,-0.002478368595619,61.59461212158203,0.4978095837391612
2019-10-24,1,1,0.0131503207440442,62.409950256347656,0.5057318274294373
2019-10-25,1,0,0.0011761135069621,62.483394622802734,0.48559732783175913
2019-10-28,1,1,0.0041134120101052,62.740943908691406,0.5040762100870921
2019-10-29,0,1,0.0193325483869314,63.9656867980957,0.5137065153185097
2019-10-30,1,1,-0.022215616568377,62.56031799316406,0.5387786743365957
2019-10-31,0,1,3.164620349633589e-05,62.56229782104492,0.5112573601637741
2019-11-01,1,1,-0.0015083016181664,62.4680061340332,0.5804178726364143
2019-11-04,1,0,0.0106281722744205,63.13546752929688,0.478135730099203
2019-11-05,1,0,0.0135527620196102,63.996952056884766,0.48762826468955256
2019-11-06,0,1,0.0014180694244846,64.0877685546875,0.5418018799784886
2019-11-07,1,0,-0.000332908112578,64.06643676757812,0.47836817317504443
2019-11-08,1,0,0.0122637911973135,64.85697174072266,0.49664354973327174
2019-11-11,0,1,0.0015745867172367,64.95917510986328,0.5169941375207677
2019-11-12,0,0,-0.0082230882248931,64.42720031738281,0.4944306162160856
2019-11-13,0,1,-0.000824416467614,64.37410736083984,0.5231670967118616
2019-11-14,1,1,-0.0007943760493412,64.32299041748047,0.5299908128697131
2019-11-15,1,1,0.0099566218976126,64.96662902832031,0.5154362203329392
2019-11-18,0,0,0.018459146279594,66.17699432373047,0.4873096043388506
2019-11-19,0,0,-0.0103267722819542,65.49711608886719,0.47273367274023553
2019-11-20,0,0,-0.0055081987912587,65.13733673095703,0.46425518723406456
2019-11-21,0,0,-0.0082080621498861,64.60487365722656,0.462293084798492
2019-11-22,0,1,-0.0013223365092501,64.51950073242188,0.5318389296816168
2019-11-25,1,1,-0.0049885951140631,64.19844055175781,0.5343406112495427
2019-11-26,1,1,0.0092100457897196,64.79244232177734,0.5230693190575487
2019-11-27,0,1,0.0056211620191584,65.15767669677734,0.5179958468882613
2019-11-29,0,1,-0.0006626047377787,65.11451721191406,0.5207987038581166
2019-12-02,0,1,-0.006146549056027,64.71551513671875,0.5210782552555859
2019-12-03,1,1,-0.0117470366678034,63.959747314453125,0.5375421248369885
2019-12-04,1,1,0.0045516540468682,64.25153350830078,0.647003810996218
2019-12-05,1,1,0.0185183886910875,65.45245361328125,0.613317744713306
2019-12-06,1,1,0.0060623765905166,65.85045623779297,0.5114128331593478
2019-12-09,1,1,0.0093236322544857,66.46729278564453,0.5645832127307732
2019-12-10,0,1,0.0026841810128029,66.64594268798828,0.575012465082452
2019-12-11,1,1,-7.452698123445729e-05,66.64097595214844,0.5437483690315448
2019-12-12,1,1,0.0010123365279528,66.7084732055664,0.5370915004033173
2019-12-13,0,1,0.0031491100660529,66.91887664794922,0.5328539133562077
2019-12-16,1,1,-0.0012020413446212,66.83848571777344,0.5754971277114136
2019-12-17,0,1,0.0102161624620031,67.52481842041016,0.5016433998396193
2019-12-18,0,1,-0.0042792426219569,67.23648071289062,0.5452123911207237
2019-12-19,1,1,-0.002201831750023,67.0886001586914,0.5228251202350038
2019-12-20,0,1,0.0033450797179402,67.31339263916016,0.5027780669049821
2019-12-23,0,1,-0.003855590646033,67.05435943603516,0.5475810345549157
2019-12-24,0,1,-0.0004367801249133,67.02507781982422,0.5327916505003036
2019-12-26,1,1,-0.0046010627496712,66.71739959716797,0.5107158280193062
2019-12-27,0,1,0.0133290581832647,67.61263275146484,0.5244986726523242
2019-12-30,0,1,-0.0057633935920901,67.22407531738281,0.5494349955928686
2019-12-31,0,1,-0.0110826207787618,66.48316955566406,0.5172191388571756
2020-03-16,0,1,0.088387695107988,60.258209228515625,0.7302275684618778
2020-03-17,1,1,-0.1236845678081452,53.2476806640625,0.6764827986068112
2020-03-18,0,1,0.0411364760775411,55.48377990722656,0.725975518516412
2020-03-19,1,1,-0.0243261709523161,54.15035629272461,0.734627536721394
2020-03-20,0,1,0.0185945143339804,55.16667556762695,0.7038135638954301
2020-03-23,0,1,-0.0398790278922432,53.00997161865234,0.7397013140352322
2020-03-24,1,1,-0.0132684639911006,52.311256408691406,0.740996950749652
2020-03-25,0,1,0.0695106273283328,56.07680130004883,0.704358192831762
2020-03-26,1,1,-0.0254445943676928,54.66794967651367,0.7187981067183769
2020-03-27,0,1,0.0541521832738847,57.7099609375,0.6639995999050193
2020-03-30,1,1,-0.0463397833674358,55.096710205078125,0.6933693378751091
2020-03-31,1,1,0.0319537857581331,56.88568878173828,0.6277577742246763
2020-04-01,0,0,0.013551518574106,57.66182327270508,0.4925518158685251
2020-04-02,1,1,-0.052882235992524,54.6917610168457,0.6006887152143097
2020-04-03,0,1,0.0134560650164752,55.43267059326172,0.5548925927346595
2020-04-06,1,1,-0.0220218370697897,54.225284576416016,0.5463942305565506
2020-04-07,0,1,0.0795624817619205,58.71585464477539,0.5209160996276353
2020-04-08,1,1,-0.0005324959093617,58.68459701538086,0.5558184931264643
2020-04-09,0,1,0.0204563794389921,59.89743423461914,0.533125226648724
2020-04-13,1,1,-0.0003563294310264,59.876094818115234,0.5659502333785843
2020-04-14,1,0,0.0031775084211654,60.066654205322266,0.49791977390354947
2020-04-15,0,0,0.0442946956033612,62.78709411621094,0.45921870467720327
2020-04-16,1,1,-0.0062872591783779,62.39357376098633,0.50357116957921
2020-04-17,1,1,0.0001033200208342,62.400020599365234,0.5312085592065149
2020-04-20,0,1,0.0170086187040674,63.470436096191406,0.5189211125517756
2020-04-21,0,1,-0.0140545793855062,62.58462524414063,0.5659136069113311
2020-04-22,1,1,-0.0396200228156762,60.15349960327149,0.5950659105909955
2020-04-23,1,1,0.037445002814306,62.44865036010742,0.501643059055558
2020-04-24,1,0,0.0100887376391147,63.08186721801758,0.4675998591238756
2020-04-27,0,1,0.0042627161148041,63.351341247558594,0.5119435112722444
2020-04-28,0,1,-0.0045065696256129,63.06648635864258,0.5332977802585679
2020-04-29,1,1,-0.0305761953995821,61.16733551025391,0.6063287823809005
2020-04-30,1,0,0.0851774976492486,66.60574340820312,0.46660208679386805
2020-05-01,0,0,0.003361982700233,66.83004760742188,0.4469458255516719
2020-05-04,1,1,-0.02205780279061,65.37206268310547,0.5333833446006215
2020-05-05,1,1,0.0042269439927997,65.64897155761719,0.5026680759876616
2020-05-06,0,0,0.019552068293982,66.94517517089844,0.4927616266793235
2020-05-07,1,1,-0.0026646254030583,66.76702880859375,0.5218193931414514
2020-05-08,1,0,0.017571475469388,67.95059204101562,0.4683653564760707
2020-05-11,1,0,0.0109383163846652,68.69793701171875,0.46337249754222415
2020-05-12,0,0,0.0138098862395723,69.65322875976562,0.4567005057796094
2020-05-13,0,1,-0.0204485451697207,68.2433853149414,0.5285565751799107
2020-05-14,1,1,-0.0197181124599188,66.91093444824219,0.6036031203101382
2020-05-15,1,1,0.0063066449043161,67.3342514038086,0.554783193428738
2020-05-18,1,1,0.0118685995832837,68.13817596435547,0.5578839324027771
2020-05-19,0,1,0.0087882699174599,68.73963165283203,0.5149018659414629
2020-05-20,1,1,-0.0078129319006538,68.20466613769531,0.6012571102065685
2020-05-21,0,1,0.0249764191931715,69.92962646484375,0.543995761010905
2020-05-22,1,1,-0.0017116226934642,69.8100357055664,0.6083957367048156
2020-05-26,1,1,0.0046027625494782,70.13209533691406,0.5387800599895958
2020-05-27,0,1,0.0057363402710891,70.53555297851562,0.5379734655948386
2020-05-28,0,1,-0.000767175655163,70.48146057128906,0.621251561326525
2020-05-29,1,1,-0.001437251263278,70.38023376464844,0.6660795564452849
2020-06-01,1,1,0.0107161771411636,71.13849639892578,0.5431305373341653
2020-06-02,1,1,0.0009415075631521,71.20550537109375,0.6007667527354824
2020-06-03,0,0,0.0051715131544424,71.57469940185547,0.4814868428634442
2020-06-04,0,1,-0.0021236763553276,71.42285919189453,0.5615404712684614
2020-06-05,1,1,-0.0174876361220553,70.18470001220703,0.5476248369004841
2020-06-08,1,1,0.0180224479751182,71.46106719970703,0.5071496218292544
2020-06-09,1,1,0.0055537321005655,71.85904693603516,0.5722412004173442
2020-06-10,1,1,0.0027860941989508,72.05953216552734,0.5134400799464613
2020-06-11,0,0,0.0086535155294964,72.68580627441406,0.47911750943132897
2020-06-12,1,1,-0.0438220145577266,69.56935119628906,0.6707483308888287
2020-06-15,1,1,0.0078301254047876,70.11622619628906,0.6585114693300729
2020-06-16,1,1,0.0055192873037024,70.50428771972656,0.6759203020077997
2020-06-17,1,1,0.0179482851856415,71.78114318847656,0.631547597796784
2020-06-18,0,1,0.0041876386138906,72.08236694335938,0.6650195521392392
2020-06-19,0,1,-0.0127623223051452,71.16827392578125,0.6358037587627654
2020-06-22,1,1,-0.0066322459888701,70.69783020019531,0.6863405351696181
2020-06-23,1,1,0.0180994851283458,71.98907470703125,0.6132262985970541
2020-06-24,0,1,0.0091398838228763,72.65006256103516,0.6061173098302323
2020-06-25,1,1,-0.021597732843275,71.09780883789062,0.6415037548179886
2020-06-26,0,1,0.0058458903491786,71.51465606689453,0.6407687087204488
2020-06-29,1,1,-0.0560561144239587,67.6161117553711,0.6680784113659601
2020-06-30,1,1,0.025098129961512,69.33462524414062,0.6610114976717685
2020-07-01,1,1,0.0148338178407753,70.37078857421875,0.6681685218451408
2020-07-02,1,1,0.0167484936826704,71.55931854248047,0.6394203972723168
2020-07-06,1,1,0.0191838038052013,72.94535064697266,0.5390047900241612
2020-07-07,0,1,0.0200168242631818,74.42019653320312,0.5979771291902292
2020-07-08,1,1,-0.006509182598176,73.9373550415039,0.5295091312580997
2020-07-09,1,1,0.0091397094609396,74.61621856689453,0.5116646499259044
2020-07-10,1,0,0.0099661265992035,75.36357116699219,0.4269777673638959
2020-07-13,0,0,0.0133110216917196,76.37344360351562,0.4438326887590923
2020-07-14,1,0,-0.0175538395891797,75.04449462890625,0.47656706105139357
2020-07-15,0,0,0.0056903344064414,75.47274017333984,0.49892193436817794
2020-07-16,0,1,-0.0026201958019667,75.2752456665039,0.5558209457948298
2020-07-17,1,1,-0.0012929887672231,75.177978515625,0.6152409633948711
2020-07-20,1,1,0.0012730219678543,75.27374267578125,0.5976534347869282
2020-07-21,0,1,0.0305084933367962,77.60562133789062,0.551426331325723
2020-07-22,1,1,-0.0050771991689474,77.21260070800781,0.5908523386990476
2020-07-23,0,0,0.0057230826670244,77.65576171875,0.4163098867274922
2020-07-24,0,1,-0.0312200572413369,75.268798828125,0.6282436123413887
2020-07-27,1,1,-0.0056464680025237,74.8449935913086,0.5887939489509111
2020-07-28,0,1,0.0139713464750478,75.89801788330078,0.5873217448141723
2020-07-29,1,1,-0.016999243880651,74.61871337890625,0.6969928548618439
2020-07-30,1,1,0.013121147367644,75.604248046875,0.6551906452899431
2020-07-31,0,1,0.0097067130050274,76.34169006347656,0.6504270399853336
2020-08-03,0,1,-0.0333242245842341,73.83958435058594,0.687279339234219
2020-08-04,0,1,-0.0034940021356332,73.58203887939453,0.6958334323977614
2020-08-05,1,1,-0.0064004186133839,73.11258697509766,0.6929808740861887
2020-08-06,1,1,0.0039221687209681,73.39990997314453,0.6889502156901477
2020-08-07,0,1,0.0173326225823941,74.68321228027344,0.6556022507521972
2020-08-10,0,1,-0.0043817929549338,74.35668182373047,0.6692696946644625
2020-08-11,0,1,-0.0010349000160244,74.27976989746094,0.7021094602636466
2020-08-12,1,1,-0.0109361249256827,73.47186279296875,0.706487869342936
2020-08-13,1,1,0.0178732862466924,74.7968521118164,0.6629648081070609
2020-08-14,0,1,0.0062239018886673,75.26383209228516,0.5556869353745465
2020-08-17,1,1,-0.0079570832219702,74.66732788085938,0.6487585654169747
2020-08-18,1,1,0.0076866964288241,75.24348449707031,0.5906197266285644
2020-08-19,0,1,0.0257434288455591,77.20565795898438,0.6203951037416545
2020-08-20,1,1,-0.0072057001874834,76.65133666992188,0.5888229869345736
2020-08-21,0,1,0.0202771657394053,78.22147369384766,0.540351189600174
2020-08-24,1,1,-0.0004312987969955,78.187744140625,0.5143249970575656
2020-08-25,1,0,0.0060617657711129,78.66313934326172,0.4581873625116944
2020-08-26,1,0,0.0129743441978326,79.69039154052734,0.3666905995977823
2020-08-27,0,0,0.0235580138989297,81.59002685546875,0.38898603336471427
2020-08-28,1,0,-0.0095397866533622,80.81537628173828,0.42064311027849927
2020-08-31,0,0,0.0066770319710843,81.3567886352539,0.38765109741414616
2020-09-01,1,0,-0.0060569818526809,80.8655014038086,0.4534327764691616
2020-09-02,1,0,0.0155577348469959,82.1334228515625,0.43203702507468966
2020-09-03,0,0,0.0369563021994377,85.22555541992188,0.3930067279758267
2020-09-04,0,0,-0.0525261134990588,80.8645248413086,0.49041402504693565
2020-09-08,0,1,-0.0300892523899055,78.46761322021484,0.5346934517288041
2020-09-09,1,1,-0.0371142627771151,75.60872650146484,0.666498403306659
2020-09-10,0,1,0.0153901543976337,76.78135681152344,0.6184679215767317
2020-09-11,0,1,-0.0137835043471849,75.73030090332031,0.7073770135673619
2020-09-14,0,1,-0.0067657514759432,75.21965789794922,0.6900383538894548
2020-09-15,1,1,-0.0045824610138249,74.8757553100586,0.701507340220863
2020-09-16,0,1,0.0172741289715393,76.18040466308594,0.6377210258422082
2020-09-17,0,1,-0.0151156946803012,75.03754425048828,0.7025322612029112
2020-09-18,0,1,-0.0167052750866089,73.79443359375,0.7083007859700856
2020-09-21,0,1,-0.0244726599900607,72.01040649414062,0.7074177062035771
2020-09-22,1,1,-0.014542623365154,70.97076416015625,0.7156018758627385
2020-09-23,0,1,0.020540778022005,72.44363403320312,0.5875064022518021
2020-09-24,1,1,-0.0351563049812028,69.94103240966797,0.7261538049602367
2020-09-25,1,1,0.0095120539228276,70.60948944091797,0.6629678417873806
2020-09-28,1,1,0.0113213897260532,71.4134292602539,0.6777111049733817
2020-09-29,1,1,0.0135278391028378,72.38606262207031,0.6611501652477176
2020-09-30,0,1,0.0050331681300106,72.75131225585938,0.6454228780934416
2020-10-01,1,1,-0.0002866494532305,72.73046112060547,0.6706370678783815
2020-10-02,0,1,0.0151011892998861,73.83711242675781,0.5137030283986647
2020-10-05,1,1,-0.0219475553904397,72.23422241210938,0.6729824266122219
2020-10-06,0,1,0.0185343102571887,73.58551788330078,0.513136855260351
2020-10-07,1,1,-0.0216858030001219,72.0069351196289,0.6518939387650176
2020-10-08,1,1,0.005580446033395,72.4098892211914,0.6371800748059602
2020-10-09,1,0,0.0165098370608746,73.61528778076172,0.4679096909751786
2020-10-12,1,1,0.0180505071482008,74.95614624023438,0.6187258830411735
2020-10-13,1,0,0.0352163738926204,77.64286041259766,0.4283522869697529
2020-10-14,0,0,0.0015837220672827,77.76592254638672,0.407515815470755
2020-10-15,0,1,-0.0023191937341534,77.58577728271484,0.511192582687157
2020-10-16,1,0,-0.0051107219969571,77.19026947021484,0.42773991308186243
2020-10-19,0,0,0.0078317800455684,77.79718017578125,0.39662777277569505
2020-10-20,1,1,-0.0243745093395336,75.92383575439453,0.5304034253980602
2020-10-21,1,0,0.0137165949370672,76.97242736816406,0.40931939780009613
2020-10-22,1,0,0.0222572079297026,78.70482635498047,0.4182885586247734
2020-10-23,1,0,0.01294866584362,79.73057556152344,0.4179423210248793
2020-10-26,0,0,0.0162492433145098,81.0367202758789,0.389540936680408
2020-10-27,1,1,-0.030270411290425,78.6204605102539,0.5251898823841812
2020-10-28,0,0,0.009167124774229,79.34449768066406,0.43804571751407057
2020-10-29,1,1,-0.0566640376012229,74.97352600097656,0.5985318457445294
2020-10-30,1,1,0.0300444803021132,77.26024627685547,0.5754036673554694
2020-11-02,1,1,0.0373382241573365,80.19953918457031,0.5897969559230212
2020-11-03,1,1,0.0050671854693925,80.6069564819336,0.5292564013051871
2020-11-04,1,1,0.0130522480335144,81.66595458984375,0.50952195614592
2020-11-05,1,0,0.0591000005958398,86.63788604736328,0.44903134015556234
2020-11-06,0,0,0.0094916987654494,87.46414184570312,0.3914789925544503
2020-11-09,1,0,-0.0015727506783546,87.32669067382812,0.4607548674865044
2020-11-10,0,0,0.0009597803380504,87.4105453491211,0.42312849078967596
2020-11-11,1,0,-0.0135463436897674,86.23443603515625,0.3861836515444053
2020-11-12,0,0,0.0054579120323349,86.70638275146484,0.3913539917440527
2020-11-13,1,0,-0.0025272169283684,86.48753356933594,0.4606023567184361
2020-11-16,1,0,0.0167508907257519,87.94847869873047,0.42990201638278924
2020-11-17,0,0,0.0009983232052713,88.03632354736328,0.45613044112774
2020-11-18,0,1,-0.0069972396659315,87.4224624633789,0.5206821650435157
2020-11-19,1,1,-0.0120038056797389,86.37933349609375,0.5104255749107833
2020-11-20,0,0,0.0102482174761946,87.26911926269531,0.46150353697183544
2020-11-23,0,1,-0.0126985068064267,86.16793823242188,0.6316466394183826
2020-11-24,1,1,-0.0050924525921318,85.7302474975586,0.6518464138241071
2020-11-25,1,1,0.0208172698310309,87.53362274169922,0.5147395435388006
2020-11-27,1,1,0.0001302950959162,87.54502868652344,0.6122055778421391
2020-11-30,0,0,0.0128917816521446,88.68094635009766,0.4883099692566887
2020-12-01,1,1,-0.0184223975549613,87.06218719482422,0.5957874458339996
2020-12-02,1,1,0.0230786016867675,89.0948257446289,0.5512013774045385
2020-12-03,0,0,0.0163579145790864,90.56421661376952,0.43528021426719543
2020-12-04,1,1,-0.0017164054108384,90.40890502929688,0.5931771055319106
2020-12-07,0,1,0.0010531937127903,90.5041732788086,0.5640261221294423
2020-12-08,0,1,-0.0036970061259749,90.17019653320312,0.6126904245049101
2020-12-09,0,1,-0.0031418001613834,89.88734436035156,0.5511266009085951
2020-12-10,0,1,-0.0186510660569058,88.22638702392578,0.612623761075522
2020-12-11,1,1,-0.0057593714688236,87.71971893310547,0.6588675950930767
2020-12-14,0,1,0.0040366861019146,88.07453155517578,0.6192392693928558
2020-12-15,1,1,-0.0127812349130591,86.95599365234375,0.6447815463232923
2020-12-16,0,1,0.0050207611389982,87.3936767578125,0.6208910878035765
2020-12-17,0,1,-0.0022112864277318,87.20063781738281,0.6295548427305326
2020-12-18,0,1,-0.0095378305789421,86.37288665771484,0.6545700860247746
2020-12-21,1,1,-0.0082441583984691,85.66374206542969,0.6564660006065715
2020-12-22,0,1,0.0048198965969258,86.07762908935547,0.6660223128579114
2020-12-23,1,1,-0.0083015999562408,85.36600494384766,0.6679283774219612
2020-12-24,1,1,0.004645602056002,85.76350402832031,0.6499516106650006
2020-12-28,1,1,0.0034252572834459,86.05776977539062,0.651260826074142
2020-12-29,0,1,0.0226911659818711,88.03284454345703,0.584736957853901
2020-12-30,0,1,-0.0091739637172588,87.22892761230469,0.6610037696913595
2020-12-31,1,1,-0.012312760837026,86.16148376464844,0.6526716382998483
2021-03-17,0,0,0.014233095317116,103.41314697265624,0.44868899209469787
2021-03-18,0,0,-0.000801748552898,103.33026885986328,0.4773536508997085
2021-03-19,1,1,-0.0296740365824917,100.30908966064452,0.5449996317156337
2021-03-22,1,0,0.0027764734816529,100.58798217773438,0.47722787867499905
2021-03-23,1,0,0.001838532377977,100.77308654785156,0.4770960829900798
2021-03-24,0,1,0.0052259652065674,101.30110168457033,0.507502369709257
2021-03-25,0,0,-0.0043202186641381,100.8644027709961,0.4701573733474513
2021-03-26,0,0,-3.4492485066689846e-05,100.86092376708984,0.4749886816774715
2021-03-29,1,0,-0.003810490985168,100.47732543945312,0.4685882969397674
2021-03-30,1,1,0.0103476789003366,101.52243041992188,0.5074202196428821
2021-03-31,1,0,0.0003322573944875,101.55616760253906,0.48772859243283917
2021-04-01,1,0,0.0078121421887309,102.35264587402344,0.4731353167703581
2021-04-05,1,0,0.0320901835491096,105.6904296875,0.4311588597361642
2021-04-06,0,0,0.0410198460875554,110.11598205566406,0.452531592584825
2021-04-07,1,0,-0.0043809164293797,109.63462829589844,0.44660920044454827
2021-04-08,1,0,0.0133851463467465,111.11196899414062,0.44243483414469653
2021-04-09,1,0,0.0050785879072176,111.67769622802734,0.44900938777076616
2021-04-12,0,0,0.0089536226190968,112.6821060180664,0.4420122605863144
2021-04-13,1,0,-0.0115386296307997,111.3893814086914,0.43727844513051417
2021-04-14,0,0,0.0043608116095668,111.87619018554688,0.4693054140403941
2021-04-15,1,0,-0.0055690045358284,111.2548828125,0.4439486035107294
2021-04-16,0,0,0.0191472445986781,113.40563201904295,0.4776502597420479
2021-04-19,1,0,-0.0010945619824672,113.28157043457033,0.428021534510298
2021-04-20,0,0,0.0030662043429055,113.62944793701172,0.4344566284311655
2021-04-21,0,0,-0.0047058109095017,113.09598541259766,0.4591964932341066
2021-04-22,0,0,-0.0002896454211794,113.063232421875,0.4374586257759143
2021-04-23,1,0,-0.0114019031390914,111.78141784667967,0.4322010178676729
2021-04-26,1,0,0.0208290185920198,114.1341323852539,0.44679664126506075
2021-04-27,0,0,0.004338563938537,114.63038635253906,0.4471852039868456
2021-04-28,1,0,-0.0082375200442749,113.68999481201172,0.4951753944070602
2021-04-29,1,0,0.0292750720360314,117.06747436523438,0.44840458339361644
2021-04-30,0,0,0.0141928061063714,118.74083709716795,0.4521899616750209
2021-05-03,0,0,-0.0165440019582522,116.79254913330078,0.45990802126047375
2021-05-04,0,0,-0.0044372515616593,116.27545928955078,0.46701221295495576
2021-05-05,1,0,-0.0155920507041653,114.47654724121094,0.45456168769835925
2021-05-06,1,0,0.0034360849517027,114.87057495117188,0.4801943994009692
2021-05-07,1,0,0.0097073744425053,115.99109649658205,0.47627537548849197
2021-05-10,0,0,0.0062183975157344,116.7146224975586,0.4662790269978231
2021-05-11,0,1,-0.0259204154295897,113.72820281982422,0.5132706949199021
2021-05-12,0,1,-0.0095094135210857,112.65184020996094,0.507949078896474
2021-05-13,1,0,-0.0312353446173271,109.18750762939452,0.442302854447452
2021-05-14,1,0,0.0129999932507785,110.6162109375,0.41678166125436084
2021-05-17,1,0,0.0218936809832306,113.06471252441406,0.40267723634140795
2021-05-18,0,1,0.0046153629792383,113.58775329589844,0.5036185706618007
2021-05-19,1,0,-0.0116228995055083,112.27517700195312,0.4219134952796218
2021-05-20,1,0,0.003983322211044,112.72329711914062,0.47131348768218484
2021-05-21,0,0,0.0154858392038705,114.48249816894533,0.477940540364818
2021-05-24,1,0,-0.0055726794662644,113.84629821777344,0.4477412864759161
2021-05-25,1,0,0.0287485792625566,117.16671752929688,0.47069901177215945
2021-05-26,1,0,0.0007748372018933,117.25753784179688,0.47207859962355225
2021-05-27,0,0,0.0073537052764706,118.12299346923828,0.42816132510064164
2021-05-28,0,0,-0.0074340641259508,117.24811553955078,0.40917196174408077
2021-06-01,1,0,-0.0024705881544499,116.95880126953124,0.4754113113679399
2021-06-02,0,0,0.0102700921831491,118.16616821289062,0.45858746989351595
2021-06-03,0,0,-0.0044572180179481,117.6406478881836,0.4115012384913724
2021-06-04,1,0,-0.0097538917272382,116.49877166748048,0.42358159750801083
2021-06-07,1,0,0.0194009741761207,118.7810287475586,0.43800033939306837
2021-06-08,0,0,0.0036406437002341,119.2142562866211,0.4790117683288212
2021-06-09,1,0,-0.0016082015128544,119.02268981933594,0.4115804995290611
2021-06-10,1,0,0.0039531920557641,119.494140625,0.4531518565856292
2021-06-11,0,0,0.0112285256867558,120.84344482421876,0.4750783774549535
2021-06-14,1,0,-0.0020265239687003,120.59880065917967,0.4193880555798538
2021-06-15,0,0,0.0076693844266035,121.52727508544922,0.4597534243282072
2021-06-16,0,0,-0.0084145792127529,120.50896453857422,0.4049304075119772
2021-06-17,1,0,-0.0053428407927944,119.8668212890625,0.4062114155830047
2021-06-18,0,0,0.0080077933519677,120.8305435180664,0.40647761170387203
2021-06-21,1,0,-0.0135001572001494,119.21027374267578,0.4755523410816923
2021-06-22,1,0,0.0140667527356047,120.8990249633789,0.4341841256345286
2021-06-23,0,0,0.0042433489838519,121.4131317138672,0.4053997897429158
2021-06-24,1,0,-0.0016648404983777,121.21116638183594,0.39050262079379794
2021-06-25,1,0,0.0030495914318718,121.58137512207033,0.4412468706337603
2021-06-28,1,0,6.921233572392578e-05,121.58979034423828,0.3930047395344274
2021-06-29,0,0,0.0002245462993128,121.61709594726562,0.4243371231943104
2021-06-30,0,0,-0.0021526740855981,121.35557556152344,0.4001948085321714
2021-07-01,1,0,-0.001497822046283,121.17394256591795,0.43262937275093943
2021-07-02,1,0,0.0029035073582387,121.52628326416016,0.4373970046120066
2021-07-06,1,0,0.0227137770569758,124.31819152832033,0.42898915231311247
2021-07-07,1,0,0.0074170846840102,125.2436981201172,0.42375309176783904
2021-07-08,0,0,0.0022480274888315,125.52556610107422,0.4312843571909717
2021-07-09,1,0,-0.0113710539662831,124.10629272460938,0.40629774489539083
2021-07-12,1,0,0.0037874660095285,124.57723236083984,0.426342165693939
2021-07-13,1,0,0.0115409480257746,126.02330017089844,0.46639485088790733
2021-07-14,1,0,0.0028783234892172,126.38655853271484,0.4444838455623546
2021-07-15,0,0,0.0070076739253287,127.2753448486328,0.41534124389165683
2021-07-16,0,0,-0.0096537341166323,126.05257415771484,0.44591345422756123
2021-07-19,0,0,-0.000275610558882,126.01783752441406,0.43426903499990366
2021-07-20,1,0,-0.0190187462911073,123.64378356933594,0.4252554677949008
2021-07-21,1,0,0.013011238946399,125.26305389404295,0.45686322369785953
2021-07-22,1,0,0.0105572390978318,126.59249114990234,0.4301608786669344
2021-07-23,1,0,0.0068172951434015,127.45845794677734,0.4073712456022175
2021-07-26,1,0,0.035144127525572,132.01751708984375,0.4473725807402544
2021-07-27,0,0,0.0076390061944401,133.0298614501953,0.43675195724926497
2021-07-28,1,0,-0.0160568891734043,130.91087341308594,0.4800679489988643
2021-07-29,0,0,0.031301785613388,135.07342529296875,0.45672472227955296
2021-07-30,0,0,-0.0023282392011026,134.75930786132812,0.4659070071959432
2021-08-02,1,0,-0.0077707396669231,133.7161865234375,0.4906647035327625
2021-08-03,1,0,0.0009496558810204,133.84323120117188,0.4895931396200446
2021-08-04,0,0,0.0057340518552274,134.61289978027344,0.4363537212960013
2021-08-05,1,0,-0.0037265033157959,134.11219787597656,0.4392199607934362
2021-08-06,0,0,0.0082982226494495,135.22972106933594,0.48017168033666024
2021-08-09,1,0,-0.0037719930426056,134.72059631347656,0.43536833741430114
2021-08-10,0,0,0.0086153550407815,135.8862762451172,0.4810248130040018
2021-08-11,0,0,-0.0007743207205714,135.78109741210938,0.4814687742056868
2021-08-12,1,0,-0.0038670851228402,135.2570343017578,0.4238969115742668
2021-08-13,1,0,0.0066916430196872,136.1651611328125,0.4172525225774082
2021-08-16,1,0,0.003881195391652,136.69467163085938,0.419379818940731
2021-08-17,0,0,0.0042167296807401,137.2722930908203,0.4438520656447122
2021-08-18,0,0,-0.0119867054916054,135.6366729736328,0.4444758189007699
2021-08-19,1,0,-0.0089119353439438,134.43325805664062,0.4629093201001292
2021-08-20,1,0,0.0017037269780071,134.66249084472656,0.40044331048667914
2021-08-23,1,0,0.0128120659031191,136.39889526367188,0.38548141329906704
2021-08-24,1,0,0.0188279325882952,138.9913330078125,0.46200979407238396
2021-08-25,1,0,0.0086739375171282,140.20217895507812,0.40188209764582206
2021-08-26,0,0,0.0057704674246014,141.0135498046875,0.4114745785021272
2021-08-27,1,0,-0.0045040045452778,140.37985229492188,0.41508315106143095
2021-08-30,1,0,0.0179617604732149,142.92410278320312,0.4076559269521297
2021-08-31,1,0,0.0040643595528825,143.5061798095703,0.4102017089874088
2021-09-01,1,0,0.0007398785336067,143.61239624023438,0.4405964010121265
2021-09-02,0,0,0.0035735880431308,144.12652587890625,0.40593270126655345
2021-09-03,1,0,-0.0133691907766467,142.21249389648438,0.41186026570606354
2021-09-07,1,0,0.0031530582175125,142.66160583496094,0.4121103095289328
2021-09-08,0,0,0.0037566771988604,143.19854736328125,0.43830365768254437
2021-09-09,0,0,-0.0040941863959806,142.61346435546875,0.437761116325726
2021-09-10,0,0,-0.0010447002329438,142.4645538330078,0.39537293378315463
2021-09-13,1,0,-0.0187403459590296,139.819580078125,0.443480597121644
2021-09-14,1,0,0.0102856491196925,141.26513671875,0.45112334351519967
2021-09-15,1,0,0.0014882063387515,141.47552490234375,0.4537634500756593
2021-09-16,0,0,0.0131374869525756,143.34642028808594,0.4112498978660625
2021-09-17,0,0,-0.0056903137769771,142.53305053710938,0.4104906540634769
2021-09-20,0,0,-0.019760722802988,139.744140625,0.43617719430908364
2021-09-21,1,1,-0.0148866263131769,137.67922973632812,0.5293785386252816
2021-09-22,1,0,0.0022575763264371,137.9904022216797,0.4878943281114478
2021-09-23,1,0,0.0089538177807783,139.2314910888672,0.42818379804467427
2021-09-24,1,0,0.0066255815079614,140.15704345703125,0.43070417108599635
2021-09-27,0,0,0.007049200572402,141.14852905273438,0.4108659861048771
2021-09-28,0,0,-0.0080697169154066,140.0140838623047,0.49379186831331146
2021-09-29,0,0,-0.0378661286030308,134.81141662597656,0.4753380947772756
2021-09-30,0,0,-0.0109296862154385,133.3459930419922,0.4456489097323638
2021-10-01,1,1,-0.0050556909348223,132.6735382080078,0.5294166954430648
2021-10-04,0,0,0.0212207707423301,135.51905822753906,0.41851963646271195
2021-10-05,1,1,-0.0213438390587429,132.65721130371094,0.5272878416705744
2021-10-06,1,0,0.0175282631467297,135.00296020507812,0.42365342167648234
2021-10-07,1,0,0.0112724668442547,136.53338623046875,0.46130260355124875
2021-10-08,1,0,0.01199491443931,138.1809539794922,0.43959612665153214
2021-10-11,0,0,0.0040177238326398,138.73724365234375,0.417595631176493
2021-10-12,0,0,-0.0062541435231869,137.8722686767578,0.4329190505990086
2021-10-13,1,0,-0.0179040295056942,135.42576599121094,0.4374433131733317
2021-10-14,1,0,0.008269243947514,136.55027770996094,0.46883202498946186
2021-10-15,1,0,0.0256099194086,140.0924835205078,0.42256183634445266
2021-10-18,1,0,0.001536216726769,140.307861328125,0.4033580589858482
2021-10-19,1,0,0.0099247942176661,141.7073211669922,0.45551617969892977
2021-10-20,0,0,0.0032093617456328,142.162841796875,0.40823845154237376
2021-10-21,1,0,-0.0103014793113607,140.70587158203125,0.39061415558041945
2021-10-22,0,0,0.0008249229067364,140.82199096679688,0.3985878516736978
2021-10-25,0,0,-0.0309164925953688,136.53488159179688,0.40545330566754034
2021-10-26,1,0,-0.0008690681242627,136.41627502441406,0.42699558757925604
2021-10-27,1,0,0.0134524645058496,138.26380920410156,0.41244762084866105
2021-10-28,0,0,0.0484043711748094,145.12100219726562,0.411076008985099
2021-10-29,1,0,-0.0025231976210074,144.7552947998047,0.4138412280705377
2021-11-01,0,0,0.0149511046782724,146.93580627441406,0.409010559841153
2021-11-02,1,0,-0.0312089453513537,142.42091369628906,0.4519885028713406
2021-11-03,1,0,0.0133978567102952,144.34188842773438,0.4675777427661573
2021-11-04,1,0,0.0079820422640026,145.49864196777344,0.4547572234306879
2021-11-05,1,0,0.0113240467792473,147.1556396484375,0.4652659104915273
2021-11-08,1,0,0.0039344968584904,147.7357635498047,0.46868827949561553
2021-11-09,0,0,0.0012018169597166,147.91342163085938,0.49586833571795563
2021-11-10,0,0,-0.000755211983888,147.8017578125,0.4772460572940443
2021-11-11,0,0,-0.0205224049857209,144.79942321777344,0.4262129492417485
2021-11-12,1,0,-0.000870702437938,144.67340087890625,0.4259286923134557
2021-11-15,0,0,0.0197767432373796,147.56304931640625,0.48137381887845354
2021-11-16,0,0,-0.0015212131408325,147.3387451171875,0.42537598158844225
2021-11-17,1,0,-0.0038874168777934,146.76708984375,0.4688425323482575
2021-11-18,1,0,0.0011555381309575,146.93678283691406,0.46107056110775674
2021-11-19,0,0,0.012028226401366,148.71484375,0.46047267043924583
2021-11-22,0,0,-0.0061050878986142,147.8096923828125,0.45800099620226326
2021-11-23,0,0,-0.017779664892832,145.2049102783203,0.4440419860993402
2021-11-24,1,0,-0.0035609217144684,144.6887664794922,0.43676916459198745
2021-11-26,0,0,0.0023157358440483,145.0242156982422,0.4684273097053817
2021-11-29,1,0,-0.0273132068106087,141.1167449951172,0.4242544015773099
2021-11-30,0,0,0.0232707709155721,144.43914794921875,0.3980173708412976
2021-12-01,0,0,-0.0252806336515793,140.83340454101562,0.4931393936115732
2021-12-02,1,0,-0.0059798195923029,139.99375915527344,0.4381779956263585
2021-12-03,0,0,0.0134816832778047,141.89389038085938,0.42640856825570916
2021-12-06,1,1,-0.006769277202338,140.93661499023438,0.5058940518843846
2021-12-07,1,0,0.008090459236488,142.08148193359375,0.41894502345934737
2021-12-08,1,0,0.0283362003256453,146.1651153564453,0.46742654724561866
2021-12-09,0,0,0.006207390182191,147.0752410888672,0.43223858322920045
2021-12-10,1,0,-0.0037048547501563,146.53135681152344,0.4244099202306279
2021-12-13,0,0,0.0024557768362993,146.8916473388672,0.4254406849588529
2021-12-14,0,0,-0.0148049662728869,144.73294067382812,0.49919127613739644
2021-12-15,1,0,-0.013250408159029,142.82781982421875,0.41289796603568074
2021-12-16,0,0,0.0174553747437441,145.3428192138672,0.4509179342955882
2021-12-17,0,0,-0.0137236029802868,143.36181640625,0.48773078577261114
2021-12-20,0,1,-0.0190104499643739,140.6621856689453,0.5033546519740582
2021-12-21,1,0,-0.0008329174201995,140.54507446289062,0.46686256726039305
2021-12-22,1,0,0.0130879155451713,142.3966064453125,0.45921940842173187
2021-12-23,1,0,0.0203015097364469,145.3170166015625,0.4996575981617986
2021-12-27,1,0,0.0034195693674569,145.81478881835938,0.4668395780077763
2021-12-28,0,0,0.0067158041198005,146.79734802246094,0.47532786685668316
2021-12-29,0,0,-0.0082792709521734,145.5869903564453,0.47119657192826203
2021-12-30,0,0,-0.000218235608951,145.5552215576172,0.42886508855993355
2021-12-31,0,0,-0.0031039493280016,145.1041259765625,0.48920302166693974
2022-03-16,1,1,0.0254530945478991,128.2291259765625,0.5570570702034696
2022-03-17,1,1,0.0311098970657472,132.28102111816406,0.5368239351066573
2022-03-18,1,1,0.0041817267668309,132.83534240722656,0.5580381046879057
2022-03-21,0,1,0.0169396292535587,135.1046905517578,0.5411704421707104
2022-03-22,1,1,-0.0001762026769067,135.0808868408203,0.5292773230867174
2022-03-23,0,1,0.0272980466230387,138.81912231445312,0.5252796597187357
2022-03-24,1,1,-0.0114511118673433,137.23855590820312,0.5893497053594806
2022-03-25,1,1,0.0235605322662983,140.51036071777344,0.5150963217410687
2022-03-28,0,1,0.0007130008201731,140.61058044433594,0.5678917737057426
2022-03-29,1,1,-0.0015362761115536,140.3947296142578,0.54529720453584
2022-03-30,0,1,0.0073952239762051,141.43682861328125,0.5214073346015438
2022-03-31,0,1,-0.0039865947125728,140.8740997314453,0.5793824301370764
2022-04-01,1,1,-0.0204345616176687,138.0246124267578,0.5701164832714561
2022-04-04,1,1,0.0077575026426119,139.09950256347656,0.5403762310956884
2022-04-05,0,1,0.019928501983605,141.89935302734375,0.5225888183504968
2022-04-06,0,1,-0.016790503775255,139.53668212890625,0.5700377687760091
2022-04-07,0,1,-0.0291786467138815,135.52401733398438,0.5887788210497895
2022-04-08,0,1,-0.0048414056512742,134.86947631835938,0.5995600988540825
2022-04-11,0,1,-0.0193262623918878,132.28797912597656,0.6114132954937521
2022-04-12,0,1,-0.0340652161028734,127.85745239257812,0.5834997641925815
2022-04-13,1,1,-0.0086460185937376,126.75675964355467,0.592101136549287
2022-04-14,0,1,0.0169213610220087,128.91990661621094,0.5256562511854049
2022-04-18,1,1,-0.0246597833923491,125.77964782714844,0.6089812901411008
2022-04-19,1,1,0.0074408024247179,126.7190399169922,0.5954450459993899
2022-04-20,0,1,0.0181041486820017,129.03407287597656,0.5493175719567942
2022-04-21,0,1,-0.0152611173655277,127.07981872558594,0.6111474123011615
2022-04-22,0,1,-0.0255141211279045,123.87850189208984,0.6259654964174265
2022-04-25,1,1,-0.0423789296940457,118.73834991455078,0.6533906502327897
2022-04-26,0,1,0.0283361598709856,122.15106201171876,0.5242994917573849
2022-04-27,0,1,-0.0366078104538642,117.76023864746094,0.6513208308831125
2022-04-28,1,1,-0.0373995986668956,113.43739318847656,0.5978669466944679
2022-04-29,0,1,0.0363244549996415,117.63369750976562,0.5471652572932538
2022-05-02,1,1,-0.0379444270395825,113.25377655029295,0.6359589520304512
2022-05-03,1,1,0.0214449967965221,115.70873260498048,0.5545123266298112
2022-05-04,1,1,0.0064212407739628,116.45411682128906,0.568938096791041
2022-05-05,0,1,0.0411334737343736,121.34416198730467,0.5471135300849892
2022-05-06,0,1,-0.0482196383879723,115.63182067871094,0.6082962558910009
2022-05-09,0,1,-0.0065359863390784,114.8785171508789,0.5912973740699615
2022-05-10,1,1,-0.0283515112046864,111.66727447509766,0.6202516162784981
2022-05-11,0,1,0.016606320915887,113.53713989257812,0.5705899648384871
2022-05-12,0,1,-0.0069516830989496,112.75060272216795,0.5994689145081066
2022-05-13,1,1,-0.0066993438438457,111.99777221679688,0.6129868103812239
2022-05-16,0,1,0.0280191317167776,115.18022918701172,0.5164747334795523
2022-05-17,1,1,-0.0139310143755076,113.58677673339844,0.5768186905361281
2022-05-18,0,1,0.0175650176172643,115.59955596923828,0.5131523394098809
2022-05-19,0,1,-0.0400582438937683,111.06036376953124,0.5692831545171837
2022-05-20,0,1,-0.0136359502412508,109.55622863769533,0.5825205393974809
2022-05-23,1,1,-0.0134616717073384,108.09130096435548,0.6027606461481718
2022-05-24,0,1,0.0234133443184366,110.65193939208984,0.5582283053199871
2022-05-25,0,1,-0.0507608884425571,105.17532348632812,0.606943810386297
2022-05-26,1,1,-0.0015582071519907,105.01156616210938,0.5969461329426414
2022-05-27,1,1,0.0186103722881693,106.98416900634766,0.5647577885338746
2022-05-31,1,1,0.0411125540161739,111.47422790527344,0.5040818905841283
2022-06-01,1,1,0.0127878515238689,112.90889739990234,0.5163880574456269
2022-06-02,1,1,0.0011420449069917,113.03791809082033,0.5587121610993708
2022-06-03,0,1,0.0322296912347902,116.74044036865234,0.5252661041826365
2022-06-06,1,1,-0.0265475394169689,113.68204498291016,0.5836240267305495
2022-06-07,1,1,0.0197057935937398,115.9444580078125,0.5054695730341834
2022-06-08,1,1,0.0028121767035934,116.2709732055664,0.5398003721941695
2022-06-09,0,1,0.0003799835574247,116.3151626586914,0.5612309516749765
2022-06-10,0,1,-0.0203300704992456,113.9743423461914,0.5887761354486342
2022-06-13,0,1,-0.0325166194775501,110.32788848876952,0.535996718511409
2022-06-14,1,1,-0.0438490267936375,105.59465026855467,0.5673518054117737
2022-06-15,1,1,0.0030313456202985,105.91522979736328,0.5723207619543201
2022-06-16,0,0,0.0281709149841261,108.9413833618164,0.46253366060915346
2022-06-17,1,1,-0.034582193469685,105.23834991455078,0.6053908877945856
2022-06-21,1,1,0.0104139120863502,106.34001922607422,0.5421352641688855
2022-06-22,0,1,0.0402501445597654,110.70752716064452,0.5251110925935106
2022-06-23,1,1,-0.0005066526006046,110.65145111083984,0.5209986354693459
2022-06-24,1,1,0.0067446943537373,111.40028381347656,0.5068369534810917
2022-06-27,0,0,0.0498155697292192,117.09030151367188,0.4694900307513915
2022-06-28,0,1,-0.0183188043613275,114.96487426757812,0.5291453285083317
2022-06-29,0,1,-0.0335880570387646,111.16755676269533,0.5648160537825543
2022-06-30,0,1,-0.0027357492983664,110.86384582519533,0.5671242808896307
2022-07-01,0,1,-0.0248218330465405,108.1458740234375,0.596370715643399
2022-07-05,1,1,-0.0020715067145862,107.92208099365234,0.5864374103788378
2022-07-06,1,1,0.0407758136023427,112.41364288330078,0.51110505723311
2022-07-07,1,1,0.0114907893463948,113.71281433105467,0.523509085478163
2022-07-08,1,1,0.0360948453923357,117.8922348022461,0.5209091664164558
2022-07-11,0,0,0.0047913904647117,118.45845794677734,0.48567231527141985
2022-07-12,0,1,-0.0312922059061591,114.80902862548828,0.5772766854136151
2022-07-13,0,1,-0.0144190760753678,113.16546630859376,0.5457101705927079
2022-07-14,0,1,-0.023668526121122,110.5184555053711,0.5569545555166593
2022-07-15,1,1,-0.0088942000847961,109.5398406982422,0.6097072004976618
2022-07-18,0,1,0.0126946095728994,110.93927001953124,0.5255152800364321
2022-07-19,1,1,-0.0248873030749636,108.21236419677734,0.6238124096561541
2022-07-20,1,1,0.0429074701305645,112.95653533935548,0.5082867667306843
2022-07-21,1,1,0.000790477955547,113.04586029052734,0.5795572479585174
2022-07-22,0,1,0.003855514825138,113.48255157470705,0.5578944853229977
2022-07-25,0,1,-0.0579715471028883,107.09085083007812,0.5983112568247224
2022-07-26,0,1,-0.0036210957027752,106.70376586914062,0.6136198937160329
2022-07-27,1,1,-0.0234330007369144,104.2324447631836,0.5985377755626177
2022-07-28,1,1,0.0737678301669572,112.21215057373048,0.5063805272662203
2022-07-29,1,1,0.0102078744583351,113.36346435546876,0.5538657005873677
2022-08-01,0,1,0.0182185284112756,115.4477081298828,0.5314850069956092
2022-08-02,1,1,-0.0126310812929056,113.99864959716795,0.5889718294406834
2022-08-03,1,1,0.0023480594552627,114.26663970947266,0.53865978445038
2022-08-04,1,0,0.0253003829633894,117.19451141357422,0.49083048479879043
2022-08-05,0,1,0.0009311512316993,117.3036880493164,0.5531478836629244
2022-08-08,0,1,-0.0061105733693088,116.58908081054688,0.5701755605255037
2022-08-09,0,1,-0.0014481512542238,116.4203643798828,0.5482576590478371
2022-08-10,1,1,-0.0057282454654346,115.75538635253906,0.5631741144435355
2022-08-11,0,1,0.025981921866296,118.8023452758789,0.5054304337161459
2022-08-12,1,1,-0.0072103940938664,117.94881439208984,0.5731907987635723
2022-08-15,1,0,0.0236165970589398,120.76751708984376,0.491563669197685
2022-08-16,0,1,0.0032818796354828,121.16451263427734,0.5093051549791519
2022-08-17,0,1,-0.003117640133492,120.787353515625,0.540252363718461
2022-08-18,1,1,-0.0178242094017001,118.65348815917967,0.5345744063956318
2022-08-19,0,1,0.0051727621386276,119.2688446044922,0.522685601347058
2022-08-22,0,1,-0.0249403595220359,116.33102416992188,0.5799708665761162
2022-08-23,0,1,-0.025665595481261,113.38330841064452,0.6283793239939851
2022-08-24,0,1,-0.0033318175427461,113.00616455078124,0.5687140113050985
2022-08-25,1,1,-0.0014941675361389,112.83744049072266,0.5764341342202941
2022-08-26,0,0,0.0257025710601189,115.7752456665039,0.4691223869197085
2022-08-29,0,1,-0.055611616501262,109.5125503540039,0.6077316262524592
2022-08-30,0,1,-0.0083728225194038,108.59944915771484,0.601546425752431
2022-08-31,0,1,-0.0043962926450331,108.12306213378906,0.5739593492960582
2022-09-01,1,1,-0.006631140235815,107.40845489501952,0.6100170701311505
2022-09-02,0,0,0.0139477105349744,108.91705322265624,0.4909126745693534
2022-09-06,0,1,-0.0173726038834238,107.04122161865234,0.5953008403624348
2022-09-07,1,1,-0.0096898436051386,106.00901794433594,0.5703375276614062
2022-09-08,0,0,0.0244163984119945,108.62923431396484,0.4796598776610165
2022-09-09,1,1,-0.0098244433987435,107.5672378540039,0.5382244143876904
2022-09-12,1,0,0.0207286227708698,109.82022857666016,0.47162725213087636
2022-09-13,0,1,0.0018960977858918,110.02865600585938,0.5620419767530609
2022-09-14,1,1,-0.0608050739561315,103.5376968383789,0.6013536607792803
2022-09-15,0,1,0.0064972830540904,104.2126007080078,0.543788439183502
2022-09-16,0,1,-0.020105516181171,102.13827514648438,0.5896729888774688
2022-09-19,1,1,-0.0010694818098776,102.0290985107422,0.6028233026099309
2022-09-20,0,1,0.0026230866472074,102.29708099365234,0.5568288259265542
2022-09-21,0,1,-0.018902752977213,100.3815460205078,0.5874172295676561
2022-09-22,1,1,-0.0185615782119839,98.53549194335938,0.6205523547166173
2022-09-23,0,1,0.0086250191806747,99.3890380859375,0.5684659659350393
2022-09-26,0,1,-0.0140790970051176,97.9995346069336,0.6209948464872319
2022-09-27,0,1,-0.0057892461306841,97.43383026123048,0.62390421902449
2022-09-28,1,1,-0.0068483944024939,96.7688446044922,0.5993989363886065
2022-09-29,0,1,0.0258177466191797,99.29972839355467,0.5230484716192314
2022-09-30,0,1,-0.0266386651317038,96.68943786621094,0.5595586877746279
2022-10-03,1,1,-0.0183357787715855,94.9327163696289,0.5732858966518884
2022-10-04,1,1,0.0307811345434129,97.9002914428711,0.5022891904439106
2022-10-05,0,0,0.0299603567324576,100.87779998779295,0.4769095410738783
2022-10-06,0,1,-0.0020682751424008,100.66937255859376,0.5165394580155864
2022-10-07,0,1,-9.860329314959324e-05,100.6594467163086,0.529396597533749
2022-10-10,0,1,-0.0273880114704045,97.93999481201172,0.5583990644282372
2022-10-11,0,1,-0.0083444803873936,97.12613677978516,0.5523462455665853
2022-10-12,1,1,-0.0069729116502864,96.45124053955078,0.5485682557257447
2022-10-13,1,1,0.003902656094042,96.8283920288086,0.5382033067295698
2022-10-14,0,0,0.0152581828765179,98.31714630126952,0.4778002065622179
2022-10-17,1,1,-0.0255611727764025,95.8358917236328,0.5695626535879165
2022-10-18,1,1,0.0347055812471672,99.22032165527344,0.546353660712878
2022-10-19,0,1,0.0079705307640396,100.01432037353516,0.5147914141662217
2022-10-20,1,1,-0.0113773253507533,98.88287353515624,0.5008092193148327
2022-10-21,1,1,0.0034067945867136,99.22032165527344,0.5026955248663292
2022-10-24,1,1,0.0115366510453171,100.37162017822266,0.5113548174877776
2022-10-25,1,0,0.0136510966383851,101.7511978149414,0.4902471953946169
2022-10-26,0,0,0.0189377929682106,103.69650268554688,0.4523341502664683
2022-10-27,0,1,-0.0958559039721957,94.2181167602539,0.565300955705746
2022-10-28,1,1,-0.0289627156936905,91.5284423828125,0.5903330177347474
2022-10-31,0,0,0.043187396446211,95.5679168701172,0.45291157829023865
2022-11-01,0,1,-0.0186586944343571,93.80127716064452,0.581563081763679
2022-11-02,0,1,-0.0436874324184792,89.79156494140625,0.5984288659829142
2022-11-03,0,1,-0.0394550886929008,86.31781005859375,0.622116754289776
2022-11-04,1,1,-0.0415551482567343,82.80436706542969,0.6134452376709453
2022-11-07,1,1,0.0370606471894646,85.93072509765625,0.5374637054079132
2022-11-08,1,1,0.0218207847766639,87.82640838623047,0.5187945478547556
2022-11-09,0,1,0.0046226323787993,88.23333740234375,0.5814786537987182
2022-11-10,1,1,-0.0179326319303821,86.6651840209961,0.6413216231089318
2022-11-11,1,0,0.0730767693650474,93.23554229736328,0.44067385828608296
2022-11-14,0,0,0.0259537258804694,95.68702697753906,0.49439744651000816
2022-11-15,1,1,-0.0073917719789064,94.98233795166016,0.5956334067556452
2022-11-16,1,1,0.0282289988695389,97.70179748535156,0.5262827297457499
2022-11-17,0,1,0.0041562053612049,98.10871124267578,0.5234442782375794
2022-11-18,0,1,-0.0049692817484608,97.62239074707033,0.5459593423959597
2022-11-21,0,1,-0.0095000581192499,96.6993637084961,0.5654203713158988
2022-11-22,1,1,-0.0189613501584595,94.88308715820312,0.5604821473669658
2022-11-23,1,0,0.0150533972599511,96.32220458984376,0.45483525180586926
2022-11-25,0,0,0.014424253247991,97.72164916992188,0.4879971163846143
2022-11-28,0,1,-0.0102084874045513,96.72913360595705,0.5328886682554854
2022-11-29,0,1,-0.0145729407475251,95.32972717285156,0.5886499677330947
2022-11-30,1,1,-0.0089941867027771,94.47615814208984,0.546614242691436
2022-12-01,0,0,0.0591467119031601,100.23267364501952,0.4443623217003137
2022-12-02,0,0,0.0,100.23267364501952,0.4963066238497635
2022-12-05,0,1,-0.0054608913366873,99.68680572509766,0.5542868811956592
2022-12-06,0,1,-0.009604028631366,98.73399353027344,0.5277665115539087
2022-12-07,0,1,-0.0254518703966365,96.25273895263672,0.5454655713224386
2022-12-08,0,1,-0.0212596809290088,94.22803497314452,0.5794850266027215
2022-12-09,0,1,-0.0130401596327455,93.00726318359376,0.5308435317568081
2022-12-12,1,1,-0.0094349283445015,92.13387298583984,0.5300740462436369
2022-12-13,1,1,0.0051573566300931,92.61026763916016,0.548179450951701
2022-12-14,0,0,0.0245592397234292,94.9128646850586,0.4764891270154365
2022-12-15,0,1,-0.0058730443161782,94.35707092285156,0.5485415412571877
2022-12-16,0,1,-0.0452935954099011,90.17864227294922,0.6011803534554878
2022-12-19,0,1,-0.0066255122738421,89.58313751220703,0.5907668420236288
2022-12-20,1,1,-0.0203701132905584,87.77677917480469,0.5678093465554874
2022-12-21,1,1,0.0065367365386298,88.35243225097656,0.565896442452971
2022-12-22,0,1,0.0062710270238715,88.90823364257812,0.5363459160690336
2022-12-23,1,1,-0.0205262534305494,87.10188293457031,0.6066790714995827
2022-12-27,0,1,0.0166114939698035,88.56085968017578,0.5229275026839327
2022-12-28,0,1,-0.0208364537252156,86.73465728759766,0.6127684185784017
2022-12-29,1,1,-0.0158011176898805,85.37492370605469,0.6405731191452286
2022-12-30,0,1,0.0278577283308988,87.78671264648438,0.5033321220076221
2023-03-16,1,1,0.0225177338567508,95.38926696777344,0.5367051420269205
2023-03-17,1,0,0.0428717808716571,99.56770324707033,0.43035969414444564
2023-03-20,0,0,0.0128753026425026,100.8579559326172,0.4166264554044218
2023-03-21,1,0,-0.0039441797094567,100.4609375,0.39942342064698216
2023-03-22,0,0,0.0359018206268168,104.13319396972656,0.43426094905888
2023-03-23,1,0,-0.0148832908515716,102.5948257446289,0.39623990572287715
2023-03-24,0,0,0.0213436110291815,104.80810546875,0.4289031605228619
2023-03-27,0,0,-0.0015162819604812,104.64930725097656,0.3632331629507898
2023-03-28,0,0,-0.0286696298978422,101.691650390625,0.38023027024795303
2023-03-29,1,0,-0.0140550980804567,100.2723617553711,0.4296702253907726
2023-03-30,0,0,0.0035570353284891,100.62966918945312,0.45817210552187765
2023-03-31,1,1,-0.0049436113331823,100.1334228515625,0.5486079032687954
2023-04-03,1,1,0.0277604803663159,102.95211791992188,0.563048465041212
2023-04-04,1,1,0.0060551557352098,103.57740020751952,0.5339184465208191
2023-04-05,0,0,0.0034436561280401,103.93470001220705,0.4750812676069888
2023-04-06,1,0,-0.002390152789994,103.68657684326172,0.4640795880983557
2023-04-10,0,0,0.0371125614050436,107.60694885253906,0.4499366314032392
2023-04-11,0,0,-0.0184311004655497,105.6417999267578,0.39948190267702
2023-04-12,0,0,-0.0102933714909185,104.55996704101562,0.4917467811416418
2023-04-13,1,1,-0.0067622346971051,103.85529327392578,0.5222611607425254
2023-04-14,1,1,0.0263135474488712,106.6243667602539,0.5264148562097883
2023-04-17,0,1,0.0133151598165744,108.05358123779295,0.502669459360586
2023-04-18,0,1,-0.0269985215003958,105.17532348632812,0.5083217541400945
2023-04-19,0,0,-0.0139690410003011,103.71633911132812,0.48508447219778283
2023-04-20,1,1,-0.0030667881897189,103.39875030517578,0.5433365659803744
2023-04-21,1,0,0.0105982108897624,104.50041961669922,0.46245891204329614
2023-04-24,1,0,0.0011390830537792,104.61952209472656,0.498513102982739
2023-04-25,0,1,0.0052985352464782,105.17532348632812,0.5333125995417254
2023-04-26,0,0,-0.0202085697330231,103.07121276855467,0.4344885132073201
2023-04-27,1,0,-0.0013489728906072,102.93226623535156,0.4974704940302148
2023-04-28,0,1,0.0367291917123991,106.78317260742188,0.5526217939519902
2023-05-01,0,1,-0.0023263205408739,106.53504943847656,0.5611734755743628
2023-05-02,0,1,-0.0013050843091336,106.39610290527344,0.5855051047421803
2023-05-03,1,0,-0.0176929518640334,104.53019714355467,0.48880287006707923
2023-05-04,0,1,0.000854172378794,104.61952209472656,0.5478685226241751
2023-05-05,1,0,-0.0068538957936028,103.90492248535156,0.4590835204221736
2023-05-08,1,1,0.008370609112038,104.7783203125,0.5596956045845305
2023-05-09,0,1,0.0206250885800301,106.96182250976562,0.5981601208777235
2023-05-10,1,1,-0.0039048443167604,106.5449676513672,0.5073862243897934
2023-05-11,1,1,0.0401698521271103,110.9119873046875,0.5247232505030621
2023-05-12,1,0,0.0422276896030982,115.69583892822266,0.40938267375580073
2023-05-15,0,0,0.0080314368220545,116.6287841796875,0.38531991411947086
2023-05-16,1,0,-0.008546258740829,115.63629150390624,0.3830091157010437
2023-05-17,1,0,0.0254229260746518,118.6137924194336,0.37831320899015747
2023-05-18,1,0,0.0110673392048727,119.93382263183594,0.3607922388459428
2023-05-19,0,0,0.0163338479815452,121.9088897705078,0.3603699577311513
2023-05-22,1,0,-0.0005700410357281,121.83941650390624,0.36895965709513895
2023-05-23,0,0,0.0184825503152492,124.1122589111328,0.43154486479309695
2023-05-24,0,0,-0.0201130228393756,121.64092254638672,0.37744744692135185
2023-05-25,1,0,-0.0136368917102741,119.99337768554688,0.4126121855847257
2023-05-26,1,0,0.0211153253538928,122.55401611328124,0.3991158071278892
2023-05-30,0,0,0.0091096810436146,123.67554473876952,0.3611244461242138
2023-05-31,0,0,-0.0075721483126231,122.74259185791016,0.3937894496790892
2023-06-01,1,0,-0.0064898877275995,121.9485855102539,0.4491422026968881
2023-06-02,1,0,0.0068940795703537,122.7922134399414,0.475539826917842
2023-06-05,1,0,0.0076493215899133,123.73509216308594,0.4210187384822719
2023-06-06,1,0,0.01069099986435,125.0650405883789,0.43498009254657
2023-06-07,0,0,0.0102638000083388,126.35529327392578,0.4217819965036198
2023-06-08,0,0,-0.0385139340091705,121.58137512207033,0.4593004957713003
2023-06-09,1,1,-0.0029431604816511,121.22406768798828,0.5007150278175899
2023-06-12,1,0,0.0007365239868854,121.31338500976562,0.43999215900711464
2023-06-13,1,0,0.0114696263479182,122.71281433105467,0.46056842781082213
2023-06-14,0,0,0.0015355445922839,122.9013900756836,0.4880441491273555
2023-06-15,1,1,-0.0012929137416222,122.74259185791016,0.5222239037476171
2023-06-16,0,0,0.0114167812558651,124.15194702148438,0.446023722352762
2023-06-20,0,0,-0.0125494381056572,122.60364532470705,0.45366395766203793
2023-06-21,0,1,-0.0034870515894198,122.17686462402344,0.5357290677732933
2023-06-22,1,1,-0.0209324184103313,119.64598846435548,0.5134625510891667
2023-06-23,0,0,0.0213384814413374,122.22648620605467,0.46021061911066186
2023-06-26,0,0,-0.0065989982755811,121.42256927490234,0.4567052515426753
2023-06-27,0,0,-0.0332422587132131,117.45256042480467,0.4691247393515192
2023-06-28,1,1,-8.438301905541421e-05,117.4426498413086,0.5112721458877576
2023-06-29,0,0,0.0155130424152702,119.27874755859376,0.47020617735953774
2023-06-30,1,0,-0.0090269365426626,118.20687103271484,0.4747452516071211
2023-07-03,1,0,0.0050249142662328,118.8023452758789,0.44775397553301555
2023-07-05,1,1,0.0016695896913252,119.00086212158205,0.5190980486836518
2023-07-06,0,1,0.0153117755209416,120.83699798583984,0.5017889595614423
2023-07-07,0,0,-0.013561829257736,119.20928955078124,0.45201531238860637
2023-07-10,0,1,-0.0052590526068409,118.5840072631836,0.5339230519395559
2023-07-11,1,0,-0.0256870032662215,115.57672882080078,0.47487697168252585
2023-07-12,1,1,0.00590790519128,116.26156616210938,0.5230756277815739
2023-07-13,1,0,0.0151651889955432,118.0381317138672,0.4676602268021748
2023-07-14,1,0,0.0460918816553609,123.60606384277344,0.48149415982740285
2023-07-17,0,0,0.007041131752849,124.47946166992188,0.4695347933262385
2023-07-18,0,0,-0.0061581971495294,123.71524810791016,0.46648969003137053
2023-07-19,0,0,-0.007165709941259,122.8319091796875,0.4149765262480113
2023-07-20,0,0,-0.0140772837688233,121.11488342285156,0.41099124022919453
2023-07-21,1,0,-0.023464026965296,118.30612182617188,0.4623927494929258
2023-07-24,1,0,0.0068555091803893,119.11995697021484,0.43070011489955207
2023-07-25,1,0,0.0125027815679942,120.61863708496094,0.4563197120006176
2023-07-26,1,0,0.0055797572996791,121.29354095458984,0.4539976734970408
2023-07-27,1,0,0.0561623676753352,128.30059814453125,0.40544674143632553
2023-07-28,1,0,0.0010050478493332,128.4296112060547,0.4273072929602671
2023-07-31,1,0,0.0242780141342687,131.58578491210938,0.376953980611311
2023-08-01,0,0,0.0010553816689299,131.7247314453125,0.405796392036734
2023-08-02,0,0,-0.0088545077903519,130.5635223388672,0.44776891507373906
2023-08-03,1,0,-0.0243925431778705,127.41727447509766,0.39064348777113217
2023-08-04,0,0,0.0005450336985794,127.48674011230467,0.49288722749352665
2023-08-07,1,0,-0.00265043650634,127.1492919921875,0.47695101402569406
2023-08-08,0,0,0.0263457713608653,130.5436553955078,0.42390554361917376
2023-08-09,0,0,-0.0009887638994949,130.41464233398438,0.4836052336488813
2023-08-10,1,0,-0.0133306419422058,128.6876678466797,0.4488815961184995
2023-08-11,0,1,0.0002313077475703,128.71743774414062,0.5187453234338678
2023-08-14,1,0,-0.0010027993230937,128.5884246826172,0.43695092253618045
2023-08-15,0,0,0.0135691638800514,130.34515380859375,0.4088799844744081
2023-08-16,0,0,-0.0118725252354567,128.80677795410156,0.4829517381756755
2023-08-17,1,0,-0.0083564622110374,127.73489379882812,0.4801449819849972
2023-08-18,0,0,0.0094346014752242,128.9457244873047,0.43528911897331607
2023-08-21,1,0,-0.0191162774473825,126.5041732788086,0.443751314272247
2023-08-22,1,0,0.0071140651991575,127.40734100341795,0.4796371869723087
2023-08-23,1,1,0.0055156334551057,128.1120147705078,0.5558486777212355
2023-08-24,0,0,0.0251687190241357,131.37734985351562,0.46208092792537564
2023-08-25,1,0,-0.0197602794952032,128.80677795410156,0.4095161635705961
2023-08-28,1,1,0.0007701842463825,128.90602111816406,0.5017487730935895
2023-08-29,1,0,0.0086625526835357,130.02752685546875,0.48640062786143334
2023-08-30,1,0,0.026811021507921,133.56085205078125,0.4834018886959325
2023-08-31,1,0,0.009687707099277,134.8610382080078,0.4799237840021803
2023-09-01,0,0,0.0021317452350733,135.14883422851562,0.4835506332474435
2023-09-05,1,0,-0.003752155645102,134.64268493652344,0.40446722180575945
2023-09-06,0,0,0.0008104201850066,134.75184631347656,0.4344218730880637
2023-09-07,1,0,-0.0096954810657902,133.45167541503906,0.41878385193975287
2023-09-08,1,0,0.0059321368314271,134.2456817626953,0.42446991499475145
2023-09-11,1,0,0.0082463801768765,135.3572998046875,0.4234561428780374
2023-09-12,0,1,0.0039513631933409,135.89320373535156,0.5117912842907676
2023-09-13,1,0,-0.0116065287250991,134.3250732421875,0.4229158167865932
2023-09-14,1,0,0.0100717609627934,135.68479919433594,0.46662238048541727
2023-09-15,0,0,0.0101161764956268,137.0643768310547,0.4650384158273143
2023-09-18,1,0,-0.0050816606953203,136.36962890625,0.4300760920564686
2023-09-19,0,0,0.0058779903212579,137.17356872558594,0.45408574247400724
2023-09-20,0,0,-0.0012309282962785,137.00482177734375,0.4824841855693791
2023-09-21,0,0,-0.0316458226774615,132.73707580566406,0.4078241977720025
2023-09-22,0,0,-0.0249840314588351,129.46185302734375,0.4637547545524139
2023-09-25,1,0,-0.0014578513762173,129.27325439453125,0.4877817787670411
2023-09-26,0,1,0.0065811831905647,130.1268310546875,0.5246976253343079
2023-09-27,1,1,-0.019563260787721,127.60586547851562,0.5060418642131856
2023-09-28,1,0,0.0152059820456938,129.56106567382812,0.496567340589001
2023-09-29,0,0,0.0134679803232678,131.3177947998047,0.4546935642872344
2023-10-02,1,0,-0.0110197712014471,129.87864685058594,0.47259533625330225
2023-10-03,0,0,0.0249797877199667,133.16384887695312,0.4286606968288583
2023-10-04,1,0,-0.0130533905612031,131.43690490722656,0.40187640625511867
2023-10-05,0,0,0.020996640957985,134.22581481933594,0.42083937611927624
2023-10-06,1,0,-0.0012576364442911,134.05711364746094,0.46809429822974846
2023-10-09,1,0,0.018412312602435,136.54827880859375,0.3662648300307726
2023-10-10,0,0,0.0060869292513057,137.38197326660156,0.40356057618359964
2023-10-11,1,0,-0.0026041643733589,137.02467346191406,0.3787187897010138
2023-10-12,0,0,0.0178750442772551,139.4960174560547,0.369709766803953
2023-10-13,0,0,-0.0113051724443912,137.92787170410156,0.3957902790050838
2023-10-16,1,0,-0.0116531206308893,136.3299102783203,0.40330006828713055
2023-10-17,1,0,0.0125880495926998,138.056884765625,0.3822666663917072
2023-10-18,0,0,0.0044473631563275,138.6722412109375,0.4001287683555431
2023-10-19,0,0,-0.012676587141387,136.92544555664062,0.36878910906029466
2023-10-20,0,0,-0.0015235235959483,136.7169952392578,0.43177576894691994
2023-10-23,1,0,-0.015730986927235,134.5831298828125,0.39094082020995136
2023-10-24,1,0,0.0066153417820246,135.4763946533203,0.3915172365996959
2023-10-25,0,0,0.0167812655026954,137.76904296875,0.38199155149224195
2023-10-26,0,0,-0.0999241162581427,124.66804504394533,0.44895963943266654
2023-10-27,0,1,-0.0268683305677862,121.36302185058594,0.5272166509125276
2023-10-30,1,1,-0.0009000551137407,121.25383758544922,0.5310100248226178
2023-10-31,0,0,0.0185708620334893,123.52666473388672,0.4986660869113875
2023-11-01,1,1,-0.0030578075690411,123.14952087402344,0.5524789217681859
2023-11-02,1,0,0.0189203850786573,125.50173950195312,0.4688430670247433
2023-11-03,1,0,0.0081909183344764,126.533935546875,0.4989648288161116
2023-11-06,1,0,0.0125495220042019,128.1318817138672,0.48132697882465125
2023-11-07,1,1,0.0088683557635372,129.27325439453125,0.5190111970899582
2023-11-08,1,0,0.0055126002001473,129.98785400390625,0.4799013762553909
2023-11-09,0,0,0.0066208055342544,130.85133361816406,0.4657019232554047
2023-11-10,1,0,-0.0122101315307262,129.26333618164062,0.43787935935934597
2023-11-13,0,0,0.0178825620252821,131.59568786621094,0.39338988798671404
2023-11-14,1,0,-0.0037781205104739,131.0994415283203,0.4134138065706689
2023-11-15,1,0,0.0115163105664268,132.61795043945312,0.37901659820976535
2023-11-16,1,0,0.0074562120487258,133.6104736328125,0.44098037487876274
2023-11-17,0,0,0.0170137520784688,135.90313720703125,0.460716215317113
2023-11-20,1,0,-0.0119012740178581,134.29530334472656,0.383118360168728
2023-11-21,1,0,0.0069230059780933,135.22825622558594,0.3619487691854262
2023-11-22,1,0,0.0052704822288936,135.94285583496094,0.45589280714908176
2023-11-24,0,0,0.0110363408961237,137.45147705078125,0.43378925386076217
2023-11-27,0,0,-0.0130827358726804,135.66494750976562,0.43685713801434806
2023-11-28,1,0,-0.0020503658878862,135.38706970214844,0.41895813885407973
2023-11-29,0,0,0.005774524978404,136.17112731933594,0.44937712923180767
2023-11-30,0,0,-0.0162389641054341,133.9777069091797,0.43505011293430906
2023-12-01,0,1,-0.0183917156427175,131.53614807128906,0.512313491667692
2023-12-04,0,0,-0.0050684161794967,130.87115478515625,0.4924677278438567
2023-12-05,1,0,-0.0198373542507458,128.30059814453125,0.46456880165308273
2023-12-06,0,1,0.0132177895375302,130.00770568847656,0.533701168751391
2023-12-07,1,0,-0.0074326749174587,129.04498291015625,0.47429398064424744
2023-12-08,0,1,0.0517813572552332,135.90313720703125,0.5220628781225272
2023-12-11,0,0,-0.0142689858023445,133.9777069091797,0.4505987180926736
2023-12-12,0,0,-0.0126735277393239,132.2904510498047,0.4863651498291852
2023-12-13,1,0,-0.0057937097042589,131.52621459960938,0.46691261631606723
2023-12-14,0,0,0.0003773200427979,131.5758514404297,0.44583803017428025
2023-12-15,1,0,-0.0047635268173794,130.95057678222656,0.43753837974015
2023-12-18,1,0,0.0049897577695329,131.60562133789062,0.44309234275038745
2023-12-19,1,1,0.023846077608248,134.7816162109375,0.5810226921971243
2023-12-20,1,0,0.0062399385015754,135.62527465820312,0.49342871600368066
2023-12-21,1,0,0.0122913671596242,137.30258178710938,0.4985078679065289
2023-12-22,1,0,0.0149234374412374,139.36697387695312,0.45444144872883063
2023-12-26,1,0,0.0075912577141141,140.42897033691406,0.3572192894803224
2023-12-27,0,0,0.0002120787319816,140.45875549316406,0.38962872559298256
2023-12-28,0,0,-0.0081593401132659,139.31736755371094,0.37611623718239384
2023-12-29,0,0,-0.000997945511851,139.17840576171875,0.46385734199026823
