Date,Actual,Predicted,Log_Return,Close,Proba
2016-03-16,1,1,0.0078682911745766,47.260887145996094,0.5328108486737917
2016-03-17,1,1,0.0140818956357983,47.93111801147461,0.5211723823199492
2016-03-18,0,1,0.0056876408266602,48.20450973510742,0.5029361732921132
2016-03-21,1,0,-0.0216375085566429,47.17268753051758,0.4909806263344958
2016-03-22,1,0,0.0068935986600023,47.499000549316406,0.4867309877710382
2016-03-23,0,0,0.0038912023921048,47.68418884277344,0.48590752712659674
2016-03-24,1,0,-0.0018511339454558,47.59600067138672,0.4440577722392088
2016-03-28,0,0,0.0044372015014056,47.80766296386719,0.4701175983396275
2016-03-29,1,0,-0.0124364867916226,47.2167854309082,0.48079728604649286
2016-03-30,1,0,0.0216172799744771,48.24859619140625,0.426901842697087
2016-03-31,1,0,0.0061955451753852,48.5484504699707,0.45855891273734906
2016-04-01,1,0,0.0032643315418669,48.70718765258789,0.43756867407996014
2016-04-04,0,0,0.006137157545851,49.00703048706055,0.43634239743603137
2016-04-05,0,0,-0.0025224637424623,48.883567810058594,0.42919019467539044
2016-04-06,1,0,-0.0158197789201592,48.11632537841797,0.4673457373644103
2016-04-07,0,0,0.0102114474746135,48.61017990112305,0.4604145960160021
2016-04-08,0,0,-0.0120460204067802,48.028133392333984,0.46635930357196287
2016-04-11,0,0,-0.000734724904728,47.99285888671875,0.45629420428342043
2016-04-12,1,0,-0.0020233411115382,47.89585113525391,0.44509776818382907
2016-04-13,1,0,0.0062407948029626,48.19569396972656,0.42511768324128724
2016-04-14,1,0,0.0127274537555594,48.81302261352539,0.4168059749511587
2016-04-15,1,0,0.0001805864281508,48.82183837890625,0.43569530069551904
2016-04-18,1,0,0.0052248138126709,49.07759094238281,0.43848136312332325
2016-04-19,0,0,0.0144503349025208,49.79192733764648,0.4470016399545003
2016-04-20,0,0,-0.0012406703142106,49.73019027709961,0.45699496978714793
2016-04-21,1,1,-0.0142882540715502,49.02468490600586,0.5472206510174453
2016-04-22,0,0,0.003411899005399,49.19223785400391,0.47096159560169804
2016-04-25,1,1,-0.0744114525948672,45.66464614868164,0.5302962617628322
2016-04-26,0,1,0.0063527489245961,45.955665588378906,0.5487208220071071
2016-04-27,0,1,-0.0129406772921566,45.36479949951172,0.5973764201500447
2016-04-28,0,0,-0.0097678609624165,44.9238395690918,0.4809751189162686
2016-04-29,0,0,-0.0206270852390302,44.006683349609375,0.499091889909765
2016-05-02,1,1,-0.0006015112359478,43.98022079467773,0.5695677523190067
2016-05-03,0,1,0.0147293748164462,44.63281631469727,0.5789892134114957
2016-05-04,1,1,-0.0165356480031538,43.90085220336914,0.6006734729828886
2016-05-05,1,1,0.0018062731867075,43.98022079467773,0.5601253538063498
2016-05-06,1,1,0.0014026750892456,44.041954040527344,0.5652516624485769
2016-05-09,0,1,0.0089703852691649,44.43880462646485,0.5469168093852671
2016-05-10,1,1,-0.0063704652207699,44.15660858154297,0.529320291295488
2016-05-11,1,1,0.0187957766564859,44.994415283203125,0.5032444356187994
2016-05-12,1,0,0.0005876179584529,45.0208625793457,0.44104634045119456
2016-05-13,0,0,0.0089706127592591,45.426544189453125,0.4740699769907231
2016-05-16,1,0,-0.00838317052887,45.04731750488281,0.4672805398757711
2016-05-17,0,0,0.0145761780238872,45.708744049072266,0.473056248526269
2016-05-18,1,1,-0.0188279419004235,44.85619354248047,0.526595501018978
2016-05-19,0,0,0.0059219910924499,45.12261962890625,0.4993788692898375
2016-05-20,1,1,-0.0096907832043454,44.68745803833008,0.5251865076023867
2016-05-23,0,1,0.0059442007695687,44.953880310058594,0.5408831435195927
2016-05-24,1,1,-0.0117240472952525,44.42991638183594,0.5689731961757775
2016-05-25,1,1,0.0307054775898809,45.8153190612793,0.5184338327599811
2016-05-26,0,1,0.0102205173825147,46.28597640991211,0.5261873944107751
2016-05-27,1,1,-0.0044225560041269,46.08172607421875,0.52350245098952
2016-05-31,1,1,0.0082525756697233,46.46359252929688,0.519731886073949
2016-06-01,0,0,0.0129133095093622,47.067481994628906,0.4752633644082327
2016-06-02,0,0,-0.002834269171545,46.934268951416016,0.4865503055768594
2016-06-03,0,0,-0.0070252894662851,46.60569763183594,0.43650249776019956
2016-06-06,1,0,-0.0132354134750353,45.99291610717773,0.4897826716044079
2016-06-07,0,1,0.0065439005917731,46.29487609863281,0.504207910599971
2016-06-08,0,0,-0.0005758945161981,46.26822280883789,0.47336748654764804
2016-06-09,0,0,-0.0011522896966789,46.21493911743164,0.4716978247109644
2016-06-10,0,0,-0.0081036707151438,45.841941833496094,0.4595368404979121
2016-06-13,0,0,-0.0027155490210291,45.71762466430664,0.491008314901783
2016-06-14,0,0,-0.0263741628901204,44.52762222290039,0.4839621158502997
2016-06-15,0,1,-0.006202108667641,44.25231170654297,0.5038678228917561
2016-06-16,1,1,-0.0028136664562755,44.12797546386719,0.5366782222358398
2016-06-17,0,0,0.0139892303685369,44.749629974365234,0.49529713804997605
2016-06-20,0,1,-0.0051730871001526,44.51873397827149,0.5034216107086333
2016-06-21,1,1,-0.0011975992860928,44.465450286865234,0.5172206939991641
2016-06-22,0,0,0.0221223226305464,45.46009063720703,0.4959891380896252
2016-06-23,1,0,-0.0039149832815713,45.28246307373047,0.4741704094791903
2016-06-24,0,0,0.0178818341487656,46.09947967529297,0.44950380731001605
2016-06-27,0,0,-0.0408940510237565,44.25231170654297,0.38036402968046074
2016-06-28,1,0,-0.0284977100086703,43.0090217590332,0.43701563966075496
2016-06-29,1,1,0.0206402607015585,43.90596389770508,0.5613574702052044
2016-06-30,1,1,0.0220051885870353,44.88283157348633,0.5464276210139083
2016-07-01,0,1,0.0123882653968273,45.44231033325195,0.5077401692428332
2016-07-05,1,0,-0.0001950254250742,45.43344879150391,0.4891581897500734
2016-07-06,1,0,0.0001950254250742,45.44231033325195,0.4886553835342672
2016-07-07,0,1,0.0040959686943461,45.62882232666016,0.5595414175297995
2016-07-08,1,0,0.0,45.62882232666016,0.49757033871684475
2016-07-11,1,1,0.017747211959734,46.44583511352539,0.5359262533264548
2016-07-12,1,0,0.0055295090354597,46.703369140625,0.4946520481714473
2016-07-13,1,0,0.0117207113482645,47.25398635864258,0.48546483016899855
2016-07-14,1,1,0.0056221761067556,47.52040481567383,0.5025472151045607
2016-07-15,0,0,0.0042889499752375,47.72465515136719,0.4481956753360062
2016-07-18,1,0,-0.0007446780910904,47.68912887573242,0.4854423890679009
2016-07-19,0,0,0.0048298478735437,47.92001724243164,0.4306364321324737
2016-07-20,1,0,-0.0162543703865264,47.147403717041016,0.4783050922104493
2016-07-21,0,0,0.0517547431447258,49.65175247192383,0.4861967072991866
2016-07-22,1,0,-0.0019694533930391,49.55406188964844,0.4668756587535668
2016-07-25,1,0,0.0137053326949093,50.237892150878906,0.4869048475070311
2016-07-26,1,0,0.0028239692563012,50.37996292114258,0.4401861466232046
2016-07-27,0,0,0.0005284514765367,50.40659332275391,0.44298452844737357
2016-07-28,1,0,-0.0100926968565735,49.9004135131836,0.49014652605434994
2016-07-29,1,0,0.0003556409464207,49.91816329956055,0.4609605621298947
2016-08-01,0,0,0.0083269277774323,50.33556365966797,0.48530461606253184
2016-08-02,0,0,-0.0017658406445509,50.24675750732422,0.42779201001268763
2016-08-03,1,0,0.0,50.24675750732422,0.39031743506015404
2016-08-04,1,0,0.0068694415948037,50.59311294555664,0.4541605101428452
2016-08-05,1,0,0.007344848522197,50.96607971191406,0.47396499909481304
2016-08-08,1,0,0.0098832976140935,51.4722900390625,0.47277534221990514
2016-08-09,1,0,0.0017237589905893,51.56109237670898,0.42047250677237286
2016-08-10,0,0,0.0024083849288961,51.68542098999024,0.42479004051307173
2016-08-11,1,0,-0.0030974875837213,51.52557373046875,0.43084881586691215
2016-08-12,0,0,0.0048141445476978,51.77422332763672,0.4203919174407743
2016-08-15,1,0,-0.0061941467692523,51.45451736450195,0.44112767934702496
2016-08-16,0,0,0.0031021279855059,51.614383697509766,0.41899653632439976
2016-08-17,1,0,-0.0055557429820121,51.32842254638672,0.41293685487378096
2016-08-18,1,0,0.0020870873252178,51.43566131591797,0.449101465173539
2016-08-19,1,0,0.0006944571634568,51.47139358520508,0.4642485155647672
2016-08-22,1,0,0.000347158944743,51.48926544189453,0.4435198265745722
2016-08-23,1,0,0.0008674814900826,51.53395080566406,0.4547357138837027
2016-08-24,1,0,0.0038077383533401,51.73055267333984,0.44077528740080235
2016-08-25,1,0,0.0010357550876371,51.78416061401367,0.44974350211270914
2016-08-26,0,0,0.0037890080703083,51.980743408203125,0.42817692012978503
2016-08-29,1,0,-0.0024094717893535,51.85564804077149,0.4231081949530842
2016-08-30,0,1,0.0012054983263639,51.91819763183594,0.5439754334780231
2016-08-31,0,1,-0.0036207896949558,51.73055267333984,0.5208212116970813
2016-09-01,1,1,-0.0074557975181155,51.34629440307617,0.5009375728233677
2016-09-02,1,1,0.0022600534927291,51.46247100830078,0.523775651076561
2016-09-06,0,1,0.001388005672046,51.53395080566406,0.5596385611504662
2016-09-07,1,1,-0.0010409347474023,51.4803352355957,0.5173272280069343
2016-09-08,0,1,0.000867557869536,51.52501678466797,0.5244627372970516
2016-09-09,0,1,-0.0039968792162083,51.31948852539063,0.5193983687998778
2016-09-12,1,0,-0.0214724023562923,50.22928237915039,0.4908323498327829
2016-09-13,0,0,0.0148337224592465,50.979923248291016,0.4932424822639521
2016-09-14,0,0,-0.0091569016347433,50.515235900878906,0.44781846429817274
2016-09-15,1,0,-0.0047875126745365,50.27397155761719,0.37293320956674514
2016-09-16,1,0,0.0163953742220504,51.10502624511719,0.4016418475192646
2016-09-19,0,0,0.0010485752368927,51.15864181518555,0.43195910719669744
2016-09-20,0,0,-0.0056052247894956,50.87268829345703,0.3990445998882358
2016-09-21,1,0,-0.002109982639396,50.76546096801758,0.4045540253507247
2016-09-22,1,0,0.0165841663288607,51.614383697509766,0.3765811601965967
2016-09-23,0,0,0.0010380850617287,51.6679916381836,0.4457876149416429
2016-09-26,0,0,-0.0067678992143153,51.31948852539063,0.41626633200177976
2016-09-27,1,0,-0.0092715042345467,50.84587860107422,0.4303832658363451
2016-09-28,1,0,0.0182852537695987,51.78416061401367,0.4944221066710779
2016-09-29,0,1,0.0013795362809549,51.85564804077149,0.5001742354309995
2016-09-30,1,0,-0.0109155324639065,51.29269409179688,0.4757405096652575
2016-10-03,0,1,0.0034778623071488,51.47139358520508,0.534862639671661
2016-10-04,0,1,-0.0031297914811491,51.31055068969727,0.52755432881677
2016-10-05,1,0,-0.0031396924174259,51.14970397949219,0.4658082817670331
2016-10-06,1,1,0.0069636072490216,51.50713348388672,0.5267100041217876
2016-10-07,1,0,0.0017336839574853,51.59650802612305,0.49905962002947424
2016-10-10,1,0,0.001038518377364,51.65011978149414,0.4882875808653752
2016-10-11,0,0,0.0041436159947574,51.86458206176758,0.48912114111514726
2016-10-12,0,0,-0.0147532773235781,51.10502624511719,0.47651028602795725
2016-10-13,0,1,-0.0013998876086765,51.03353500366211,0.5064323707986722
2016-10-14,1,0,-0.0033323926381737,50.86375427246094,0.4785640125490971
2016-10-17,0,1,0.0087458244092257,51.31055068969727,0.5321620151445844
2016-10-18,1,0,-0.0034891564077489,51.131832122802734,0.4894677640978083
2016-10-19,0,0,0.0076602114458571,51.52501678466797,0.48487401103134675
2016-10-20,0,1,-0.0022570843250233,51.40885162353515,0.5110154580365427
2016-10-21,1,0,-0.0048789396385675,51.15864181518555,0.4909070323572512
2016-10-24,1,0,0.041234316368139,53.31222915649414,0.3995796148204972
2016-10-25,0,0,0.0222120269990262,54.50965118408203,0.44984332979622466
2016-10-26,0,0,-0.0001639113994669,54.50071716308594,0.45867939951706765
2016-10-27,0,0,-0.0059202540478404,54.179012298583984,0.43368970949237956
2016-10-28,0,0,-0.0087798651029444,53.70541000366211,0.4559380114553272
2016-10-31,1,0,-0.0038345117821075,53.49987030029297,0.45286097097743616
2016-11-01,0,0,0.0008346088745601,53.54454040527344,0.4345773901699688
2016-11-02,0,0,-0.0020043041648184,53.43732833862305,0.44983479201917254
2016-11-03,0,0,-0.006206635600293,53.106689453125,0.4077849729608336
2016-11-04,0,0,-0.0037085259449751,52.91010665893555,0.39789416792155885
2016-11-07,1,0,-0.0084806635812993,52.46329116821289,0.3837818171534296
2016-11-08,1,0,0.0287101779082103,53.99135208129883,0.445348425116912
2016-11-09,0,0,0.0008270851892819,54.03602600097656,0.43957227819325073
2016-11-10,0,1,-0.0049734419353188,53.767948150634766,0.5126052395315921
2016-11-11,1,0,-0.0247341265619063,52.4543571472168,0.48501877007924915
2016-11-14,0,1,0.005436523034639,52.74030303955078,0.5021118285137467
2016-11-15,1,1,-0.015366470977573,51.936065673828125,0.5266856027122342
2016-11-16,1,1,0.0195548429881232,52.96166229248047,0.5669260739149836
2016-11-17,1,1,0.0131623139493027,53.663368225097656,0.5164925183416801
2016-11-18,0,0,0.0164607193939747,54.55401611328125,0.4807026242371158
2016-11-21,1,1,-0.0047940731667536,54.29310607910156,0.5266051741075096
2016-11-22,1,1,0.0084154342039071,54.75193405151367,0.5095079928247798
2016-11-23,0,1,0.0042627933557684,54.9858283996582,0.5205144878087246
2016-11-25,1,1,-0.0118499806492523,54.33809280395508,0.5020240844130782
2016-11-28,1,1,0.0021499708065659,54.45504379272461,0.5044170119847703
2016-11-29,1,0,0.0013210126631071,54.52702713012695,0.4846168832056913
2016-11-30,0,1,0.0078884578849814,54.9588623046875,0.521310226491946
2016-12-01,0,1,-0.0136798836275887,54.21215057373047,0.5378228746121813
2016-12-02,1,1,-0.0177466606637078,53.25855255126953,0.5269176682479355
2016-12-05,1,1,0.0008439710841621,53.30352020263672,0.514154076569687
2016-12-06,0,0,0.016238776242303,54.17617034912109,0.4627323741035774
2016-12-07,1,1,-0.0044938300914849,53.93325805664063,0.5156909335565496
2016-12-08,0,1,0.0234103709820917,55.210750579833984,0.5144194573289682
2016-12-09,1,0,-0.0058833700251196,54.88687896728515,0.47582754151741974
2016-12-12,1,1,0.0156126002024422,55.75053024291992,0.5145140703988839
2016-12-13,1,1,0.0032223138681676,55.93046569824219,0.5139816469373854
2016-12-14,0,0,0.0129444446089531,56.65916061401367,0.49450146561563835
2016-12-15,0,1,-0.0047746385033952,56.389278411865234,0.5258820138826167
2016-12-16,0,1,-0.0015966482654612,56.29931640625,0.5019385067370065
2016-12-19,1,1,-0.0044843340688025,56.04741668701172,0.5298243568922074
2016-12-20,0,0,0.0209665512697399,57.23494338989258,0.4150110179492105
2016-12-21,0,0,-0.0012583397167096,57.162967681884766,0.443179164847803
2016-12-22,1,0,0.0,57.162967681884766,0.46036422793422904
2016-12-23,0,0,0.0001574124466583,57.171966552734375,0.45747007158375674
2016-12-27,1,1,-0.0048901380380276,56.89307022094727,0.5001115002324286
2016-12-28,0,0,0.0006322855186455,56.92905426025391,0.4467108872688381
2016-12-29,0,0,-0.0045934059292601,56.668155670166016,0.48435564477183685
2016-12-30,0,0,-0.0014294756077687,56.58720779418945,0.45826661855606254
2017-03-16,0,1,0.0052650044730781,58.60468292236328,0.5217235739256441
2017-03-17,1,1,-0.001700346524565,58.50511932373047,0.5130761110003369
2017-03-20,1,1,0.0035518013685343,58.713287353515625,0.5160783955129211
2017-03-21,0,1,0.0009243137265475,58.76758193969727,0.5124095282210567
2017-03-22,1,0,-0.0111506554612592,58.11592483520508,0.4799921297090795
2017-03-23,0,1,0.012689887211221,58.85810852050781,0.502329109573824
2017-03-24,1,1,-0.0024635454765092,58.713287353515625,0.5036674530248818
2017-03-27,1,1,0.0016943879098695,58.8128547668457,0.5153293984627793
2017-03-28,1,1,0.001844842801014,58.92145538330078,0.5081271137993949
2017-03-29,1,1,0.0029142574090116,59.09341812133789,0.5012591931153093
2017-03-30,1,0,0.0027532936346617,59.256343841552734,0.49794488827512173
2017-03-31,1,0,0.0036590704471111,59.47356414794922,0.4943328422714453
2017-04-03,0,0,0.0022801786329225,59.60932922363281,0.4941984852304271
2017-04-04,1,0,-0.0047180063850546,59.32875442504883,0.4964452308896581
2017-04-05,0,1,0.0027423872486828,59.49168014526367,0.5178017656591694
2017-04-06,1,1,-0.002590013516385,59.33779525756836,0.5021413401185231
2017-04-07,0,1,0.0025900135163849,59.49168014526367,0.5076831470183889
2017-04-10,0,0,-0.0007611556230826,59.446414947509766,0.49170578634831713
2017-04-11,0,1,-0.0022864989817558,59.310646057128906,0.5015617834249073
2017-04-12,0,0,-0.0007631579563275,59.26539993286133,0.48857356393447166
2017-04-13,0,1,-0.003825196585643,59.03913116455078,0.504343105130607
2017-04-17,1,0,-0.004302065856089,58.78568649291992,0.4857230907729467
2017-04-18,0,1,0.008127262441732,59.26539993286133,0.5066235848156186
2017-04-19,0,1,-0.0013752310603286,59.18395233154297,0.5068218023885716
2017-04-20,1,0,-0.0053670361331011,58.86716079711914,0.485992316377333
2017-04-21,1,1,0.0070476388767401,59.28350067138672,0.5170096246470522
2017-04-24,1,0,0.0136470469923135,60.09809112548828,0.4660588272724341
2017-04-25,1,0,0.0168745291542716,61.12082290649414,0.43454873094951885
2017-04-26,0,0,0.0057587802227647,61.473819732666016,0.4798684849319731
2017-04-27,1,0,-0.001325855863858,61.39236831665039,0.47698691497718615
2017-04-28,1,0,0.0064656518236261,61.79059600830078,0.393424964761804
2017-05-01,1,0,0.0027791882713931,61.96256256103515,0.45054448731873775
2017-05-02,0,0,0.0137813717914788,62.82240295410156,0.3887715958897412
2017-05-03,0,0,-0.0015860994438973,62.72283935546875,0.4155295545053574
2017-05-04,0,0,-0.0031794609717038,62.52373123168945,0.4226857439505406
2017-05-05,1,0,-0.0039162696995734,62.27935028076172,0.40656048821998625
2017-05-08,0,0,0.0027575911202447,62.45132827758789,0.43404505229216905
2017-05-09,1,0,-0.0008700742330211,62.39701461791992,0.4202456859364837
2017-05-10,1,0,0.0014495813396823,62.48752975463867,0.4320580873340683
2017-05-11,0,0,0.0039027006491478,62.731876373291016,0.437764166249619
2017-05-12,0,0,-0.0123393405523579,61.96256256103515,0.4286731394713414
2017-05-15,1,0,-0.0011692400136324,61.89015579223633,0.4306453966652287
2017-05-16,1,0,0.0007311122781977,61.93542098999024,0.43511098509059454
2017-05-17,0,0,0.0199352830270225,63.18251037597656,0.39058783005202985
2017-05-18,1,0,-0.0281998163890351,61.425662994384766,0.4455748491576351
2017-05-19,0,0,0.0034024613213975,61.63501739501953,0.4529820923211943
2017-05-22,1,0,-0.0002952051835177,61.616825103759766,0.46266231843949646
2017-05-23,1,0,0.0111646957598418,62.30861282348633,0.43242822438205314
2017-05-24,1,0,0.0033548763673983,62.51800155639648,0.45909648940891745
2017-05-25,1,0,0.0013093119903956,62.599910736083984,0.4445723969911688
2017-05-26,1,0,0.0122843615827107,63.373653411865234,0.39280544084280844
2017-05-30,1,0,0.0048718121982791,63.68315124511719,0.4130832566359377
2017-05-31,0,0,0.0064118308151306,64.09278869628906,0.41031629974853356
2017-06-01,1,0,-0.0081287544898037,63.57390594482422,0.4384405068530831
2017-06-02,1,0,0.0037159239728247,63.81058120727539,0.45259898970069296
2017-06-05,1,0,0.0234044657303803,65.32164764404297,0.38451751663528344
2017-06-06,1,0,0.0072205597130948,65.79501342773438,0.3922042027574496
2017-06-07,0,0,0.0033145824608924,66.01345825195312,0.4143265638954515
2017-06-08,0,0,-0.0017938033761033,65.89514923095703,0.41041838280971443
2017-06-09,0,0,-0.0060968094125491,65.49462127685547,0.4030318518009054
2017-06-12,0,0,-0.0229155559445691,64.0108413696289,0.45080170344115145
2017-06-13,1,0,-0.0077089316831905,63.51928329467773,0.42248993050195627
2017-06-14,0,0,0.0123907870825279,64.31123352050781,0.42003869216343914
2017-06-15,0,0,-0.0053930712309699,63.96533203125,0.42115538547608494
2017-06-16,1,0,-0.0052791970914425,63.628536224365234,0.4300488514531184
2017-06-19,1,0,0.0014294472960176,63.71955490112305,0.4487192249659124
2017-06-20,0,0,0.0123522004332226,64.51151275634766,0.44782069565855526
2017-06-21,1,0,-0.0136383112950345,63.637657165527344,0.47908991558062974
2017-06-22,0,0,0.0051358606572367,63.96533203125,0.4680728190843267
2017-06-23,1,0,-0.000141946013279,63.95625305175781,0.48849387023429625
2017-06-26,0,0,0.0134304258794664,64.82100677490234,0.4377084807540741
2017-06-27,0,0,-0.0095951935674632,64.20201110839844,0.44263944933736116
2017-06-28,1,0,-0.0188926645267282,63.000450134277344,0.480864400996961
2017-06-29,0,0,0.0084888677111083,63.53752899169922,0.4537536957486725
2017-06-30,1,0,-0.0189467535422191,62.34503173828125,0.4768662744821247
2017-07-03,0,0,0.0064040712954823,62.74557495117188,0.46227045771998976
2017-07-05,1,1,-0.0110870036670867,62.05375671386719,0.5496095989601897
2017-07-06,0,0,0.0132606598591163,62.882110595703125,0.4494818661984961
2017-07-07,1,0,-0.0074101073519988,62.41786956787109,0.46910269039634694
2017-07-10,1,0,0.0128957058244559,63.228004455566406,0.4509989995409326
2017-07-11,1,0,0.0074587017996712,63.70136642456055,0.446620012486197
2017-07-12,1,0,0.0001426336887862,63.71045303344727,0.4717943284464624
2017-07-13,1,0,0.016437528180982,64.76634979248047,0.4608986026650701
2017-07-14,1,0,0.0086765295564275,65.33074188232422,0.4405204668517367
2017-07-17,1,0,0.013974948207447,66.2501449584961,0.4097580578244858
2017-07-18,0,0,0.0078013202707397,66.76900482177734,0.3930570041679546
2017-07-19,1,0,-0.0006820548574997,66.72348022460938,0.4246906880012963
2017-07-20,1,0,0.0076109367655649,67.23324584960938,0.3933161871264427
2017-07-21,0,0,0.0048623165689761,67.56095123291016,0.4197610453581163
2017-07-24,0,0,-0.0058106354234273,67.16951751708984,0.4255270853923203
2017-07-25,1,0,-0.0025780464877097,66.99657440185547,0.43147240565198675
2017-07-26,0,0,0.0079846636578415,67.53366088867188,0.4179291402396411
2017-07-27,0,0,-0.0018892021189608,67.40619659423828,0.4460900033494708
2017-07-28,0,0,-0.0120919672788341,66.59603118896484,0.45573998521602765
2017-07-31,0,0,-0.0016415350367013,66.48680114746094,0.4536929003455267
2017-08-01,0,0,-0.0046656068409478,66.17732238769531,0.43110899994048246
2017-08-02,0,0,-0.0016520452110204,66.06808471679688,0.4479878605048847
2017-08-03,0,0,-0.0044184569996977,65.77680969238281,0.4251006282206695
2017-08-04,1,0,-0.0015237495467747,65.6766586303711,0.4576160645990446
2017-08-07,0,0,0.0073192541093823,66.15912628173828,0.4273752856765763
2017-08-08,1,0,-0.0038602440290735,65.90422821044922,0.4493417193019407
2017-08-09,0,0,0.0053720839689258,66.25922393798828,0.45743542997735
2017-08-10,0,0,-0.0044054515694002,65.96796417236328,0.44147514666169185
2017-08-11,1,0,-0.0147350139443848,65.0030517578125,0.4098673939686357
2017-08-14,1,0,0.0151487348692782,65.9952621459961,0.4235197088765058
2017-08-15,1,0,0.0149228988094725,66.98748779296875,0.4229630056479945
2017-08-16,1,0,0.0002729638544822,67.00577545166016,0.4472634649802233
2017-08-17,0,0,0.0058553572582781,67.3992691040039,0.4140206370763091
2017-08-18,1,0,-0.0171178693146259,66.25535583496094,0.4423292422222589
2017-08-21,0,0,0.0012422870055824,66.33771514892578,0.45996973218158854
2017-08-22,1,0,-0.0047013064441715,66.02657318115234,0.43016143122148814
2017-08-23,0,0,0.0139012767508072,66.95083618164062,0.4346969122388323
2017-08-24,0,0,-0.0060319121288043,66.54821014404297,0.44193143120603084
2017-08-25,1,0,-0.0004129205310501,66.52073669433594,0.44720286271227905
2017-08-28,1,0,0.0017871381265074,66.63972473144531,0.47824749746565354
2017-08-29,1,0,0.0001370317718377,66.64885711669922,0.4563952636652144
2017-08-30,1,0,0.0030163490806841,66.8501968383789,0.4474357761543634
2017-08-31,1,0,0.0130556397718823,67.72869110107422,0.4000419450043414
2017-09-01,0,0,0.010216258148402,68.4241714477539,0.39183509653516846
2017-09-05,0,0,-0.0111621467565616,67.66465759277344,0.4626200521982061
2017-09-06,0,0,-0.0044730921911498,67.36266326904297,0.46117354525107124
2017-09-07,1,0,-0.0028569456667473,67.17048645019531,0.4567625417434422
2017-09-08,0,0,0.012725346895329,68.03071594238281,0.44206202557125696
2017-09-11,1,0,-0.0048543536343477,67.7012710571289,0.4456269772425792
2017-09-12,0,0,0.0104882727883163,68.41507720947266,0.4236272697681831
2017-09-13,1,0,-0.0010712413258043,68.34182739257812,0.4580920650972217
2017-09-14,0,0,0.0070720681799085,68.82685852050781,0.4308049194809981
2017-09-15,1,0,-0.0058679082889427,68.4241714477539,0.4369835349852541
2017-09-18,0,0,0.0071969920295329,68.91839599609375,0.4220453120213654
2017-09-19,1,0,-0.0019937340081146,68.7811279296875,0.474130211871025
2017-09-20,0,0,0.0037185304747617,69.03736877441406,0.4692176077804171
2017-09-21,0,0,-0.0066501869040799,68.57978057861328,0.45284935841093876
2017-09-22,1,0,-0.0097885553136004,67.91175842285156,0.4304820771550627
2017-09-25,0,0,0.0026913655483153,68.09477996826172,0.44999480139861375
2017-09-26,0,0,-0.0155755818409315,67.0423812866211,0.44730883627442963
2017-09-27,1,0,0.0,67.0423812866211,0.44409203969679667
2017-09-28,1,0,0.0080212259389893,67.58230590820312,0.42817842068252454
2017-09-29,1,0,0.0002703359988145,67.60057830810547,0.4658394238553967
2017-10-02,1,0,0.0083586979153326,68.16799926757812,0.425917161713676
2017-10-03,0,0,0.0016094635256994,68.27780151367188,0.45506097071685125
2017-10-04,1,0,-0.0047019021209501,67.95751953125,0.43753189685513705
2017-10-05,1,0,0.0057738125771243,68.35102844238281,0.43469039316608815
2017-10-06,1,0,0.0169917331922338,69.52235412597656,0.39051600446207335
2017-10-09,1,0,0.0003949865723003,69.54981994628906,0.44680347077790444
2017-10-10,0,0,0.0038089795152863,69.81523895263672,0.4409981700760954
2017-10-11,1,0,0.0,69.81523895263672,0.45465244264211985
2017-10-12,1,0,0.0017022222964658,69.9341812133789,0.4712556422725742
2017-10-13,1,0,0.0091183726600066,70.57478332519531,0.4107452405962455
2017-10-16,1,0,0.0047860621897365,70.91336822509766,0.43200604975772255
2017-10-17,0,0,0.0020627985389567,71.05979919433594,0.43729642071996
2017-10-18,1,0,-0.0007731180444783,71.0048828125,0.429791415040895
2017-10-19,1,0,0.0002575217834739,71.0231704711914,0.41987198529776715
2017-10-20,1,0,0.0038585280317662,71.29774475097656,0.4141538506757066
2017-10-23,1,0,0.0114853583457473,72.12134552001953,0.39798651989564005
2017-10-24,1,0,0.0002534300061785,72.1396255493164,0.4098933922303831
2017-10-25,0,0,0.0003807646542452,72.16709899902344,0.4144846721360213
2017-10-26,1,0,-0.0029209283393072,71.95661163330078,0.43625261451744174
2017-10-27,1,0,0.0016522424130155,72.07559967041016,0.41487525105252643
2017-10-30,1,0,0.062146415450124,76.69695281982422,0.42198157172705775
2017-10-31,0,0,0.0009544005781314,76.77018737792969,0.45070772244155327
2017-11-01,0,0,-0.0084992874042571,76.1204605102539,0.43234235790195974
2017-11-02,1,0,0.0,76.1204605102539,0.4615193289696855
2017-11-03,1,0,0.010404765115569,76.91661071777344,0.42569575616871536
2017-11-06,1,0,0.0010701882346714,76.99897003173828,0.43339439220139486
2017-11-07,0,0,0.0039144841509845,77.30097198486328,0.4288694892101802
2017-11-08,1,0,-0.0023705549382892,77.1179428100586,0.4429533452784306
2017-11-09,0,0,0.0034357205174571,77.38335418701172,0.4446752636213457
2017-11-10,0,0,-0.0055740353165609,76.95321655273438,0.42919441918635354
2017-11-13,1,0,-0.0026194223601229,76.75190734863281,0.4691188691168887
2017-11-14,1,0,0.0007149512604958,76.80680084228516,0.4441500486735331
2017-11-15,0,0,0.0014286684513642,76.91661071777344,0.44428557233881205
2017-11-16,1,0,-0.0078028288427416,76.31877899169922,0.429704945089167
2017-11-17,0,0,0.0026479280992764,76.52113342285156,0.43948414039277306
2017-11-20,1,0,-0.0096618934878935,75.78535461425781,0.4485434101068847
2017-11-21,1,0,0.0015764740910644,75.90492248535156,0.4509999403287501
2017-11-22,0,0,0.0143161561681771,76.99940490722656,0.42040568800783706
2017-11-24,1,0,-0.0073129013735414,76.43836975097656,0.44784670099333457
2017-11-27,1,0,0.0018031568798195,76.57632446289062,0.44681856741075854
2017-11-28,1,0,0.0072996760081361,77.1373519897461,0.4135410013882771
2017-11-29,0,0,0.0119704426718094,78.06626892089844,0.40104525191785845
2017-11-30,1,0,-0.0183100348764605,76.6498794555664,0.48499542408991636
2017-12-01,1,0,0.0099099708019072,77.41325378417969,0.44379742364916297
2017-12-04,0,0,0.001068937712548,77.49604797363281,0.49613488698603947
2017-12-05,1,1,-0.0384710662240792,74.5713119506836,0.5372462329809784
2017-12-06,1,0,0.0062702204793229,75.04035949707031,0.47779866549918465
2017-12-07,0,0,0.0144799085391692,76.13484191894531,0.44867976980842555
2017-12-08,1,0,-0.003509356178342,75.86812591552734,0.4858188794233474
2017-12-11,1,0,0.0200427880450434,77.4040756225586,0.43672073335503075
2017-12-12,1,0,0.0126336633696134,78.38817596435547,0.43968742181193193
2017-12-13,0,0,0.0040981675557469,78.7100830078125,0.47789816702017707
2017-12-14,0,1,-0.002691302572616,78.49853515625,0.5086162406818566
2017-12-15,1,0,-0.0077628071030105,77.89152526855469,0.47791474913614945
2017-12-18,0,0,0.0251849166869296,79.87812805175781,0.4109403128626947
2017-12-19,0,0,-0.0054263635565539,79.44585418701172,0.44967508376405785
2017-12-20,0,0,-0.0063876090496174,78.94000244140625,0.4655850053668015
2017-12-21,0,0,-0.0036184683799667,78.65487670898438,0.4625952738053922
2017-12-22,1,0,-0.0002335023268925,78.63651275634766,0.49701274828608444
2017-12-26,0,1,0.0001171945223767,78.6457290649414,0.509583958614568
2017-12-27,1,0,-0.0012875645330424,78.5445327758789,0.49813143675873184
2017-12-28,1,0,0.0036233490495066,78.82964324951172,0.49302753810496314
2017-12-29,0,1,0.0001168106437405,78.83885192871094,0.5007231338712649
2018-03-15,1,0,-0.0059494783583431,86.72167205810547,0.45102500673472856
2018-03-16,1,0,0.0035101306001213,87.026611328125,0.4766513530958625
2018-03-19,0,0,0.0044496373402181,87.41471099853516,0.47608540238879976
2018-03-20,1,1,-0.0182415482723399,85.83458709716797,0.548868956292812
2018-03-21,0,1,0.0025807274603765,86.05638885498047,0.5157891695066137
2018-03-22,0,1,-0.0070043411862152,85.45572662353516,0.5368957609472985
2018-03-23,0,1,-0.0295187614499268,82.97004699707031,0.5335465147951646
2018-03-26,1,1,-0.0294986590393555,80.55828857421875,0.5402285218340812
2018-03-27,0,0,0.072976678787971,86.65699005126953,0.4936314792111133
2018-03-28,0,1,-0.047048046493741,82.67436981201172,0.5255317726379156
2018-03-29,1,1,-0.0008947094889262,82.60043334960938,0.5305927621479197
2018-04-02,0,0,0.0208133254961082,84.33763885498047,0.49197390084680187
2018-04-03,1,1,-0.0305937827878758,81.79650115966797,0.5372120812339818
2018-04-04,1,0,0.0133539500074097,82.89613342285156,0.4950632534511181
2018-04-05,1,0,0.0287867581717449,85.31712341308594,0.46565712118343666
2018-04-06,0,0,0.0005412261290612,85.36331176757812,0.47782280000518296
2018-04-09,1,0,-0.0235483173549657,83.37663269042969,0.4937366637568612
2018-04-10,1,0,0.0059669675678135,83.87562561035156,0.49094041274139355
2018-04-11,0,0,0.0229791610428957,85.82533264160156,0.4504421139714176
2018-04-12,1,0,-0.0110423167332947,84.8828353881836,0.4507570443717114
2018-04-13,0,0,0.0185507943901501,86.47217559814453,0.4567392601437612
2018-04-16,1,0,-0.0053572366318334,86.01016235351562,0.45056456905783726
2018-04-17,1,0,0.011642234541534,87.01736450195312,0.4504819108796745
2018-04-18,1,0,0.0199756620436423,88.7730712890625,0.4501886379602094
2018-04-19,0,0,0.0038440369065579,89.11497497558594,0.443523299642416
2018-04-20,0,0,-0.0034279890713819,88.81001281738281,0.45188474425932323
2018-04-23,1,0,-0.0116165375865249,87.78431701660156,0.4475201492633996
2018-04-24,0,0,0.0036775469991934,88.10774230957031,0.44470632350466655
2018-04-25,0,0,-0.0236652781446392,86.04712677001953,0.44659268693777093
2018-04-26,1,0,-0.0087366518163386,85.29863739013672,0.4560961646730225
2018-04-27,1,0,0.0209046930068048,87.10054779052734,0.4488831254147871
2018-04-30,0,0,0.0164143575904163,88.54204559326172,0.4541326066160615
2018-05-01,1,0,-0.0242962070551169,86.41673278808594,0.45697568815372125
2018-05-02,0,0,0.01570153941968,87.78431701660156,0.45506487277568464
2018-05-03,1,0,-0.0158082829865503,86.40750885009766,0.4875581069702487
2018-05-04,1,0,0.005970781901431,86.92497253417969,0.4751388235580948
2018-05-07,1,0,0.0115204131383089,87.93217468261719,0.45630810871777616
2018-05-08,0,0,0.0110775947328054,88.91166687011719,0.45829098261185464
2018-05-09,1,0,-0.0042701065480989,88.5328140258789,0.4655414095261674
2018-05-10,1,0,0.0117251106787758,89.57698059082031,0.4518860811650003
2018-05-11,0,0,0.0099564581136513,90.47330474853516,0.45153468119119566
2018-05-14,1,0,-0.0021472599504009,90.27924346923828,0.45625883221251345
2018-05-15,0,0,0.0033721264924778,90.58419036865234,0.44945727397871194
2018-05-16,1,0,-0.0072691450658873,89.92810821533203,0.451379250373053
2018-05-17,0,0,0.002576710764228,90.16012573242188,0.45419937630973684
2018-05-18,1,0,-0.0100345504092592,89.25993347167969,0.46210688905727715
2018-05-21,1,0,0.0018696167199292,89.42697143554688,0.4684892058714175
2018-05-22,0,0,0.0127861116524298,90.5777359008789,0.4539573265702538
2018-05-23,1,0,-0.0010247659673353,90.4849624633789,0.45960490642121465
2018-05-24,0,0,0.0118272907007901,91.56150817871094,0.45233115640113364
2018-05-25,1,0,-0.0035541351289463,91.23666381835938,0.45539834945798174
2018-05-29,0,0,0.0005082927059414,91.28305053710938,0.45599262520943795
2018-05-30,1,0,-0.0035644091699005,90.95825958251952,0.44722207412119747
2018-05-31,0,0,0.0095449096175,91.83060455322266,0.4550392218862667
2018-06-01,1,0,-0.0011122444366673,91.72852325439452,0.4626761157757461
2018-06-04,1,0,0.0195370218776398,93.53824615478516,0.4439932046101933
2018-06-05,1,0,0.0086930082755839,94.35491943359376,0.44375511859636774
2018-06-06,1,0,0.0051015060376294,94.8375015258789,0.44165123636192477
2018-06-07,0,0,0.0029313720389892,95.11591339111328,0.44655190319610494
2018-06-08,1,0,-0.0158335618121797,93.62174987792967,0.45257523638197555
2018-06-11,0,0,0.0074069872096758,94.31777954101562,0.4468268938182103
2018-06-12,1,0,-0.0057234015807361,93.77950286865234,0.4580374708853697
2018-06-13,0,0,0.0025701033583588,94.02083587646484,0.465170394287666
2018-06-14,1,0,-0.0045510963819101,93.59391021728516,0.45386892235754894
2018-06-15,0,0,0.0056362380056879,94.12291717529295,0.4733916148130862
2018-06-18,1,0,-0.0128011730442499,92.92571258544922,0.49585922895434237
2018-06-19,0,0,0.0072642165114002,93.60320281982422,0.4891627236960987
2018-06-20,1,1,0.0,93.60320281982422,0.5436046961585596
2018-06-21,0,0,0.0099639215872583,94.54051971435548,0.49886471999451654
2018-06-22,0,1,-0.007191854936355,93.863037109375,0.5068849102919954
2018-06-25,0,1,-0.0072436251264039,93.18558502197266,0.52548284343613
2018-06-26,1,1,-0.0203226486048664,91.31092071533205,0.533822185610924
2018-06-27,0,1,0.0069883803275707,91.9512710571289,0.5196496348959926
2018-06-28,1,1,-0.0156652341831444,90.52205657958984,0.5415164642473482
2018-06-29,0,0,0.0111129096699272,91.53363037109376,0.4984102504111335
2018-07-02,1,1,-0.0002024794106657,91.51509857177734,0.5376026905332298
2018-07-03,0,0,0.014097415758195,92.81436157226562,0.4902179509175776
2018-07-05,1,1,-0.0096452570529045,91.92344665527344,0.543036107559996
2018-07-06,1,1,0.0071422430280827,92.58233642578124,0.5004867897168963
2018-07-09,1,0,0.0139360356447112,93.88159942626952,0.48902673858728
2018-07-10,1,0,0.0067977531620702,94.52195739746094,0.45509103611514345
2018-07-11,0,0,0.0026476757230338,94.77255249023438,0.45594469469192944
2018-07-12,1,0,-0.0013719728941722,94.64261627197266,0.4549829708030547
2018-07-13,1,0,0.0214395466075183,96.69361877441406,0.44160561780797214
2018-07-16,0,0,0.0118308021213198,97.84437561035156,0.4432505275785548
2018-07-17,1,0,-0.0049443424617225,97.3617935180664,0.44666368696567604
2018-07-18,0,0,0.0098644362213722,98.32696533203124,0.44337019564271535
2018-07-19,0,0,-0.0078646981941865,97.5566864013672,0.4453970153537725
2018-07-20,1,0,-0.0068731273855639,96.88846588134766,0.4389821576996109
2018-07-23,1,0,0.0177533910234839,98.6239242553711,0.44192205171524623
2018-07-24,0,0,0.0158708091155632,100.20165252685548,0.44332753815885645
2018-07-25,1,0,-0.0028756137581994,99.91392517089844,0.446396458211213
2018-07-26,0,0,0.0290197252294096,102.85588073730467,0.4309825338152541
2018-07-27,0,0,-0.0109778662119555,101.73291778564452,0.4478067056989687
2018-07-30,0,0,-0.0178560168460932,99.9324951171875,0.4448288388742684
2018-07-31,1,0,-0.0216858406982652,97.78870391845705,0.45524178120261516
2018-08-01,1,0,0.0067156817970249,98.4476318359375,0.4483574535672803
2018-08-02,1,0,0.0018835715870541,98.63323974609376,0.4877169698326852
2018-08-03,1,0,0.0120645626724978,99.83041381835938,0.47827713166761265
2018-08-06,1,0,0.0043598456180457,100.26660919189452,0.4794218017106999
2018-08-07,1,0,0.0008324702655884,100.35011291503906,0.4936470329974445
2018-08-08,1,0,0.0069120692690747,101.046142578125,0.4674400238248049
2018-08-09,1,0,0.0055870668837275,101.61227416992188,0.4410888096202591
2018-08-10,0,0,0.0016425261679404,101.77931213378906,0.4500204533617132
2018-08-13,0,0,-0.0061279162734782,101.15752410888672,0.4429917396799473
2018-08-14,1,0,-0.0072739655141674,100.42437744140624,0.48286960769314047
2018-08-15,0,0,0.0123985614770073,101.67724609375,0.46655353686282247
2018-08-16,0,1,-0.0136535628031126,100.29842376708984,0.5117661417065376
2018-08-17,0,1,-0.0001856966495763,100.27980041503906,0.5215815543109069
2018-08-20,0,1,-0.0005574491848694,100.22391510009766,0.5405341557353938
2018-08-21,0,1,-0.0066217059314352,99.5624542236328,0.5316149397730627
2018-08-22,1,1,-0.008362628062733,98.73332214355467,0.5420117289024461
2018-08-23,1,0,0.0101390773418923,99.7394790649414,0.4971323131459398
2018-08-24,1,0,0.0046591173882799,100.20526123046876,0.49776570191777025
2018-08-27,1,0,0.0077794065649799,100.9878387451172,0.4969312259494072
2018-08-28,1,0,0.0110091741169279,102.10577392578124,0.48384665095182766
2018-08-29,1,0,0.0060039640989028,102.7206573486328,0.46214536480825585
2018-08-30,0,0,0.0158359317107183,104.36028289794922,0.4438285109511224
2018-08-31,1,0,-0.0006251080229739,104.2950668334961,0.4466132244647997
2018-09-04,0,0,0.00338894355224,104.64911651611328,0.44212688274619283
2018-09-05,0,0,-0.0055348178568736,104.07150268554688,0.4435265466980267
2018-09-06,1,0,-0.0292482388237026,101.0716781616211,0.47498605547223194
2018-09-07,0,0,0.0023016793669376,101.30458068847656,0.48797282369168593
2018-09-10,1,1,-0.0048856958734919,100.81084442138672,0.5318448658079972
2018-09-11,1,0,0.0107544073671549,101.9008560180664,0.464450688294059
2018-09-12,1,0,0.0168616127620191,103.63363647460938,0.47152894160212455
2018-09-13,1,0,0.004216235201083,104.07150268554688,0.44867668216249224
2018-09-14,1,0,0.0106849961456368,105.18946838378906,0.44910243475845435
2018-09-17,0,0,0.0040655183552445,105.61798858642578,0.4461651430249376
2018-09-18,1,0,-0.0109085137193486,104.47211456298828,0.4500616606367717
2018-09-19,0,0,0.0094962471086411,105.46893310546876,0.45059526699907954
2018-09-20,1,0,-0.0134277623818858,104.06218719482422,0.45896050130945043
2018-09-21,1,0,0.0166027604060072,105.80432891845705,0.44462577548263316
2018-09-24,1,0,0.0060571226581108,106.4471435546875,0.4396498798380956
2018-09-25,0,0,0.0035816758162549,106.82908630371094,0.4374158041307524
2018-09-26,0,0,-0.0019203128840891,106.62413787841795,0.4465053705226952
2018-09-27,1,0,-0.0041148728993143,106.18629455566406,0.4511014175756094
2018-09-28,0,0,0.0037652700027733,106.5868682861328,0.4452067189462309
2018-10-01,1,0,-0.0003493671407344,106.54963684082033,0.4562192898262302
2018-10-02,0,0,0.0107835167532476,107.704833984375,0.453252249669407
2018-10-03,1,0,-0.0039868026431631,107.27629089355467,0.462917220078969
2018-10-04,0,0,0.0001733733646677,107.29489135742188,0.4540457469819579
2018-10-05,0,0,-0.0208812003729525,105.07767486572266,0.49970367615125577
2018-10-08,0,1,-0.005869184181904,104.46276092529295,0.5323211667934858
2018-10-09,1,1,-0.011480665059826,103.27031707763672,0.5452338867042696
2018-10-10,0,0,0.0126396363548371,104.58390045166016,0.4943559337423971
2018-10-11,0,1,-0.0558701875916599,98.90100860595705,0.5308301712615361
2018-10-12,1,1,-0.002357527980176,98.66812133789062,0.536410587634936
2018-10-15,0,0,0.0339738519741415,102.07785034179688,0.4998660196732516
2018-10-16,1,1,-0.0181432029085269,100.2425308227539,0.5333345703728425
2018-10-17,0,0,0.0311096631546908,103.4100570678711,0.49569139336943013
2018-10-18,0,1,-0.0026159739499099,103.139892578125,0.520252927032712
2018-10-19,1,1,-0.0201639078457519,101.08101654052734,0.5187866856953834
2018-10-22,1,1,0.0014734524460196,101.23006439208984,0.509599047482754
2018-10-23,0,0,0.0088872219809861,102.13372802734376,0.4714113162465327
2018-10-24,0,1,-0.0140542108084087,100.70835876464844,0.5140671575495053
2018-10-25,1,1,-0.0549516959221252,95.32357025146484,0.5193656914308494
2018-10-26,0,0,0.0567999047272778,100.89466094970705,0.4718773054253921
2018-10-29,0,1,-0.0124498532358559,99.64632415771484,0.5206249964344899
2018-10-30,0,1,-0.0295073934051731,96.7489776611328,0.5248204147325153
2018-10-31,1,1,-0.0011564057210876,96.6371612548828,0.5264161682612836
2018-11-01,0,0,0.0292602251729543,99.50656127929688,0.47447091083367005
2018-11-02,1,1,-0.0083673450669296,98.67742919921876,0.531048855123637
2018-11-05,1,0,0.0022631973878753,98.90100860595705,0.4998098082633352
2018-11-06,1,0,0.0126365577622349,100.15870666503906,0.4526341802117899
2018-11-07,1,0,0.0019514764171753,100.35435485839844,0.45805387020991817
2018-11-08,0,0,0.0386062723864625,104.3044204711914,0.45235365065845334
2018-11-09,0,0,-0.0018773569477563,104.1087875366211,0.44831112673519047
2018-11-12,0,0,-0.0197006256241508,102.07785034179688,0.44559615025088695
2018-11-13,1,0,-0.0249506329158699,99.5624542236328,0.446470001078033
2018-11-14,0,0,0.0006547356707118,99.6276626586914,0.45598520729410597
2018-11-15,1,0,-0.0142824235975681,98.21485137939452,0.4521691170069682
2018-11-16,1,0,0.0217676656267735,100.3761978149414,0.4486845602413888
2018-11-19,0,0,0.0093704632553654,101.3211898803711,0.44605965097065253
2018-11-20,0,0,-0.0344777531756016,97.88739776611328,0.45075185750917934
2018-11-21,1,1,-0.028209587431141,95.16461944580078,0.530255416045989
2018-11-23,0,0,0.013670918458282,96.47454071044922,0.4797670644630778
2018-11-26,1,1,-0.000387972202328,96.43711853027344,0.5289444403435126
2018-11-27,1,1,0.0324548752955202,99.61831665039062,0.5091658863417217
2018-11-28,1,0,0.006273069920036,100.24519348144533,0.44848278200163477
2018-11-29,0,0,0.0364744089080884,103.96907806396484,0.4446338937153014
2018-11-30,1,0,-0.0084044384458679,103.09893798828124,0.4527430950779364
2018-12-03,1,0,0.006332277625724,103.7538604736328,0.4423258067399834
2018-12-04,0,0,0.0107634375755483,104.87664031982422,0.4381722827311976
2018-12-06,1,0,-0.0323677526170042,101.53636932373048,0.4407099123016179
2018-12-07,0,0,0.0061552323752278,102.16327667236328,0.44323695519999806
2018-12-10,1,0,-0.04084472502997,98.07451629638672,0.4531491965132317
2018-12-11,1,0,0.0260828233724721,100.66622924804688,0.4467398109891271
2018-12-12,1,0,0.0092516092229058,101.60187530517578,0.4481207363806957
2018-12-13,1,0,0.0045023724448998,102.06035614013672,0.44091140791372646
2018-12-14,0,0,0.0033862117958665,102.4065399169922,0.44467304611578756
2018-12-17,0,0,-0.0317459153438264,99.20661163330078,0.44741760095259
2018-12-18,1,1,-0.0300614252651817,96.2686996459961,0.5250404978749982
2018-12-19,0,0,0.010441934449356,97.2791976928711,0.4739382346518282
2018-12-20,0,1,-0.0026969228871146,97.01719665527344,0.5267639099670589
2018-12-21,0,1,-0.0212479758276849,94.97752380371094,0.5262964502895139
2018-12-24,0,1,-0.032845917732765,91.90857696533205,0.542717110603036
2018-12-26,1,1,-0.0426348574184484,88.07242584228516,0.5485782133449829
2018-12-27,1,1,0.0660779639177634,94.08865356445312,0.5128150385760663
2018-12-28,0,0,0.0061463826315888,94.66873931884766,0.49211481589094797
2018-12-31,1,1,-0.0078384023307304,93.9295883178711,0.5428656885222336
2019-03-15,1,1,0.0007856128423146,107.67364501953124,0.5186784538416822
2019-03-18,1,0,0.0114535364096904,108.91397857666016,0.4770505705587713
2019-03-19,1,0,0.0142200114518722,110.47380065917967,0.4137746845161814
2019-03-20,0,0,0.0006800163217424,110.5489501953125,0.4034195890209773
2019-03-21,1,0,-0.0011057278243264,110.4267807006836,0.48785805495927365
2019-03-22,0,0,0.0227151223245889,112.9638442993164,0.407467286771552
2019-03-25,1,1,-0.0267220729652777,109.98519134521484,0.5087844109657659
2019-03-26,1,0,0.0051980447954891,110.55838775634766,0.483260794702008
2019-03-27,0,1,0.0021221527156936,110.7932586669922,0.5505399996793916
2019-03-28,1,1,-0.0097154090688817,109.7220687866211,0.6048575098416344
2019-03-29,1,1,0.0013692955348029,109.8724136352539,0.5619818495609156
2019-04-01,1,1,0.0086005934070993,110.82145690917967,0.5463551940323426
2019-04-02,1,1,0.0091156817262565,111.83628845214844,0.5034677951957579
2019-04-03,1,1,0.0014271524069535,111.99600982666016,0.554837149797952
2019-04-04,0,1,0.0065228220119136,112.72892761230467,0.5060716333308708
2019-04-05,1,1,-0.0050974993916629,112.15575408935548,0.5716047758372665
2019-04-08,1,1,0.0044307054888282,112.6537857055664,0.5397703548243038
2019-04-09,0,1,0.0003333509756501,112.69134521484376,0.528664249588358
2019-04-10,1,1,-0.0054345995219438,112.08057403564452,0.5487206474019318
2019-04-11,1,1,0.0076001964438485,112.93565368652344,0.5357583346186657
2019-04-12,1,1,0.0011640420324914,113.06719207763672,0.5232171575937921
2019-04-15,1,1,0.0051392205215336,113.64976501464844,0.5343513073346666
2019-04-16,0,0,0.0008267090834837,113.74375915527344,0.4910813783785638
2019-04-17,1,1,-0.0023158376005783,113.48065185546876,0.5299760911661759
2019-04-18,1,1,0.0082459191170354,114.42027282714844,0.5277461083034192
2019-04-22,1,0,0.0130540608380529,115.92371368408205,0.4956491461877308
2019-04-23,1,0,0.0031561884110351,116.29016876220705,0.47223464367216417
2019-04-24,0,0,0.0134835313410027,117.86878967285156,0.44707200967604355
2019-04-25,1,0,-0.0034338764835222,117.46473693847656,0.4795644889630385
2019-04-26,1,0,0.0325808531055859,121.35486602783205,0.41845786096913307
2019-04-29,0,0,0.0057132290957685,122.05017852783205,0.4070850181245084
2019-04-30,1,0,-0.0009242043107949,121.93743133544922,0.4685876811044972
2019-05-01,0,0,0.0063757815484882,122.71736145019533,0.4010689265850401
2019-05-02,0,0,-0.0210471736526419,120.1614990234375,0.4838268070158668
2019-05-03,1,1,-0.0131450993253452,118.59230041503906,0.5214950576294675
2019-05-06,0,1,0.0210896186207088,121.11992645263672,0.5615841865914601
2019-05-07,0,1,-0.0058354176892498,120.41519927978516,0.5559740123968933
2019-05-08,0,1,-0.0207362152745572,117.94395446777344,0.565843291783031
2019-05-09,0,1,-7.963238692832351e-05,117.93456268310548,0.6164302174590056
2019-05-10,1,1,-7.970342566591382e-05,117.92516326904295,0.5431329330560875
2019-05-13,0,1,0.0129042865383788,119.4567642211914,0.5340249439721371
2019-05-14,1,1,-0.0301842131230999,115.9049301147461,0.6189885764266043
2019-05-15,1,1,0.0111254296161547,117.20162200927734,0.5373058196348055
2019-05-16,1,1,0.0139840531085152,118.85208892822266,0.502386070796894
2019-05-17,0,0,0.0228288274934038,121.59654998779295,0.48179605512851775
2019-05-20,0,1,-0.0066923556723148,120.7854995727539,0.6000138114458744
2019-05-21,1,1,-0.0145505101520977,119.04073333740234,0.6203657291867841
2019-05-22,1,1,0.005372869675755,119.68204498291016,0.526246852517372
2019-05-23,0,1,0.0060495051903882,120.40825653076172,0.5344864033094008
2019-05-24,1,1,-0.0117394814415122,119.00299072265624,0.5538307992592408
2019-05-28,0,1,0.000475333800183,119.0595703125,0.5732714008566211
2019-05-29,0,1,-0.0006338286228889,118.984130859375,0.5523714052975315
2019-05-30,1,1,-0.009717487404849,117.83350372314452,0.5226428248667802
2019-05-31,0,1,0.006303115104085,118.5785675048828,0.5544638026127101
2019-06-03,0,1,-0.0164390171192323,116.64518737792967,0.6277368115795378
2019-06-04,1,1,-0.031540046906484,113.02360534667967,0.5573173572175644
2019-06-05,1,0,0.0273269626717141,116.15478515625,0.4427493373853546
2019-06-06,1,1,0.021447354318018,118.67290496826172,0.5047893744707371
2019-06-07,1,1,0.015691277516333,120.54972076416016,0.5301264235463518
2019-06-10,1,0,0.0276228992650303,123.9260711669922,0.43444716286890184
2019-06-11,0,0,0.0090913332856911,125.057861328125,0.44716573114777625
2019-06-12,0,0,-0.0037780262916053,124.5862808227539,0.4711550707662665
2019-06-13,1,0,-0.0046284564780332,124.01097106933594,0.44953690783624844
2019-06-14,1,0,0.0062924954498913,124.79376983642578,0.4469941098927122
2019-06-17,1,0,0.0009815460310944,124.91632080078124,0.4257966021011554
2019-06-18,1,0,0.0030161457709889,125.2936553955078,0.40418972741475356
2019-06-19,1,0,0.0172380045740013,127.4721908569336,0.4347430040647341
2019-06-20,1,0,0.003914155326298,127.97211456298828,0.4073061788895735
2019-06-21,1,0,0.0092428969110895,129.16043090820312,0.4069900223413371
2019-06-24,1,0,0.0001456538712572,129.1792449951172,0.44057862629364497
2019-06-25,0,0,0.0058963132866164,129.94317626953125,0.44076886293936485
2019-06-26,1,0,-0.0320810481670851,125.8406219482422,0.455822872930658
2019-06-27,1,1,0.003740257209878,126.31217956542967,0.5175571509655088
2019-06-28,0,1,0.0016412602971969,126.51966094970705,0.5311753026893737
2019-07-01,1,1,-0.0014171369343153,126.34049224853516,0.5669937864844289
2019-07-02,1,1,0.0127578153060296,127.962646484375,0.5434047623185874
2019-07-03,1,1,0.0066112880694438,128.8114471435547,0.5246858219177205
2019-07-05,0,1,0.0064226346617488,129.64141845703125,0.5114557886736026
2019-07-08,0,1,-0.0029144920856294,129.26412963867188,0.5330236353049602
2019-07-09,0,1,-0.0007295387331566,129.16986083984375,0.5438523251202199
2019-07-10,1,1,-0.0036574769226475,128.6982879638672,0.5529474288135139
2019-07-11,1,1,0.01013441327763,130.0092010498047,0.5369035935866721
2019-07-12,1,1,0.0039823031417302,130.52796936035156,0.5170723454038545
2019-07-15,0,1,0.0036060674575116,130.99951171875,0.5018609144033112
2019-07-16,0,1,0.0,130.99951171875,0.5138954393742752
2019-07-17,0,1,-0.0131896410568891,129.28302001953125,0.5475689841634164
2019-07-18,1,1,-0.005926629678946,128.51907348632812,0.5446097291153966
2019-07-19,1,1,0.0011002388362119,128.66055297851562,0.5475369984995903
2019-07-22,1,1,0.0014650256546597,128.84918212890625,0.5512282331349996
2019-07-23,1,1,0.0131611813895829,130.5561981201172,0.5061252196243198
2019-07-24,1,1,0.0061932861758623,131.36727905273438,0.5434153351929486
2019-07-25,0,1,0.010214015474313,132.7159423828125,0.5226829659733494
2019-07-26,1,1,-0.0037734055133222,132.21609497070312,0.5103180671342288
2019-07-29,0,1,0.0081698485253208,133.3007049560547,0.5513485805832763
2019-07-30,0,1,-0.0021954038971792,133.0083770751953,0.5339487304797707
2019-07-31,0,1,-0.0048338261195303,132.3669891357422,0.5789110890077775
2019-08-01,1,1,-0.029500960525919,128.51907348632812,0.6245918666232066
2019-08-02,0,1,0.0130501644805056,130.20726013183594,0.5553593763645431
2019-08-05,0,1,-0.0084373213620629,129.11328125,0.6203277026541664
2019-08-06,1,1,-0.0348593080900449,124.69002532958984,0.5651171727660873
2019-08-07,1,1,0.018584060931733,127.02893829345705,0.5245493315064236
2019-08-08,1,1,0.0043710502018128,127.5854034423828,0.5122608543905001
2019-08-09,0,0,0.0263355210154448,130.9900665283203,0.49232092756641577
2019-08-12,0,1,-0.008532242197107,129.87718200683594,0.6151092411395767
2019-08-13,1,1,-0.0140403218827078,128.06640625,0.5949537129046429
2019-08-14,0,1,0.0204824479066185,130.71656799316406,0.531144829935343
2019-08-15,0,1,-0.0305768813336148,126.7801513671875,0.6364020919096629
2019-08-16,1,1,-0.0022420412217437,126.49622344970705,0.6435618766806768
2019-08-19,1,1,0.018161515152851,128.8145751953125,0.5341522384224224
2019-08-20,0,1,0.0166097086113548,130.97201538085938,0.5428819645144635
2019-08-21,1,1,-0.0083430870392908,129.88385009765625,0.6204564127589692
2019-08-22,0,1,0.0110848627658521,131.33160400390625,0.5274631837947228
2019-08-23,0,1,-0.0073034004655358,130.3759307861328,0.5995498591085178
2019-08-26,1,1,-0.0323812409107219,126.22181701660156,0.5688802650528428
2019-08-27,1,1,0.0153253724697784,128.17111206054688,0.5711901622707325
2019-08-28,0,1,0.0021388278759339,128.44554138183594,0.6111501892922251
2019-08-29,1,1,-0.0013268784787352,128.2752227783203,0.6458301207696391
2019-08-30,0,1,0.0187084845815477,130.69764709472656,0.5991057686765042
2019-09-03,0,1,-0.0018843481266218,130.45159912109375,0.57150941256128
2019-09-04,1,1,-0.0132898568661809,128.72938537597656,0.6030079849447096
2019-09-05,1,1,0.0116201352507557,130.2339630126953,0.6107320418666216
2019-09-06,0,1,0.017430652668685,132.52392578125,0.503712514219625
2019-09-09,0,1,-0.0068064624574224,131.62496948242188,0.5367187467228405
2019-09-10,0,1,-0.0114239228714963,130.12985229492188,0.5368935685369923
2019-09-11,1,1,-0.0105263633538985,128.76724243164062,0.5742282177318573
2019-09-12,1,1,0.0002941897312747,128.8051300048828,0.5499364324777146
2019-09-13,0,1,0.0102321736226239,130.12985229492188,0.5670102248026794
2019-09-16,0,1,-0.0014548246045685,129.940673828125,0.5928204873621559
2019-09-17,1,1,-0.0072358976228378,129.0038299560547,0.5563388612998363
2019-09-18,1,1,0.007745057074058,130.00685119628906,0.5725376550527453
2019-09-19,1,1,0.0081914683338926,131.076171875,0.5486643796608444
2019-09-20,0,1,0.0182414754097067,133.4891357421875,0.5031403354389139
2019-09-23,0,1,-0.0116222644880275,131.94667053222656,0.5799002480755879
2019-09-24,0,1,-0.0021536354511532,131.66281127929688,0.5560904621562867
2019-09-25,1,1,-0.0127299326811331,129.99737548828125,0.6383317506610676
2019-09-26,1,1,0.0143099269788864,131.87100219726562,0.5077653660176948
2019-09-27,0,1,0.0012904901698183,132.04129028320312,0.5490583929967237
2019-09-30,1,1,-0.0130557405000751,130.32859802246094,0.6341073651513882
2019-10-01,0,1,0.0093943217532442,131.5587158203125,0.5533842126074446
2019-10-02,0,1,-0.0141980163940167,129.70404052734375,0.5392400041799515
2019-10-03,1,1,-0.0178130062131759,127.41407775878906,0.6058841680077529
2019-10-04,1,1,0.0120328789248997,128.9564971923828,0.5365566068493275
2019-10-07,0,1,0.0134115017127629,130.69764709472656,0.6485845873364828
2019-10-08,0,1,-0.007266629611543,129.75135803222656,0.6420177956006738
2019-10-09,1,1,-0.0106306831568714,128.3793182373047,0.6373383582283814
2019-10-10,1,1,0.0187656632133886,130.81118774414062,0.5894317072005889
2019-10-11,1,1,0.0062017700242413,131.62496948242188,0.5810600504598599
2019-10-14,0,1,0.0041608510592756,132.1737823486328,0.558549117304544
2019-10-15,1,1,-0.000931034615727,132.05078125,0.5904629661107779
2019-10-16,0,0,0.0143712591684787,133.96221923828125,0.4911138789937245
2019-10-17,0,1,-0.0082274133871758,132.8645782470703,0.5726115024672935
2019-10-18,0,1,-0.0051410070158652,132.1832733154297,0.5662439293895345
2019-10-21,1,1,-0.0164564814168311,130.0258026123047,0.5791412906356606
2019-10-22,0,1,0.0073956856553762,130.99099731445312,0.5788064389787191
2019-10-23,1,1,-0.0149933272552728,129.04165649414062,0.5388472347678586
2019-10-24,1,1,0.0063599858528095,129.86497497558594,0.5367061257782437
2019-10-25,1,1,0.0194824971799367,132.4198760986328,0.5304184189987364
2019-10-28,1,1,0.00562880259588,133.16734313964844,0.5409419986751011
2019-10-29,0,0,0.0242890433049733,136.4414520263672,0.4380550568997036
2019-10-30,1,1,-0.0094768406487179,135.15452575683594,0.5141737367321378
2019-10-31,0,0,0.0123852111145984,136.83885192871094,0.45975656065406906
2019-11-01,1,0,-0.0086116963590079,135.66549682617188,0.4921996497497162
2019-11-04,1,0,0.002438152661238,135.99667358398438,0.4560430097285283
2019-11-05,0,0,0.0057587550201823,136.7821044921875,0.4515456127481009
2019-11-06,0,1,-0.0006225616004478,136.6969757080078,0.5020959062762502
2019-11-07,1,0,-0.0027733681381398,136.31838989257812,0.477245248293755
2019-11-08,1,0,0.0013875896252594,136.50767517089844,0.47986420536598745
2019-11-11,1,0,0.0117153709682631,138.11631774902344,0.43861666676649413
2019-11-12,1,0,0.0010273576822458,138.25828552246094,0.4504676895325894
2019-11-13,1,0,0.0065485028297962,139.16664123535156,0.46471757997188384
2019-11-14,1,0,0.0016308302551311,139.39378356933594,0.4553139724592301
2019-11-15,1,0,0.0050783168407578,140.1034698486328,0.4297777492518672
2019-11-18,1,0,0.0128176659747689,141.91082763671875,0.43763046842432246
2019-11-19,1,0,0.0024640948284283,142.2609405517578,0.42133056449574374
2019-11-20,0,0,0.0003325553542005,142.30825805664062,0.46092465100702185
2019-11-21,0,0,-0.0017364902297109,142.0613555908203,0.4437587624300636
2019-11-22,1,0,-0.0009360852047116,141.92843627929688,0.4632322352654772
2019-11-25,1,0,0.0007356383342771,142.0328826904297,0.49159670003076117
2019-11-26,1,0,0.0109038168318466,143.59005737304688,0.4711582221404505
2019-11-27,1,0,0.0052758898483729,144.34962463378906,0.45887449419033666
2019-11-29,0,0,0.0019059853035673,144.62501525878906,0.47172667529410794
2019-12-02,0,1,-0.006190476783859,143.73248291015625,0.529768927959142
2019-12-03,0,1,-0.0121624327496416,141.99493408203125,0.5769514388903109
2019-12-04,1,1,-0.0016062057723803,141.7670440673828,0.5368934013632125
2019-12-05,1,1,0.0036103686035439,142.27980041503906,0.5090293994730826
2019-12-06,1,1,0.0005336156823285,142.35574340820312,0.501786511002879
2019-12-09,0,0,0.0120658176656005,144.0837860107422,0.4576820812352175
2019-12-10,0,1,-0.0025730241274144,143.71353149414062,0.5902206240533063
2019-12-11,1,1,-0.001520945485086,143.4951171875,0.6246290287542172
2019-12-12,1,1,0.0037647714136774,144.03636169433594,0.5761817850185833
2019-12-13,1,1,0.0101001345672728,145.49851989746094,0.556662467254538
2019-12-16,1,1,0.0083828783990476,146.7233428955078,0.523587145831919
2019-12-17,0,1,0.0064504689091899,147.67283630371094,0.5192655176477319
2019-12-18,0,1,-0.0054158181003785,146.87522888183594,0.5205872428639623
2019-12-19,1,1,-0.0020704773335419,146.57144165039062,0.5422372299621114
2019-12-20,1,1,0.0086429037144457,147.84373474121094,0.5054113230223698
2019-12-23,0,0,0.0108586807077141,149.45787048339844,0.47201442364469215
2019-12-24,0,0,0.0,149.45787048339844,0.4981757802090123
2019-12-26,1,1,-0.0001905260177923,149.4293975830078,0.5059704803423354
2019-12-27,1,0,0.0081631553931131,150.65420532226562,0.4596710285282882
2019-12-30,0,0,0.0018260941777718,150.9295654296875,0.4707993250016119
2019-12-31,1,1,-0.0086558192326979,149.6287841796875,0.5634167776882617
2020-03-16,0,1,0.1329287912522155,151.218017578125,0.675301944500248
2020-03-17,1,1,-0.1594532926062965,128.92996215820312,0.7112816362221471
2020-03-18,0,1,0.0791222720566797,139.54562377929688,0.6921856915483166
2020-03-19,1,1,-0.0430077206051565,133.6713104248047,0.7282537417001075
2020-03-20,0,1,0.0163190107905124,135.87059020996094,0.7018760350818727
2020-03-23,0,1,-0.0382824057004854,130.76744079589844,0.723371060084665
2020-03-24,1,1,-0.0100243174698766,129.463134765625,0.7208549338975632
2020-03-25,0,1,0.0869988638915146,141.23074340820312,0.6660983735160033
2020-03-26,1,1,-0.0096184833456025,139.8788299560547,0.6582620456367472
2020-03-27,0,1,0.0606724964872931,148.6283721923828,0.5307628120294342
2020-03-30,1,1,-0.0419277026990181,142.5255584716797,0.6497798664188084
2020-03-31,0,0,0.0679771913420035,152.55093383789062,0.4933724573986902
2020-04-01,0,1,-0.0158521938561972,150.1517333984375,0.5241898943159414
2020-04-02,1,1,-0.0361541694535746,144.82008361816406,0.607950684723015
2020-04-03,0,1,0.020497210455779,147.81912231445312,0.5091152408978366
2020-04-06,1,1,-0.0092530248005817,146.45765686035156,0.5512909796234948
2020-04-07,0,1,0.0717324283407549,157.34939575195312,0.5033052269435894
2020-04-08,1,1,-0.0108287320600982,155.65469360351562,0.534697735150436
2020-04-09,1,0,0.0099812087737844,157.21609497070312,0.46782403685702423
2020-04-13,1,0,6.065825466328462e-05,157.2256317138672,0.48559189396069136
2020-04-14,1,1,0.0022378025448605,157.57786560058594,0.5035234465750629
2020-04-15,0,0,0.0482982082642786,165.37538146972656,0.44819500006544
2020-04-16,1,1,-0.0105330015985866,163.6426239013672,0.5141210500929213
2020-04-17,1,0,0.029579126639348,168.55532836914062,0.4720910055623353
2020-04-20,0,1,0.0087726608734612,170.04051208496094,0.5332756666049089
2020-04-21,0,1,-0.0200199094145121,166.670166015625,0.5183570611770395
2020-04-22,1,1,-0.0422366116369698,159.7771759033203,0.6069233466212981
2020-04-23,0,1,0.0334008481053782,165.20399475097656,0.5173568262929921
2020-04-24,1,1,-0.0121761954341883,163.2046356201172,0.5941063931298131
2020-04-27,0,1,0.0180945606516262,166.18463134765625,0.5281291390377445
2020-04-28,0,1,-0.0028685656691836,165.70860290527344,0.5348340068753039
2020-04-29,1,1,-0.0246621177800272,161.67185974121094,0.6257452745287471
2020-04-30,1,1,0.0438956081166305,168.92660522460938,0.5253406645404082
2020-05-01,0,1,0.0099823708161212,170.621337890625,0.510993072784989
2020-05-04,1,1,-0.0262325292040249,166.20370483398438,0.574139865558444
2020-05-05,1,1,0.0241657077710851,170.26905822753906,0.5554818998052824
2020-05-06,1,1,0.010678568013024,172.09703063964844,0.5735082489402497
2020-05-07,1,1,0.0097991071364468,173.79171752929688,0.5576566194062454
2020-05-08,1,1,0.0057901617234768,174.80091857910156,0.574373759014416
2020-05-11,1,0,0.0058652251221215,175.8291778564453,0.4962275877572795
2020-05-12,0,0,0.0110925004979067,177.79042053222656,0.48147178878132696
2020-05-13,0,1,-0.0229123489330285,173.7631378173828,0.5428904945842004
2020-05-14,1,1,-0.0152377334404888,171.1354522705078,0.5719736713104784
2020-05-15,1,1,0.0043296849080189,171.87802124023438,0.6456420006407644
2020-05-18,1,1,0.0144631829461677,174.38198852539062,0.6138586067333418
2020-05-19,0,1,0.0095092594312998,176.0481414794922,0.6295030238085381
2020-05-20,1,1,-0.0069463725376759,174.82948303222656,0.6146704282295044
2020-05-21,0,1,0.0137752721363176,177.2544708251953,0.6250708510350497
2020-05-22,1,1,-0.0120839440496235,175.12542724609375,0.6197967798614203
2020-05-26,0,1,0.0004360808440674,175.20181274414062,0.6214514763937271
2020-05-27,1,1,-0.0106278423529042,173.3496551513672,0.6771286787026751
2020-05-28,0,1,0.0013207076069871,173.57875061035156,0.680289620392641
2020-05-29,1,1,-0.0022573607435196,173.18736267089844,0.6826895154062362
2020-06-01,0,1,0.0101469293665072,174.95362854003906,0.678448387427965
2020-06-02,1,1,-0.0022944974110605,174.5526580810547,0.678571399764124
2020-06-03,1,1,0.0113124230819729,176.53848266601562,0.6646339819043111
2020-06-04,0,1,0.002430398558486,176.9680633544922,0.6382883966453575
2020-06-05,1,1,-0.0132508749738455,174.6385498046875,0.664315911074631
2020-06-08,1,1,0.0231285714950986,178.72476196289062,0.5829661074744596
2020-06-09,1,1,0.0061778030167446,179.83230590820312,0.5866631895577264
2020-06-10,1,1,0.0076156664767388,181.2070770263672,0.5129589741916046
2020-06-11,0,0,0.0364201334316771,187.9283142089844,0.4828477310363102
2020-06-12,1,1,-0.0551939229409888,177.8368682861328,0.5902604263186948
2020-06-15,1,1,0.0078610187904262,179.2403564453125,0.566406540584699
2020-06-16,1,1,0.0063712449390194,180.385986328125,0.618362348809079
2020-06-17,1,0,0.0242097655496688,184.8063812255859,0.49687858638805227
2020-06-18,1,1,0.003455370012453,185.4460601806641,0.5278264671794782
2020-06-19,0,1,0.0106513576827031,187.4318695068359,0.513588528559058
2020-06-22,1,1,-0.0059774329584944,186.3148498535156,0.5410387835364161
2020-06-23,1,0,0.0273950032403388,191.489501953125,0.45044666955168355
2020-06-24,0,0,0.0066585502460303,192.768798828125,0.4906379216392547
2020-06-25,1,1,-0.020363461652995,188.883056640625,0.6042642157072385
2020-06-26,0,1,0.0125572711310114,191.26986694335932,0.5354402879270418
2020-06-29,1,1,-0.0202191315874363,187.44139099121097,0.5667738694899225
2020-06-30,1,1,0.0106900756772167,189.45590209960932,0.5112770696034752
2020-07-01,1,1,0.0252283904294165,194.29637145996097,0.529691374897919
2020-07-02,1,1,0.0058302669294821,195.43247985839844,0.568722473847186
2020-07-06,1,1,0.0075919733021554,196.92184448242188,0.531832879189077
2020-07-07,0,1,0.0212978799647265,201.1608428955078,0.5142663522571831
2020-07-08,1,1,-0.0116961227560383,198.82174682617188,0.5718723250525869
2020-07-09,1,0,0.0217544626572214,203.19439697265625,0.49015786601272904
2020-07-10,0,1,0.0069766699811655,204.61697387695312,0.539107937366001
2020-07-13,0,1,-0.0030375447873587,203.9963836669922,0.5432098418071423
2020-07-14,1,1,-0.0313759414864485,197.69517517089844,0.5783683173446648
2020-07-15,0,1,0.0061625152883239,198.917236328125,0.6080864382677456
2020-07-16,0,1,-0.0014891139239897,198.62124633789065,0.6090480489150452
2020-07-17,0,1,-0.020002606697164,194.68777465820312,0.6749810517100231
2020-07-20,1,1,-0.005113033962197,193.6948699951172,0.6918200666541781
2020-07-21,0,1,0.042083015422042,202.02008056640625,0.6421019291567109
2020-07-22,1,1,-0.0135602227123768,199.29913330078125,0.6619139415717599
2020-07-23,0,1,0.0142689059842607,202.16329956054688,0.6689046494283551
2020-07-24,0,1,-0.0444690161997642,193.3702545166016,0.6754574908713766
2020-07-27,1,1,-0.0061408679645591,192.1864318847656,0.7030650513145734
2020-07-28,0,1,0.0125878749656743,194.62094116210932,0.6880811468174746
2020-07-29,1,1,-0.0090176353751159,192.87380981445312,0.7130480420719401
2020-07-30,0,1,0.0100474719656797,194.82147216796875,0.6821010118486495
2020-07-31,1,1,-0.0007843881546098,194.6687164306641,0.7055837410624429
2020-08-03,1,1,0.0054288832287312,195.7284240722656,0.681023257840615
2020-08-04,0,1,0.0547166138604285,206.73643493652344,0.5398516781655776
2020-08-05,0,1,-0.0151226158174205,203.6335601806641,0.5699284329691172
2020-08-06,1,1,-0.00164214639898,203.2994384765625,0.5774982614043114
2020-08-07,0,1,0.0158870222086176,206.5550537109375,0.5576705653583787
2020-08-10,0,1,-0.0180496883466065,202.86024475097656,0.5690060501378208
2020-08-11,0,1,-0.0201086137355537,198.82174682617188,0.6401860322195515
2020-08-12,1,1,-0.0236630722546058,194.1722412109375,0.6733074403685956
2020-08-13,0,1,0.0281667360293907,199.7191925048828,0.6111376486803237
2020-08-14,1,1,-0.0023452091210781,199.25135803222656,0.6728050603333697
2020-08-17,1,1,0.0009581002777744,199.44235229492188,0.6711842809323523
2020-08-18,1,1,0.0065842197335471,200.7598571777344,0.6598363130120419
2020-08-19,0,1,0.0057377079864417,201.91506958007807,0.6400359695041105
2020-08-20,1,1,-0.0060854161227957,200.6900634765625,0.5802796356859992
2020-08-21,0,1,0.0230048004619607,205.36041259765625,0.5472871963036915
2020-08-24,1,1,-0.0072965331528851,203.8674468994141,0.5671062739076789
2020-08-25,1,1,0.0031402688015112,204.50865173339844,0.5426824515573322
2020-08-26,1,1,0.012925665732666,207.16921997070312,0.5642742017520705
2020-08-27,1,1,0.0213890512924864,211.64810180664065,0.5188099657131793
2020-08-28,1,0,0.0242569754465811,216.8448181152344,0.497596374507125
2020-08-31,0,0,0.0102307561666029,219.07469177246097,0.45083391931146033
2020-09-01,1,1,-0.0148757786679526,215.83990478515625,0.5325933574109801
2020-09-02,1,1,0.0076856114334625,217.50515747070312,0.5520417712873424
2020-09-03,0,1,0.0190889124014528,221.6969757080078,0.5011217845863591
2020-09-04,0,1,-0.0639486668113732,207.9635467529297,0.6327376983606303
2020-09-08,0,1,-0.0141352104537184,205.04461669921875,0.6500271415046768
2020-09-09,1,1,-0.0556138452800936,193.9525909423828,0.7120999289083783
2020-09-10,0,1,0.041701719812071,202.21176147460932,0.6511041297905169
2020-09-11,0,1,-0.0284183240361494,196.5461273193359,0.7168847341108856
2020-09-14,1,1,-0.0065461052796783,195.2637176513672,0.7175997070112956
2020-09-15,1,1,0.0067407163998068,196.5843811035156,0.7014257537844544
2020-09-16,0,1,0.0162732341203203,199.8096160888672,0.6840072096954137
2020-09-17,0,1,-0.0180272654889212,196.2398681640625,0.7153295777048191
2020-09-18,0,1,-0.010491382347358,194.1918029785156,0.7147562639967298
2020-09-21,1,1,-0.0124968339205114,191.78012084960932,0.7137614583550616
2020-09-22,1,1,0.0106716591829155,193.8376922607422,0.640156262195123
2020-09-23,0,1,0.0238082852563589,198.5080108642578,0.6286606544317737
2020-09-24,1,1,-0.0334827095757532,191.97146606445312,0.6811823544941323
2020-09-25,1,1,0.0128785971581822,194.45977783203125,0.6645559562751179
2020-09-28,1,1,0.0225307039696171,198.8908233642578,0.6215065359068025
2020-09-29,0,1,0.0077653090107207,200.4412841796875,0.6469731091212012
2020-09-30,1,1,-0.0104635622924232,198.3548889160156,0.6436561765485631
2020-10-01,1,1,0.0147036840474076,201.29298400878903,0.5393630509394138
2020-10-02,0,1,0.0100760845837185,203.33148193359372,0.5583323196023441
2020-10-05,1,1,-0.0299554601884489,197.33091735839844,0.6307071685015533
2020-10-06,0,1,0.0201172198907598,201.3408660888672,0.5494738637518204
2020-10-07,1,1,-0.0214764498316705,197.06288146972656,0.608659698672814
2020-10-08,1,1,0.0188587937956512,200.81451416015625,0.5514678489125304
2020-10-09,1,1,0.0035677864597298,201.53225708007807,0.5282926078367478
2020-10-12,1,0,0.0245328657055705,206.53756713867188,0.43149735290860264
2020-10-13,1,0,0.0255724918741794,211.88735961914065,0.46520087027280865
2020-10-14,0,1,0.0065727887633082,213.28463745117188,0.5051118979301983
2020-10-15,0,1,-0.009014799461763,211.3705596923828,0.5120478760738861
2020-10-16,0,1,-0.0054480311899207,210.22213745117188,0.5128332675029476
2020-10-19,0,1,0.0,210.22213745117188,0.5709766222254239
2020-10-20,1,1,-0.025077531300844,205.01583862304688,0.6156130489201461
2020-10-21,1,1,0.0020052941411344,205.4273681640625,0.5616114677674138
2020-10-22,1,1,0.0006988627948745,205.57098388671875,0.5840363598076287
2020-10-23,1,1,0.0004187717403859,205.65708923339844,0.5654775316693585
2020-10-26,0,1,0.0062165295060354,206.9395446777344,0.59393383358248
2020-10-27,1,1,-0.0288543772728283,201.0537567138672,0.6630804701578141
2020-10-28,0,1,0.0149768487361142,204.0875701904297,0.590683625696455
2020-10-29,1,1,-0.0508370786256817,193.97166442871097,0.6894643396198421
2020-10-30,0,1,0.0100150311462521,195.9240570068359,0.695086535626747
2020-11-02,0,1,-0.0110515867830922,193.7707061767578,0.7081425171971478
2020-11-03,1,1,-0.000691713289313,193.63671875,0.726034974975206
2020-11-04,1,1,0.020061206755356,197.56053161621097,0.679646014661173
2020-11-05,1,1,0.0471211840122224,207.09263610839844,0.6127303335863996
2020-11-06,1,0,0.0313890151771177,213.6961669921875,0.49962771046859855
2020-11-09,0,1,0.0019241312919987,214.1077423095703,0.5238919245099818
2020-11-10,0,1,-0.0241130548512172,209.00669860839844,0.6152488178813454
2020-11-11,1,1,-0.0343772298284553,201.9437255859375,0.6330874900171289
2020-11-12,0,0,0.0259163272913709,207.2457733154297,0.4820909710630566
2020-11-13,1,1,-0.0051390620502885,206.18345642089844,0.5601233241708445
2020-11-16,1,1,0.0049540950783678,207.2074432373047,0.5115464098193857
2020-11-17,0,1,0.0033199986399187,207.89651489257807,0.5636177380197084
2020-11-18,0,1,-0.0128333168961218,205.2455596923828,0.6096853076669585
2020-11-19,1,1,-0.0132713317698228,202.5396728515625,0.6204228751694371
2020-11-20,0,1,0.0063280061800203,203.82540893554688,0.6538114987457471
2020-11-23,0,1,-0.0096025477906189,201.8775329589844,0.646574826254152
2020-11-24,1,1,-0.0013317005767002,201.60887145996097,0.67274852927732
2020-11-25,1,1,0.0176905067956738,205.2071685791016,0.630452009852768
2020-11-27,1,1,4.677007116332047e-05,205.21676635742188,0.6621511992278867
2020-11-30,0,1,0.006338886232583,206.5217437744141,0.6333248459373794
2020-12-01,1,1,-0.0054042410182996,205.40866088867188,0.5633193764430633
2020-12-02,0,1,0.009947269716745,207.4621124267578,0.5202673302160377
2020-12-03,0,1,-0.0038927596123038,206.6560821533203,0.5596942967969297
2020-12-04,1,1,-0.0052604213381866,205.57183837890625,0.6154139660562731
2020-12-07,0,1,0.0005598789145629,205.6869659423828,0.554295731970347
2020-12-08,1,1,-0.0003267620117635,205.6197662353516,0.5834875573166021
2020-12-09,0,1,0.0079946005775634,207.27020263671875,0.5865464468305867
2020-12-10,0,1,-0.0196823944713128,203.2305145263672,0.5885125112719072
2020-12-11,1,1,-0.006061695146813,202.0023193359375,0.6463432198158862
2020-12-14,1,1,0.0129313243393851,204.6314392089844,0.5913770044822383
2020-12-15,0,1,0.0043982033332312,205.5334320068359,0.584132926043774
2020-12-16,1,1,-0.0003270061436347,205.4662322998047,0.5709223296936519
2020-12-17,1,0,0.0237663172151407,210.40789794921875,0.42404408736940796
2020-12-18,0,0,0.0006381902206815,210.5422210693359,0.4737451402146019
2020-12-21,1,0,-0.0037899413266592,209.74578857421875,0.4810848437962717
2020-12-22,1,1,0.0181337864809976,213.58396911621097,0.5108953495785389
2020-12-23,0,0,0.0060465777052319,214.87933349609372,0.4494682460882249
2020-12-24,1,1,-0.0131248599919396,212.07749938964844,0.5820388493414164
2020-12-28,1,1,0.0077967270433229,213.7374725341797,0.5626069921013417
2020-12-29,0,1,0.0098726473798028,215.8580780029297,0.5006398286402842
2020-12-30,0,1,-0.0036070411566017,215.08087158203125,0.5802704595822104
2020-12-31,1,1,-0.0110809655088557,212.71072387695312,0.5872334794963956
2021-03-17,0,1,0.012274782792707,228.61752319335932,0.5091821421033801
2021-03-18,0,1,-0.0028224340739258,227.97317504882807,0.544624795982872
2021-03-19,0,1,-0.0270241338321658,221.8948974609375,0.5810532935132752
2021-03-22,1,1,-0.0016049754438765,221.53904724121097,0.5771709070120785
2021-03-23,1,1,0.0241896169100571,226.9633331298828,0.5147171345073269
2021-03-24,0,1,0.0067148786117929,228.49249267578125,0.529938407595446
2021-03-25,0,1,-0.0089631615285593,226.45362854003903,0.5461132978459973
2021-03-26,1,1,-0.0133392840917973,223.4529571533203,0.5715948148113634
2021-03-29,0,1,0.0176617517306536,227.43458557128903,0.5066998325715033
2021-03-30,0,1,-0.0052574862758929,226.2419891357422,0.5531692854688678
2021-03-31,1,1,-0.0145156536664908,222.98165893554688,0.5728488113005697
2021-04-01,1,1,0.0167662392668999,226.75173950195312,0.5110100173340193
2021-04-05,1,0,0.0275261206437893,233.0800323486328,0.4926810349115631
2021-04-06,0,0,0.0273510573251521,239.54299926757807,0.49274099430396906
2021-04-07,1,1,-0.0048698873410953,238.37928771972656,0.5106777745232053
2021-04-08,1,1,0.0081968542062677,240.34127807617188,0.5046522545934438
2021-04-09,1,0,0.0133162464251623,243.5631256103516,0.4799331508220128
2021-04-12,1,0,0.0102141919264176,246.0636749267578,0.4741399269238139
2021-04-13,1,0,0.0002346241662119,246.1214141845703,0.49111834766353973
2021-04-14,0,0,0.0100309157249734,248.6026611328125,0.47129495711611946
2021-04-15,1,1,-0.0112822397707428,245.81362915039065,0.5167128047939125
2021-04-16,1,0,0.0151818412208064,249.57400512695312,0.4844993285564599
2021-04-19,0,1,0.0047671473318361,250.7666015625,0.5021083701514241
2021-04-20,0,1,-0.0077000182108643,248.84310913085932,0.5159643258179387
2021-04-21,1,1,-0.0018566810156376,248.3815155029297,0.5168725717757812
2021-04-22,0,1,0.0089429748067448,250.6127471923828,0.5014537410998299
2021-04-23,1,1,-0.0131725908552888,247.3331756591797,0.5364554025201532
2021-04-26,1,1,0.0153574682601315,251.1609039306641,0.5005973902343592
2021-04-27,1,1,0.0015307764824554,251.5456695556641,0.5218099550848492
2021-04-28,0,1,0.0016045066357849,251.94960021972656,0.5309530662028636
2021-04-29,0,1,-0.0286935758854506,244.822998046875,0.55876265883548
2021-04-30,0,1,-0.0080856551975147,242.85142517089844,0.5615362808403148
2021-05-03,0,1,-0.0013078188274657,242.53402709960932,0.5537497975073261
2021-05-04,0,1,-0.0012697184903526,242.2262725830078,0.5735797613972016
2021-05-05,0,1,-0.0162917673905223,238.31195068359372,0.5694757647508701
2021-05-06,1,1,-0.0053412294038018,237.04246520996097,0.5743954586461558
2021-05-07,1,1,0.0131400965665968,240.1777801513672,0.5223763957129399
2021-05-10,0,1,0.0108724978271576,242.8033599853516,0.5302160599867787
2021-05-11,0,1,-0.0211361731189683,237.72528076171875,0.5729048196027248
2021-05-12,0,1,-0.0038507728637495,236.8116149902344,0.5656463628421629
2021-05-13,1,1,-0.0298022878382754,229.85821533203125,0.5773856784785727
2021-05-14,1,1,0.0167213516033061,233.73406982421875,0.5186590786579014
2021-05-17,0,1,0.0208482726636816,238.65817260742188,0.5119169256410465
2021-05-18,0,1,-0.0120406511437351,235.8018035888672,0.5587063861830651
2021-05-19,1,1,-0.0086020021843204,233.7821350097656,0.5576409465740446
2021-05-20,1,1,0.0024707809397736,234.3604736328125,0.5466612646385702
2021-05-21,0,1,0.0137258855991159,237.59945678710932,0.5139867454183136
2021-05-24,1,1,-0.0053290098896056,236.3366546630859,0.5558379015315676
2021-05-25,1,1,0.0226241833492898,241.74452209472656,0.5116714024212508
2021-05-26,0,1,0.0037412171238619,242.650634765625,0.5231629709121841
2021-05-27,0,1,-0.0009140560573561,242.4289398193359,0.5296646383088599
2021-05-28,1,1,-0.0087060618245792,240.32749938964844,0.5441392113916128
2021-06-01,0,1,0.0014829536672915,240.6841583251953,0.5406938709071164
2021-06-02,0,1,-0.0091737352889058,238.4862823486328,0.5554536451663111
2021-06-03,0,1,-0.000404190920051,238.3899078369141,0.5413373442255784
2021-06-04,1,1,-0.0064501386625016,236.85720825195312,0.5590048579680736
2021-06-07,1,1,0.020463902679354,241.7541656494141,0.5108128920680969
2021-06-08,0,0,0.0119700942299273,244.66537475585932,0.49876445983580076
2021-06-09,1,1,-0.0048975349657741,243.4700469970703,0.5307478514055584
2021-06-10,1,1,0.0040303346869122,244.4532928466797,0.5210893191920192
2021-06-11,1,0,0.0142906546779358,247.9717712402344,0.49467792417404566
2021-06-14,1,1,0.0025236606453968,248.59835815429688,0.510332266921673
2021-06-15,0,1,0.007725415810888,250.5263214111328,0.5043416919107406
2021-06-16,0,1,-0.0059046008202028,249.05142211914065,0.5261775155201764
2021-06-17,1,1,-0.0038001676092708,248.10678100585932,0.5290856459851441
2021-06-18,0,1,0.0135832821016934,251.4998779296875,0.5014056227446162
2021-06-21,1,1,-0.0056500372729438,250.08290100097656,0.5277781350850383
2021-06-22,1,1,0.0122592631283468,253.1676025390625,0.5122970078084712
2021-06-23,0,0,0.0109062856833694,255.94383239746097,0.49738261774976633
2021-06-24,1,1,-0.0009043327348575,255.7124786376953,0.5241757054167829
2021-06-25,0,1,0.0053384523332172,257.08123779296875,0.5112256071088319
2021-06-28,1,1,-0.0062814704369181,255.4714508056641,0.526068901212059
2021-06-29,1,0,0.0138645537807926,259.0381164550781,0.49895452855800737
2021-06-30,0,0,0.0099238976479063,261.62158203125,0.4810525844128708
2021-07-01,1,1,-0.001843917444259,261.1396179199219,0.5199659144489742
2021-07-02,1,1,0.002580859838457,261.814453125,0.5052351514488016
2021-07-06,1,0,0.0220306208355626,267.6463928222656,0.48220039242368173
2021-07-07,1,1,3.591628632378897e-05,267.656005859375,0.5034562220300765
2021-07-08,0,0,0.0081425276466086,269.84429931640625,0.4883497845293148
2021-07-09,1,1,-0.0090071570813102,267.4246826171875,0.5162530093201826
2021-07-12,0,1,0.0018728374632486,267.9259948730469,0.5163716468226581
2021-07-13,1,1,-0.0022333965906044,267.3282775878906,0.5209913219197517
2021-07-14,1,1,0.0131114385090293,270.8564147949219,0.504417360869994
2021-07-15,0,1,0.0054304897580187,272.331298828125,0.5096536042728442
2021-07-16,0,1,-0.0052523732667716,270.9046630859375,0.5305154808507079
2021-07-19,0,1,-0.0009967786978197,270.634765625,0.5286216467101119
2021-07-20,1,1,-0.0134112336242989,267.0294494628906,0.5435546772583839
2021-07-21,1,1,0.0083046011310762,269.2562561035156,0.5243546475789806
2021-07-22,1,1,0.007418755584559,271.26123046875,0.5260896772704081
2021-07-23,1,1,0.0167044807298338,275.83056640625,0.513147596166688
2021-07-26,0,1,0.0122609796865269,279.2333374023437,0.5002791056437095
2021-07-27,0,1,-0.0021429694415878,278.6355895996094,0.5150463011589873
2021-07-28,0,1,-0.0087212854602372,276.2160949707031,0.5344238677816835
2021-07-29,1,1,-0.0011175112976286,275.9075927734375,0.5404354574480486
2021-07-30,0,1,0.0009780702240732,276.1775817871094,0.5370248842994141
2021-08-02,0,1,-0.0055652009214539,274.6448669433594,0.5529296533208302
2021-08-03,1,1,-0.0003161764393101,274.5580444335937,0.5490776508826829
2021-08-04,0,1,0.0080427372721597,276.775146484375,0.5339117219909508
2021-08-05,1,1,-0.0021265530681015,276.18719482421875,0.5506653828105337
2021-08-06,0,1,0.0104508268221692,279.0887145996094,0.5134989426399973
2021-08-09,0,1,-0.0002069063645633,279.0309753417969,0.5399274162560149
2021-08-10,0,1,-0.00391181700699,277.94158935546875,0.5444773598044663
2021-08-11,1,1,-0.0065765504600979,276.11968994140625,0.5717991699995729
2021-08-12,1,1,0.0017789423686345,276.611328125,0.552155834446933
2021-08-13,1,1,0.0099173415732609,279.36822509765625,0.5216085773127095
2021-08-16,1,1,0.0104351449063231,282.2987365722656,0.5179067694733617
2021-08-17,0,1,0.0059581950577713,283.9857482910156,0.522790533843085
2021-08-18,0,1,-0.0051731288879204,282.5204467773437,0.5360922303884391
2021-08-19,1,1,-0.0061378588859263,280.79168701171875,0.5378608581273051
2021-08-20,1,1,0.0205623129564171,286.62518310546875,0.5100110924358071
2021-08-23,1,0,0.0252537603180894,293.9557189941406,0.49732146811512323
2021-08-24,0,1,0.0009524817776728,294.23583984375,0.5140494487026727
2021-08-25,0,1,-0.0066856677853696,292.2752380371094,0.5125069848496371
2021-08-26,0,1,-0.0020175340875032,291.6861572265625,0.5217995203762803
2021-08-27,1,1,-0.0097160449961236,288.8658447265625,0.5345438657164924
2021-08-30,1,1,0.0021044748658116,289.4743957519531,0.5343059979147446
2021-08-31,0,1,0.012829065916851,293.2120056152344,0.5101875120109973
2021-09-01,0,1,-0.0056483284917201,291.5605163574219,0.5416812252613465
2021-09-02,0,1,-0.0001657060066252,291.51220703125,0.542194196059612
2021-09-03,0,1,-0.0022554086943924,290.85546875,0.5478670804245259
2021-09-07,0,1,-3.305145340399844e-05,290.8458557128906,0.5512156987158683
2021-09-08,1,1,-0.0031929837454968,289.9186706542969,0.5538231025072304
2021-09-09,0,1,9.999442144718191e-05,289.9476623535156,0.5540169897747246
2021-09-10,0,1,-0.0099089413515473,287.0887756347656,0.5577855173387721
2021-09-13,1,1,-0.005194216724389,285.6014404296875,0.5579464296503984
2021-09-14,1,1,0.0043191964228146,286.8376770019531,0.5433501904439595
2021-09-15,1,1,0.0093838668313932,289.5419921875,0.5210136834303487
2021-09-16,1,1,0.0166393398751505,294.40008544921875,0.5234066837223736
2021-09-17,0,1,0.0013112709945212,294.786376953125,0.544263826550609
2021-09-20,0,1,-0.0176838803378515,289.6192321777344,0.5679419460651535
2021-09-21,1,1,-0.0187495461571586,284.2395935058594,0.5681431597144153
2021-09-22,1,1,0.0016977273460024,284.7225646972656,0.5647925430223104
2021-09-23,1,1,0.0127407529236851,288.37335205078125,0.5337778550714619
2021-09-24,0,1,0.0032765215805583,289.3197631835937,0.5493581714681087
2021-09-27,0,1,-0.0007009522231377,289.1170349121094,0.5662538045859451
2021-09-28,0,1,-0.0174557422135693,284.11407470703125,0.5753676338525835
2021-09-29,1,1,-0.0368754233692032,273.8280639648437,0.5891287731852123
2021-09-30,0,1,0.0016916856457568,274.29168701171875,0.5779279753932361
2021-10-01,1,1,-0.0073507236619532,272.2828369140625,0.5794326699328162
2021-10-04,0,1,0.025149348113711,279.2174072265625,0.513781854812743
2021-10-05,1,1,-0.0209372822428781,273.43212890625,0.5711024881541484
2021-10-06,1,1,0.0197604468315704,278.8890075683594,0.5145194877468658
2021-10-07,1,1,0.0149520530332395,283.0903015136719,0.5084271294649453
2021-10-08,0,1,0.0059187584344871,284.77081298828125,0.5240851745519791
2021-10-11,0,1,0.0,284.77081298828125,0.5406405580385016
2021-10-12,0,1,-0.0021052282513045,284.17193603515625,0.540750430214192
2021-10-13,1,1,-0.0045985258183405,282.8681640625,0.5469646333411267
2021-10-14,1,1,0.011643325917464,286.1809387207031,0.5022286355349587
2021-10-15,1,0,0.0215012613194916,292.4008178710937,0.49808678996863603
2021-10-18,1,1,0.0048106749536224,293.81085205078125,0.5144377588503516
2021-10-19,1,0,0.0100739427190719,296.78564453125,0.49127579151065154
2021-10-20,0,1,0.003054331266318,297.6935119628906,0.506520341838909
2021-10-21,1,1,-0.0026639733385114,296.9015197753906,0.5161392615661266
2021-10-22,0,0,0.0108387179084146,300.1370544433594,0.49613683639099804
2021-10-25,0,1,-0.005162112317189,298.5917053222656,0.5180159359800305
2021-10-26,1,1,-0.0033373449471222,297.59686279296875,0.5138809042804934
2021-10-27,1,1,0.0064053262928499,299.5091857910156,0.506957826433031
2021-10-28,1,0,0.0412516213715918,312.122802734375,0.46278240361996126
2021-10-29,1,0,0.0036443402069275,313.2623596191406,0.4885583223012942
2021-11-01,0,0,0.0221666613108279,320.28387451171875,0.46547508983863245
2021-11-02,1,0,-0.0068079313116003,318.1108093261719,0.49008497628996306
2021-11-03,1,0,0.0113511652275344,321.7423095703125,0.46815439002399445
2021-11-04,1,0,0.0026082229176865,322.58258056640625,0.49381267906560483
2021-11-05,0,0,0.0072786665726331,324.9391174316406,0.4941023754838554
2021-11-08,1,1,-0.0011300941889033,324.5721130371094,0.5133747945293127
2021-11-09,0,1,0.0027635870509566,325.4703369140625,0.5092601191889174
2021-11-10,0,1,-0.0030908442184819,324.4659118652344,0.5131713856880913
2021-11-11,1,1,-0.01544871190533,319.4918518066406,0.5378618983589988
2021-11-12,1,1,0.0049155388929885,321.0661926269531,0.5164370570699286
2021-11-15,0,1,0.0128223842054157,325.20953369140625,0.5128751198857162
2021-11-16,1,1,-0.0019320548309637,324.5818176269531,0.5284655074665072
2021-11-17,1,1,0.0101837769071011,327.9041748046875,0.5029992843009023
2021-11-18,1,1,0.0006785189568076,328.1267395019531,0.5249168940437507
2021-11-19,1,1,0.0063198905009737,330.20703125,0.5196946281919627
2021-11-22,0,1,0.0053769960441223,331.9873352050781,0.5164895302950503
2021-11-23,0,1,-0.0096053364613333,328.8137512207031,0.5401550306811884
2021-11-24,1,1,-0.0063468482876895,326.7334289550781,0.55950073011354
2021-11-26,0,1,0.0006807627101877,326.9559326171875,0.555935997965912
2021-11-29,1,1,-0.0246572565895071,318.99267578125,0.5546605415435962
2021-11-30,0,1,0.0208622012365228,325.71746826171875,0.5234522348613041
2021-12-01,0,1,-0.0181054874270807,319.8732604980469,0.5647868606484792
2021-12-02,0,1,-0.0015439891169848,319.3797607421875,0.5595250439667263
2021-12-03,0,1,-0.0017890069339653,318.80889892578125,0.5710303454454968
2021-12-06,1,1,-0.0198627895580146,312.5389404296875,0.591237099700272
2021-12-07,1,1,0.0097968187057915,315.6158752441406,0.5272534075189854
2021-12-08,1,1,0.0264116389917441,324.0628662109375,0.5049533349304722
2021-12-09,0,1,0.0001493452963008,324.1112670898437,0.5591401982518373
2021-12-10,1,1,-0.00559825226663,322.3018798828125,0.5544487849043376
2021-12-13,0,1,0.0279456612428018,331.43585205078125,0.5000646432499167
2021-12-14,0,1,-0.0092089863240787,328.3976745605469,0.555845687828739
2021-12-15,1,1,-0.0331297240382271,317.6961975097656,0.5724501355594999
2021-12-16,0,1,0.0190355205400546,323.8016357421875,0.5142686327320997
2021-12-17,0,1,-0.0295680442193766,314.3676147460937,0.5784882239380472
2021-12-20,0,1,-0.0033910776147645,313.3033752441406,0.5603693713124281
2021-12-21,1,1,-0.0120863936353714,309.5394592285156,0.5669627603100388
2021-12-22,1,1,0.0228069706461522,316.68023681640625,0.5142584566241828
2021-12-23,1,1,0.017896278649454,322.3986511230469,0.5119709751555869
2021-12-27,1,1,0.0044617651904435,323.84033203125,0.5274342911325468
2021-12-28,0,1,0.0229210530667345,331.34881591796875,0.5123999233771814
2021-12-29,1,1,-0.0035106003949343,330.1876220703125,0.5304346759523988
2021-12-30,0,1,0.0020493630568177,330.864990234375,0.5259256142185431
2021-12-31,0,1,-0.0077208992253327,328.3202514648437,0.5295659772992176
2022-03-16,1,0,0.0380108435430564,278.4158935546875,0.45697179278728767
2022-03-17,1,1,0.0249009810176405,285.4357604980469,0.5318844155771811
2022-03-18,1,1,0.002815294721624,286.240478515625,0.5463016287215726
2022-03-21,0,1,0.0174938821839216,291.2919921875,0.5370359937031298
2022-03-22,1,1,-0.0042360693113724,290.0606689453125,0.5711248677963496
2022-03-23,0,1,0.016246558254106,294.8116455078125,0.5499072481937649
2022-03-24,1,1,-0.0151444491248199,290.3805236816406,0.5669881764798759
2022-03-25,0,1,0.0152756981791975,294.850341796875,0.5435116290109464
2022-03-28,1,1,-0.0013819806881737,294.4431457519531,0.5689736347891319
2022-03-29,1,1,0.0228533381855816,301.2496337890625,0.5508973811583946
2022-03-30,0,1,0.015045673151288,305.81640625,0.5403981669245842
2022-03-31,0,1,-0.0049263987351358,304.31353759765625,0.5839835814910435
2022-04-01,1,1,-0.0178413770514335,298.93231201171875,0.5866839061114523
2022-04-04,1,1,0.0035938925149628,300.0085754394531,0.5414743698823488
2022-04-05,0,1,0.0177777378575073,305.3897399902344,0.5334066466559334
2022-04-06,0,1,-0.0130705444882862,301.4241027832031,0.5778475177212486
2022-04-07,1,1,-0.0372921988670728,290.3903503417969,0.5937249418200411
2022-04-08,0,1,0.0062241848365356,292.20343017578125,0.5308598653193484
2022-04-11,0,1,-0.0147074316094721,287.93731689453125,0.5612466051487571
2022-04-12,0,1,-0.0402301667130138,276.5834655761719,0.5932241770480036
2022-04-13,1,1,-0.0112815402821472,273.480712890625,0.5905082161895899
2022-04-14,0,1,0.0195202966224836,278.87158203125,0.5221711069935568
2022-04-18,1,1,-0.0274578322965075,271.31854248046875,0.5893501296677491
2022-04-19,1,1,0.0024626125730516,271.9875183105469,0.5687484991171335
2022-04-20,1,1,0.0168966927427543,276.62225341796875,0.5272477883593816
2022-04-21,0,1,0.0037082164554621,277.6499328613281,0.5077285719555592
2022-04-22,0,1,-0.0195713886603785,272.2687683105469,0.5547806447221408
2022-04-25,1,1,-0.0244406352778224,265.69500732421875,0.5957636685525219
2022-04-26,0,1,0.0241201294071814,272.1815185546875,0.5007931543948745
2022-04-27,1,1,-0.0381210767330575,262.0009460449219,0.5798356395194697
2022-04-28,1,0,0.0469875161187683,274.60552978515625,0.43249318361391226
2022-04-29,0,1,0.0223800288041511,280.82049560546875,0.5037642295400386
2022-05-02,1,1,-0.0427113994571113,269.07879638671875,0.5693799524005302
2022-05-03,0,1,0.0247351727470611,275.8175048828125,0.5216803876972023
2022-05-04,1,1,-0.0095016380604312,273.2091979980469,0.5550044257401727
2022-05-05,0,1,0.0286855778586804,281.15985107421875,0.5168160786350198
2022-05-06,0,1,-0.0445316278085625,268.9140319824219,0.5877470581852828
2022-05-09,0,1,-0.0094915807566329,266.3736877441406,0.5768371732756681
2022-05-10,1,1,-0.0376452729106147,256.5323791503906,0.612237978640715
2022-05-11,0,1,0.0184248626179636,261.3027648925781,0.520303750222539
2022-05-12,0,1,-0.0337736988444449,252.62496948242188,0.5943145923429449
2022-05-13,1,1,-0.0201594661003394,247.5831756591797,0.6015472973772691
2022-05-16,1,1,0.0223447387905688,253.17762756347656,0.509794999263087
2022-05-17,1,1,0.0014543203150276,253.5460968017578,0.5498505723628246
2022-05-18,0,1,0.0201398854682146,258.7042541503906,0.5116731773601607
2022-05-19,0,1,-0.0465985878209664,246.92556762695312,0.5822300334834143
2022-05-20,0,1,-0.0037065330894274,246.01202392578125,0.5732136864657764
2022-05-23,1,1,-0.0022937540943571,245.4483795166016,0.5755233924026228
2022-05-24,0,1,0.0315295958676539,253.31056213378903,0.5001456726085778
2022-05-25,1,1,-0.0039594065811146,252.30958557128903,0.5688518209554819
2022-05-26,1,1,0.01110825672843,255.1279296875,0.5265148476890308
2022-05-27,1,1,0.0127930093356233,258.4127502441406,0.538756734912354
2022-05-31,0,1,0.0272302770137023,265.54608154296875,0.5252610382712293
2022-06-01,1,1,-0.005026625003182,264.2146301269531,0.5787948835343978
2022-06-02,1,1,0.0020209911809154,264.7491455078125,0.576620972101348
2022-06-03,0,1,0.0078975644109594,266.8482971191406,0.5491733326751015
2022-06-06,0,1,-0.0167465562066555,262.4167175292969,0.5788815952488751
2022-06-07,1,1,-0.0047142702989068,261.1825256347656,0.5793957744246003
2022-06-08,0,1,0.0138571568651034,264.82696533203125,0.5457715819600301
2022-06-09,0,1,-0.0076993207573914,262.7958068847656,0.5718293680486372
2022-06-10,0,1,-0.0210023024549921,257.33404541015625,0.5884808540129474
2022-06-13,0,1,-0.0455872502350524,245.86627197265625,0.5862185668362725
2022-06-14,1,1,-0.0433384689995268,235.4384002685547,0.6140146625061919
2022-06-15,1,1,0.0091628725629834,237.6056060791016,0.5154366865729985
2022-06-16,0,0,0.0293019164082942,244.67091369628903,0.4809948983334613
2022-06-17,1,1,-0.0273405385888783,238.0720977783203,0.5718654907613928
2022-06-21,1,0,0.0108805222810676,240.6765899658203,0.4926265845675535
2022-06-22,0,1,0.0242939184621175,246.5951690673828,0.5071853883604163
2022-06-23,1,1,-0.0024069742719592,246.00233459472656,0.5583368114024906
2022-06-24,1,1,0.0223841657014993,251.57098388671875,0.5162239283408925
2022-06-27,0,0,0.0335797425065161,260.162109375,0.4556380141356834
2022-06-28,0,1,-0.0105525009559087,257.4311828613281,0.5826681226474403
2022-06-29,1,1,-0.0322639463766164,249.25799560546875,0.5937745256692516
2022-06-30,0,1,0.0146305287639349,252.93157958984372,0.5343453843794109
2022-07-01,1,1,-0.0132668741840357,249.59812927246097,0.5899463546907665
2022-07-05,1,1,0.0106505397475183,252.27069091796875,0.5319165558650915
2022-07-06,1,1,0.0125186862683283,255.4486389160156,0.5357993079481925
2022-07-07,1,1,0.0127019133214887,258.7140197753906,0.535583289408518
2022-07-08,0,1,0.0081929063351566,260.84234619140625,0.5382861632305385
2022-07-11,0,1,-0.0027608243627684,260.1231994628906,0.5603357321356351
2022-07-12,0,1,-0.0118386099353323,257.0618591308594,0.5805640642810986
2022-07-13,0,1,-0.0418447660411615,246.5271148681641,0.5956462958338473
2022-07-14,1,1,-0.0037520473570563,245.60386657714844,0.5628272119807745
2022-07-15,1,1,0.0053670060330306,246.92556762695312,0.5367227288346603
2022-07-18,0,1,0.010336864612545,249.49124145507807,0.5224870816271241
2022-07-19,1,1,-0.0096678475687993,247.0908203125,0.5719712130027688
2022-07-20,1,1,0.020554052932079,252.2220916748047,0.5400524757648523
2022-07-21,1,1,0.0105021864806933,254.8849334716797,0.5215113588711351
2022-07-22,0,1,0.0097516059841807,257.38262939453125,0.5318454203047682
2022-07-25,0,1,-0.0170607593333544,253.0287322998047,0.5656435536424346
2022-07-26,0,1,-0.0058937734022948,251.5418243408203,0.553115833019735
2022-07-27,1,1,-0.0271392270148164,244.80697631835932,0.5773675598401973
2022-07-28,1,0,0.0647122895311505,261.1728210449219,0.4621444649834522
2022-07-29,1,1,0.0281409471466691,268.6268615722656,0.5278917086295969
2022-08-01,0,1,0.0155434531839295,272.8348693847656,0.5364846033508387
2022-08-02,0,1,-0.0097718104543964,270.1817626953125,0.5713139699192099
2022-08-03,1,1,-0.011540797257667,267.0815734863281,0.5796346228642908
2022-08-04,1,1,0.0274559404592289,274.5161437988281,0.5117693965360852
2022-08-05,0,1,0.004168903229271,275.6629638671875,0.5373788067322586
2022-08-08,0,1,-0.0026123096182086,274.9437866210937,0.5752258877603015
2022-08-09,1,1,-0.0091969771997141,272.4267272949219,0.5833657936702671
2022-08-10,1,1,0.0070385580107152,274.3509826660156,0.5356031972910608
2022-08-11,0,1,0.0240099550563165,281.0178527832031,0.5042695163868083
2022-08-12,1,1,-0.0074283792409174,278.9380798339844,0.5711113862034866
2022-08-15,1,1,0.0168935710698691,283.6903686523437,0.5219888538189652
2022-08-16,0,1,0.005329916776694,285.2064514160156,0.5320445004699711
2022-08-17,0,1,-0.0025930143534575,284.4678649902344,0.5644441521033545
2022-08-18,0,1,-0.0026399833576258,283.7178649902344,0.5617522861268724
2022-08-19,0,1,-0.0039551626498803,282.5979309082031,0.5627171539925198
2022-08-22,0,1,-0.0139508205612451,278.6828308105469,0.5650315007021578
2022-08-23,0,1,-0.0297946708948199,270.5020446777344,0.5577826064894138
2022-08-24,0,1,-0.0047277524808706,269.2261962890625,0.5596144046684782
2022-08-25,1,1,-0.0023539348016009,268.5932006835937,0.5597425967065385
2022-08-26,0,1,0.0110343512743674,271.5733642578125,0.5079315997352327
2022-08-29,0,1,-0.0393516140673202,261.09405517578125,0.6074554409018469
2022-08-30,0,1,-0.0107251463755754,258.3087463378906,0.5893076221470094
2022-08-31,0,1,-0.0085576342513683,256.107666015625,0.5884412001286226
2022-09-01,0,1,-0.005720240802578,254.6468505859375,0.5892575359361117
2022-09-02,0,1,-0.0041005462038041,253.60479736328125,0.5747358350266447
2022-09-06,0,1,-0.0168071754246023,249.37803649902344,0.5740317677263972
2022-09-07,1,1,-0.0110346767877872,246.641357421875,0.5746648464817928
2022-09-08,1,1,0.01893128183429,251.3550720214844,0.502969631340473
2022-09-09,1,1,0.0016646928635078,251.7738494873047,0.5519095482526588
2022-09-12,1,0,0.0227168102600333,257.5588073730469,0.49051697031599006
2022-09-13,0,1,0.0082470125097883,259.6916809082031,0.507591765796722
2022-09-14,1,1,-0.0565473791917565,245.41427612304688,0.5799997793644525
2022-09-15,0,1,0.0009121357088798,245.6382293701172,0.5470997524865793
2022-09-16,0,1,-0.0274936565788632,238.9767303466797,0.5643193789175058
2022-09-19,0,1,-0.0026115733279512,238.3534393310547,0.56927557016838
2022-09-20,0,1,-0.0008992738110677,238.13919067382807,0.5748290236530936
2022-09-21,0,1,-0.0085017016714859,236.1231842041016,0.5690439986483863
2022-09-22,1,1,-0.0145411552691683,232.7145233154297,0.5665108157170412
2022-09-23,0,1,0.008459590895749,234.6915435791016,0.5134802022392461
2022-09-26,0,1,-0.0127793942477184,231.71141052246097,0.5792426249106558
2022-09-27,0,1,-0.0019773987949335,231.2536773681641,0.5761665854294561
2022-09-28,1,1,-0.0043894326437646,230.24082946777344,0.5873262887235307
2022-09-29,0,1,0.0195197399056856,234.7792205810547,0.5200206641617956
2022-09-30,0,1,-0.0149198439489241,231.30235290527344,0.5838408018224408
2022-10-03,1,1,-0.0195583290071667,226.82241821289065,0.5794325686466735
2022-10-04,1,0,0.0331083070108934,234.45782470703125,0.4573115732409565
2022-10-05,1,0,0.0332533913878843,242.3854217529297,0.4573503294059057
2022-10-06,0,1,0.0012847920086225,242.6970367431641,0.5629074271016816
2022-10-07,0,1,-0.0097180008062424,240.3499298095703,0.5919732944022046
2022-10-10,0,1,-0.0521914759714027,228.12744140625,0.6036541503145026
2022-10-11,0,1,-0.0215331989030912,223.26763916015625,0.5956066085328025
2022-10-12,1,1,-0.0168920665305847,219.52786254882807,0.6049624337607514
2022-10-13,1,1,0.0015072414641085,219.85899353027344,0.5832569050174815
2022-10-14,0,0,0.0369180239695676,228.12744140625,0.459049611028305
2022-10-17,1,1,-0.0245476335481098,222.5956268310547,0.5789912753017397
2022-10-18,1,0,0.0384954035371423,231.33160400390625,0.45159095946947614
2022-10-19,0,1,0.0040753101048791,232.2762756347656,0.5255236967651439
2022-10-20,0,1,-0.0085056622457829,230.3089904785156,0.5697159010987288
2022-10-21,1,1,-0.0013965395621921,229.98757934570312,0.5665730792638894
2022-10-24,1,1,0.0249663322615471,235.8018035888672,0.5173176580231309
2022-10-25,1,1,0.020966471268553,240.7979278564453,0.5321226089902222
2022-10-26,0,1,0.0136975291560957,244.11895751953125,0.5288198133068667
2022-10-27,0,1,-0.0802953140751673,225.28366088867188,0.5976979299380173
2022-10-28,1,1,-0.019954149965411,220.83287048339844,0.5798426823267934
2022-10-31,0,0,0.0394328887992821,229.7149200439453,0.45000415426028695
2022-11-01,0,1,-0.0159833420750808,226.0724945068359,0.5715555632220521
2022-11-02,0,1,-0.0172065781263749,222.21583557128903,0.570404084675043
2022-11-03,0,1,-0.0360089513516638,214.35643005371097,0.5758140101758411
2022-11-04,1,1,-0.0269385007103783,208.65907287597656,0.5907604071222761
2022-11-07,1,0,0.0327823425238042,215.61276245117188,0.48482930117859224
2022-11-08,1,1,0.0288493490319977,221.92364501953125,0.5078980932917323
2022-11-09,0,1,0.0043789471266075,222.89756774902344,0.5155265266027276
2022-11-10,1,1,-0.0192340071440137,218.6513214111328,0.5737257215625371
2022-11-11,1,0,0.0790590957990156,236.6393890380859,0.42244340389203106
2022-11-14,0,1,0.016854341074489,240.66159057617188,0.5247581313087063
2022-11-15,1,1,-0.0227570549043737,235.24668884277344,0.5927988732405494
2022-11-16,1,1,0.0017371410838943,235.65570068359372,0.5627945793390439
2022-11-17,0,1,0.0018219034282897,236.08543395996097,0.5564181537858288
2022-11-18,0,1,-0.0002069099996397,236.03659057617188,0.5616197966129552
2022-11-21,1,1,-0.0019051170777568,235.58734130859372,0.5718063319618024
2022-11-22,1,1,0.0034350187968713,236.39797973632807,0.526817420345489
2022-11-23,1,1,0.0122362740957238,239.30838012695312,0.5190014167491701
2022-11-25,0,1,0.0103530780683972,241.798828125,0.5197823384160185
2022-11-28,0,1,-0.0003634895121164,241.71095275878903,0.5619091539124778
2022-11-29,0,1,-0.0234247676928975,236.11473083496097,0.5860679042302541
2022-11-30,1,1,-0.0059325109788173,234.71812438964844,0.5630814534503495
2022-12-01,0,0,0.0597996042577426,249.18234252929688,0.4308318208487699
2022-12-02,1,1,-0.0017653828325708,248.74282836914065,0.5641120468167727
2022-12-05,0,1,0.0012948002812251,249.0651092529297,0.5486130073543838
2022-12-06,0,1,-0.0190814113535098,244.3576507568359,0.585418894150672
2022-12-07,0,1,-0.0205126546100403,239.3962860107422,0.563879378461561
2022-12-08,1,1,-0.0030644631595318,238.66378784179688,0.5530838920348988
2022-12-09,0,1,0.012322911798752,241.62301635742188,0.5191529978866531
2022-12-12,1,1,-0.0080352243505731,239.68930053710932,0.5448244202589166
2022-12-13,1,1,0.0284796756410763,246.61370849609372,0.5162128831521631
2022-12-14,1,1,0.017313956490243,250.92074584960932,0.5045673745155548
2022-12-15,0,1,0.0011670152363666,251.2137451171875,0.5251470881638561
2022-12-16,0,1,-0.0324387733304847,243.1954345703125,0.5541109204674519
2022-12-19,0,1,-0.0175008530794763,238.9763336181641,0.5542157646751394
2022-12-20,1,1,-0.017480056511173,234.83531188964844,0.5598346644385613
2022-12-21,1,1,0.0055989206850566,236.15382385253903,0.5092338434141465
2022-12-22,0,1,0.0108180326257205,238.722412109375,0.5054932114000862
2022-12-23,1,1,-0.0258603252743504,232.62811279296875,0.5635071556754202
2022-12-27,0,1,0.0022645268516571,233.1555023193359,0.545910615159783
2022-12-28,0,1,-0.0074419166252819,231.42681884765625,0.5589499636042135
2022-12-29,1,1,-0.0103078507972583,229.05355834960932,0.5577824550865119
2022-12-30,0,0,0.0272549241338263,235.3822479248047,0.49602274310787475
2023-03-16,1,1,0.017673226135771,259.89111328125,0.5156981364116657
2023-03-17,1,0,0.0397366290091397,270.4262390136719,0.44433585312039825
2023-03-20,0,1,0.0116264483103688,273.58868408203125,0.5147201910498779
2023-03-21,1,0,-0.0261046732070342,266.5391540527344,0.4490999223216909
2023-03-22,0,0,0.0056777206967842,268.0567932128906,0.4229023309643886
2023-03-23,1,0,-0.0054572263535284,266.5979309082031,0.4833288670944984
2023-03-24,1,0,0.0195295870414829,271.85565185546875,0.43177049815460034
2023-03-27,0,0,0.0104258454547421,274.7048034667969,0.4479664491405621
2023-03-28,0,0,-0.0150464315053363,270.6024169921875,0.45290710638907206
2023-03-29,1,0,-0.0041694542037262,269.4765014648437,0.46206289725071803
2023-03-30,1,0,0.0190022324661286,274.6461181640625,0.4298604842215815
2023-03-31,1,0,0.0125408117597683,278.1120910644531,0.425838237706744
2023-04-03,0,0,0.0148512431810434,282.2732238769531,0.45184095474031255
2023-04-04,0,0,-0.0037181196461381,281.22564697265625,0.4652301471029472
2023-04-05,0,0,-0.0001742924312334,281.1766357421875,0.4528777343315703
2023-04-06,1,0,-0.009938303048439,278.39605712890625,0.4219930227887603
2023-04-10,0,0,0.0252121211826169,285.5042419433594,0.4372596405771205
2023-04-11,0,0,-0.0076075866009091,283.3404846191406,0.42528541603888725
2023-04-12,1,0,-0.0229293021516721,276.9176025390625,0.4906554612302042
2023-04-13,1,0,0.0023307526999725,277.56378173828125,0.46368906995838055
2023-04-14,0,1,0.0221524063161995,283.7810974121094,0.5111783013275657
2023-04-17,1,0,-0.0128478309851858,280.158447265625,0.48776107957102455
2023-04-18,0,0,0.0092529030571664,282.76275634765625,0.49221242954127686
2023-04-19,1,1,-0.0014899546940487,282.3417663574219,0.5098495625227126
2023-04-20,0,0,0.0002775298435341,282.4201354980469,0.47066343664756255
2023-04-21,0,0,-0.0081456009010009,280.1289978027344,0.46877278750725426
2023-04-24,0,0,-0.0012239400598274,279.7863464355469,0.46588627475079203
2023-04-25,0,0,-0.0140613633838935,275.87969970703125,0.45935660380422205
2023-04-26,1,0,-0.0227938135101435,269.6624755859375,0.4858500639098891
2023-04-27,1,0,0.0699315116633998,289.1954040527344,0.44945971545832686
2023-04-28,1,0,0.0315255226073882,298.4576721191406,0.4780795991967922
2023-05-01,0,0,0.0079400818947671,300.8368835449219,0.4118728130347823
2023-05-02,0,0,-0.0055480235850006,299.1724548339844,0.49940355804584835
2023-05-03,0,0,-0.0004909764806419,299.0256042480469,0.46666194784504245
2023-05-04,1,0,-0.0033126293387931,298.03668212890625,0.4259971629778798
2023-05-05,1,0,0.0033126293387931,299.0256042480469,0.43292293320294856
2023-05-08,0,0,0.0170115442838387,304.156005859375,0.408581612656569
2023-05-09,0,0,-0.0064586246810278,302.1979064941406,0.4519833571206232
2023-05-10,1,0,-0.0053603062018781,300.5823669433594,0.4290874876301914
2023-05-11,0,0,0.0171484603744436,305.7813415527344,0.4077368174304633
2023-05-12,0,0,-0.0070692503258082,303.6273193359375,0.42729844264888084
2023-05-15,1,0,-0.0036829264547627,302.5111389160156,0.44705255100822344
2023-05-16,1,0,0.0015846914154007,302.99090576171875,0.44416372441597274
2023-05-17,1,0,0.0073404394301299,305.2231750488281,0.416499193684088
2023-05-18,1,0,0.0094073440030784,308.1080627441406,0.42737640463889814
2023-05-19,0,0,0.0142923616475401,312.54327392578125,0.4378472004459598
2023-05-22,1,0,-0.0005652181770982,312.3666687011719,0.4492000520180115
2023-05-23,0,1,0.0088816304204425,315.1533508300781,0.5255359754576183
2023-05-24,0,0,-0.0186040599194637,309.34442138671875,0.45890197099121566
2023-05-25,1,1,-0.0044824389397232,307.9609069824219,0.5098536330914498
2023-05-26,1,0,0.0377368449491216,319.804443359375,0.4489485472445155
2023-05-30,0,0,0.0211602087626678,326.6436767578125,0.4126537004679589
2023-05-31,0,0,-0.0050596511678483,324.9951477050781,0.4479051710736923
2023-06-01,1,0,-0.0085507030015879,322.2280578613281,0.4319566228295194
2023-06-02,1,0,0.0126785390971557,326.3394470214844,0.4051835927825002
2023-06-05,1,0,0.00844343043035,329.1065368652344,0.3892041974132626
2023-06-06,0,0,0.0016086588246889,329.6363830566406,0.4023187591990143
2023-06-07,0,0,-0.0067500210424878,327.4188232421875,0.41388603618536846
2023-06-08,1,0,-0.0313545063088969,317.3120422363281,0.4137249361598558
2023-06-09,1,0,0.005796770230178,319.1567687988281,0.4303101271455326
2023-06-12,1,0,0.004693062243674,320.6581115722656,0.45393205445710355
2023-06-13,1,0,0.015365025576461,325.6230773925781,0.4216629751285657
2023-06-14,1,0,0.0073261324444482,328.01739501953125,0.4144149334166839
2023-06-15,1,0,0.0090822519154918,331.0101013183594,0.4275786486944849
2023-06-16,0,0,0.0313985829726376,341.5682373046875,0.40941801119874566
2023-06-20,0,0,-0.016714736328717,335.9064636230469,0.41685449528136087
2023-06-21,0,0,-0.0125812397982047,331.7068176269531,0.4629188493492376
2023-06-22,1,0,-0.0133709984759076,327.30108642578125,0.4479599096548979
2023-06-23,0,0,0.0182692032993327,333.3355712890625,0.41905270748166623
2023-06-26,0,0,-0.0139019711547023,328.7336120605469,0.4443858668311605
2023-06-27,1,0,-0.0193489198148558,322.4341125488281,0.44275029734326693
2023-06-28,1,0,0.0180048981438651,328.2920837402344,0.4319844254316664
2023-06-29,0,0,0.0038186902770365,329.5481262207031,0.458555443804583
2023-06-30,1,0,-0.0023850880375241,328.7630615234375,0.45247988936264655
2023-07-03,0,0,0.0162528447767305,334.1500549316406,0.4391821235934549
2023-07-05,1,0,-0.007516237985558,331.6479187011719,0.4645467668965306
2023-07-06,1,0,0.0004733205752408,331.804931640625,0.4435111118999136
2023-07-07,0,0,0.0091843875824802,334.86639404296875,0.4792108127814101
2023-07-10,0,0,-0.0119385810293816,330.892333984375,0.453236011873442
2023-07-11,1,0,-0.0161127097740332,325.6034851074219,0.4511285172807773
2023-07-12,1,0,0.001926933787818,326.23150634765625,0.43371297685472987
2023-07-13,1,0,0.0141266560132805,330.8727722167969,0.48324984856647
2023-07-14,1,0,0.0160622808608058,336.2302551269531,0.47469338154233554
2023-07-17,1,0,0.0075011176542459,338.7618408203125,0.4568832174573664
2023-07-18,1,0,0.0014183830041724,339.24267578125,0.4480519012256877
2023-07-19,0,0,0.0390282226587973,352.7444763183594,0.4489745273434097
2023-07-20,0,0,-0.0123432151292688,348.417236328125,0.44871581637716873
2023-07-21,0,0,-0.0233931128003455,340.3612670898437,0.4570898259573507
2023-07-24,1,0,-0.008977266292901,337.3194274902344,0.4152364625926478
2023-07-25,1,0,0.0038903596576377,338.63427734375,0.43435542771374197
2023-07-26,0,0,0.0168663101072406,344.39422607421875,0.4369323878102711
2023-07-27,0,0,-0.0383642341569358,331.4320373535156,0.4951704203908226
2023-07-28,1,0,-0.021093036800522,324.51434326171875,0.49998345583342274
2023-07-31,0,0,0.0228679203933086,332.02081298828125,0.43556712914078366
2023-08-01,1,0,-0.0072670096479141,329.61676025390625,0.47474463274664513
2023-08-02,0,0,0.001249487330612,330.02886962890625,0.48417389121646115
2023-08-03,0,1,-0.0266345238034424,321.354736328125,0.5406722245399314
2023-08-04,1,1,-0.0025681200743513,320.530517578125,0.5218392762801578
2023-08-07,1,0,0.0034227282062608,321.6294860839844,0.4909662495333459
2023-08-08,0,0,0.0070832987548155,323.915771484375,0.46022505477497977
2023-08-09,0,0,-0.0123751182497,319.9319763183594,0.4906161260250398
2023-08-10,1,0,-0.0117851683988929,316.18365478515625,0.4853952481790188
2023-08-11,0,0,0.0021698898762176,316.8704833984375,0.4849735022689483
2023-08-14,1,1,-0.0059632073653778,314.9865417480469,0.5330863152117049
2023-08-15,0,0,0.0093946887336884,317.9596862792969,0.4633856498620197
2023-08-16,0,1,-0.0067502152163917,315.82061767578125,0.5077272747566798
2023-08-17,0,1,-0.0024316390766453,315.0535888671875,0.5001591349767995
2023-08-18,0,0,-0.0110469969780025,311.59234619140625,0.4857102611570221
2023-08-21,1,1,-0.0012630572953767,311.19903564453125,0.5584700134659447
2023-08-22,1,0,0.0169187993743542,316.5089416503906,0.4458089461423163
2023-08-23,1,0,0.0018001666308636,317.0792236328125,0.48267432506820884
2023-08-24,0,0,0.0139811395917933,321.5434875488281,0.44214841773930313
2023-08-25,1,0,-0.021733013409249,314.6307678222656,0.46202493386361687
2023-08-28,1,0,0.0093631751803269,317.5905456542969,0.499156459285058
2023-08-29,1,0,0.0022268288795925,318.2985534667969,0.47598492641009194
2023-08-30,1,0,0.0144456745684475,322.9299621582031,0.45642546993073974
2023-08-31,0,0,0.0011564155094238,323.3036193847656,0.44928647987380677
2023-09-01,1,0,-0.0031378193839122,322.2907409667969,0.42805099054648377
2023-09-05,1,0,0.0027422347452623,323.1757507324219,0.45487215333097303
2023-09-06,0,0,0.0147690235756071,327.9841613769531,0.4455710725306453
2023-09-07,0,0,-0.0020106015276964,327.32537841796875,0.44867974994543536
2023-09-08,1,0,-0.0089621739207082,324.4049377441406,0.4041776809523492
2023-09-11,1,0,0.01312911352208,328.6921691894531,0.4396724190993356
2023-09-12,0,0,0.0109193287749769,332.3009338378906,0.44874397600494653
2023-09-13,1,0,-0.0184265110776721,326.2338562011719,0.4097546082379652
2023-09-14,1,0,0.0128478506967127,330.4523010253906,0.4265425830585824
2023-09-15,0,0,0.0078250440467344,333.0482482910156,0.44212473355592596
2023-09-18,0,0,-0.0253555771583104,324.70977783203125,0.411290143776451
2023-09-19,0,0,-0.0035191250735038,323.569091796875,0.4294149375737999
2023-09-20,0,1,-0.0012466844390059,323.1659545898437,0.5081629854674128
2023-09-21,0,0,-0.0242690799167992,315.4174194335937,0.4783487001082535
2023-09-22,0,0,-0.003873062805114,314.1981506347656,0.45908495349118716
2023-09-25,1,1,-0.0079178995601427,311.7201843261719,0.5214259136055646
2023-09-26,0,1,0.0016705494824781,312.2413635253906,0.5183881732656613
2023-09-27,1,1,-0.0171519330982892,306.9314880371094,0.5448112484030283
2023-09-28,1,1,0.0020800559585403,307.5705871582031,0.5556049375258225
2023-09-29,1,0,0.0027138884496746,308.40643310546875,0.4692063459533017
2023-10-02,1,0,0.0067048547235436,310.481201171875,0.4699790154003103
2023-10-03,0,0,0.0189795371192362,316.4302673339844,0.45355209631948146
2023-10-04,1,0,-0.026481672775069,308.16064453125,0.4914126949493695
2023-10-05,1,0,0.0176170683829112,313.6376342773437,0.46429092326138005
2023-10-06,1,0,0.0012533400903455,314.0309753417969,0.48570945669080523
2023-10-09,1,0,0.0244359126410866,321.79913330078125,0.4238098503732037
2023-10-10,0,0,0.0077920604960576,324.31640625,0.4611546143089121
2023-10-11,1,0,-0.0043449987198446,322.9103088378906,0.4571134084867162
2023-10-12,0,0,0.0121972566123924,326.873046875,0.422612716549295
2023-10-13,0,0,-0.0037974252600486,325.6341247558594,0.43483696693258544
2023-10-16,1,0,-0.0104117536147824,322.26129150390625,0.43768231064603985
2023-10-17,0,0,0.0148709910013753,327.0894470214844,0.44750817462206716
2023-10-18,0,0,-0.0017454002090778,326.51904296875,0.41174528224325047
2023-10-19,1,0,-0.0058897088742391,324.6015930175781,0.42176763775050374
2023-10-20,0,1,0.003658680802421,325.7913818359375,0.5009008049700179
2023-10-23,1,0,-0.0141340332404057,321.2190246582031,0.45969142089750314
2023-10-24,1,0,0.0080793199216095,323.82476806640625,0.4290201362824241
2023-10-25,1,0,0.0036672537644685,325.0144958496094,0.43536385556409796
2023-10-26,0,0,0.0302171113418972,334.9853820800781,0.43901537580949335
2023-10-27,1,0,-0.0382358802247292,322.418701171875,0.4380930781811258
2023-10-30,1,0,0.0058384748333808,324.306640625,0.4602666780015917
2023-10-31,1,0,0.0224853691151976,331.681396484375,0.46368716477344224
2023-11-01,1,0,0.0023690840926292,332.4681091308594,0.4449171954174025
2023-11-02,1,0,0.0232697022702679,340.2952575683594,0.43537141922796085
2023-11-03,1,0,0.0064804658816069,342.5076904296875,0.4423671141112736
2023-11-06,1,0,0.0127799006043412,346.9129943847656,0.40782957546835114
2023-11-07,1,0,0.0105169647988409,350.5807189941406,0.42679058140747583
2023-11-08,1,0,0.0111567960379826,354.51397705078125,0.41582121030759533
2023-11-09,0,0,0.0073784210848253,357.139404296875,0.4081252408085233
2023-11-10,1,0,-0.0069346763123723,354.6713256835937,0.4276266266903433
2023-11-13,0,0,0.0245918093238324,363.50146484375,0.40896692012981556
2023-11-14,1,0,-0.0081211464204311,360.5613708496094,0.42013433747113205
2023-11-15,1,0,0.009742922680486,364.0914611816406,0.429211201469931
2023-11-16,1,0,0.0004059341187132,364.2392883300781,0.4156851622200716
2023-11-17,0,0,0.0174303709178607,370.6437683105469,0.4235703548339216
2023-11-20,1,0,-0.016943701870508,364.4165954589844,0.44429594297883507
2023-11-21,0,0,0.0203141488403772,371.8951110839844,0.4374188982020316
2023-11-22,1,0,-0.0116455878743509,367.58929443359375,0.4578933533884975
2023-11-24,0,0,0.012731221786452,372.299072265625,0.4335150923591964
2023-11-27,1,0,-0.001112221588206,371.8852233886719,0.41466895983700097
2023-11-28,1,0,0.003121514205598,373.0478820800781,0.39566123404398834
2023-11-29,0,0,0.010744803185551,377.0778198242187,0.41987009088917526
2023-11-30,1,0,-0.0101110070971743,373.2843933105469,0.4061765106491878
2023-12-01,0,0,0.0001583454061048,373.343505859375,0.4466186052909169
2023-12-04,0,0,-0.0116801974658771,369.0081481933594,0.4749549583634941
2023-12-05,1,0,-0.0144425201328334,363.717041015625,0.4474217248775416
2023-12-06,0,0,0.0091146063577646,367.0473327636719,0.47286253943478473
2023-12-07,1,0,-0.0100361369022772,363.3820190429687,0.40979490215099146
2023-12-08,1,0,0.0058128566762322,365.5004577636719,0.42567147147335216
2023-12-11,0,0,0.0088032915883605,368.7322692871094,0.4702015665693194
2023-12-12,1,0,-0.0078603226889106,365.8452758789063,0.438440750649603
2023-12-13,0,1,0.0082610660761431,368.8800659179687,0.5241717027394457
2023-12-14,0,0,-2.6722261105155112e-05,368.8702087402344,0.45572873194363556
2023-12-15,1,0,-0.0228024696962763,360.5542297363281,0.4676353904371665
2023-12-18,1,0,0.0130317466914952,365.28363037109375,0.4127366328474887
2023-12-19,1,0,0.0051657488956352,367.1754760742187,0.47899490968963787
2023-12-20,0,1,0.0016356832315534,367.7765502929687,0.5073559234532642
2023-12-21,1,0,-0.0070978933119957,365.1753540039063,0.4489185366286357
2023-12-22,1,0,0.0078475726928772,368.0523681640625,0.47329523962453607
2023-12-26,1,1,0.002780463705686,369.0771484375,0.5013899512910125
2023-12-27,0,0,0.0002134729199683,369.1559448242187,0.45578554730655396
2023-12-28,1,1,-0.0015759939937635,368.5746154785156,0.514134913974561
2023-12-29,1,1,0.003229567325892,369.7668762207031,0.5159509906671198
