Date,Actual,Predicted,Log_Return,Close,Proba_0,Proba_1,Proba_2
2016-03-16,0.0,0.0,0.0078682911745766,47.260887145996094,0.2704648683937023,0.49388753440472277,0.23564759906422017
2016-03-17,0.0,0.0,0.0140818956357983,47.93111801147461,0.2823727071605777,0.4168834175671309,0.3007438864481625
2016-03-18,-1.0,0.0,0.0056876408266602,48.20450973510742,0.27865346963980997,0.43154973630258286,0.28979678288173627
2016-03-21,0.0,0.0,-0.0216375085566429,47.17268753051758,0.2632648488771276,0.45007726335886733,0.28665787658813435
2016-03-22,0.0,0.0,0.0068935986600023,47.499000549316406,0.2589249742769929,0.4907334736833929,0.2503415613528401
2016-03-23,0.0,0.0,0.0038912023921048,47.68418884277344,0.269836995833102,0.4883106359046435,0.2418523570863837
2016-03-24,1.0,0.0,-0.0018511339454558,47.59600067138672,0.2876480996873304,0.46357573403094243,0.24877617186966267
2016-03-28,1.0,0.0,0.0044372015014056,47.80766296386719,0.30655228703826404,0.4553463835772984,0.23810133310972798
2016-03-29,1.0,0.0,-0.0124364867916226,47.2167854309082,0.28933034783229933,0.4238838033353627,0.28678584138175767
2016-03-30,0.0,0.0,0.0216172799744771,48.24859619140625,0.3770184238558445,0.38051666925508637,0.24246491620229507
2016-03-31,0.0,0.0,0.0061955451753852,48.5484504699707,0.3500068082315827,0.42174358401789924,0.22824959471200207
2016-04-01,-1.0,0.0,0.0032643315418669,48.70718765258789,0.35416898159754007,0.4079537614501343,0.23787727185348684
2016-04-04,-1.0,0.0,0.006137157545851,49.00703048706055,0.34814453360814257,0.40872854094660593,0.24312692171996123
2016-04-05,-1.0,0.0,-0.0025224637424623,48.883567810058594,0.3364753124271012,0.3888854300677624,0.27463926123042676
2016-04-06,0.0,0.0,-0.0158197789201592,48.11632537841797,0.3556273544081342,0.3587169194106722,0.2856557224559034
2016-04-07,-1.0,-1.0,0.0102114474746135,48.61017990112305,0.40495948280407035,0.3124886814910006,0.28255182080376806
2016-04-08,1.0,-1.0,-0.0120460204067802,48.028133392333984,0.3705289633645655,0.3074825466893022,0.3219884899461325
2016-04-11,1.0,-1.0,-0.000734724904728,47.99285888671875,0.4253206358707795,0.22128395698411202,0.35339540341981845
2016-04-12,1.0,-1.0,-0.0020233411115382,47.89585113525391,0.4280093857431386,0.20715743577102327,0.3648331822111287
2016-04-13,1.0,-1.0,0.0062407948029626,48.19569396972656,0.46109330324010567,0.2224847781487223,0.31642191861117225
2016-04-14,1.0,-1.0,0.0127274537555594,48.81302261352539,0.5043100894512513,0.22934621785150655,0.26634368524666174
2016-04-15,1.0,-1.0,0.0001805864281508,48.82183837890625,0.5039889419100914,0.20561441513053386,0.29039665040995555
2016-04-18,1.0,-1.0,0.0052248138126709,49.07759094238281,0.42141928150512803,0.22928562033701536,0.34929510933372787
2016-04-19,-1.0,-1.0,0.0144503349025208,49.79192733764648,0.4252223641568254,0.2576583519216957,0.31711929509734993
2016-04-20,-1.0,-1.0,-0.0012406703142106,49.73019027709961,0.4313444824472978,0.2738164836953388,0.2948390264067829
2016-04-21,-1.0,-1.0,-0.0142882540715502,49.02468490600586,0.4432653692057903,0.24643410062186988,0.31030053017234005
2016-04-22,-1.0,-1.0,0.003411899005399,49.19223785400391,0.43910736578417897,0.25366929907856073,0.3072233276866799
2016-04-25,-1.0,-1.0,-0.0744114525948672,45.66464614868164,0.4269504174101121,0.21688633412130012,0.3561632596444588
2016-04-26,-1.0,-1.0,0.0063527489245961,45.955665588378906,0.39738071000335184,0.22767955679699886,0.374939725749069
2016-04-27,-1.0,1.0,-0.0129406772921566,45.36479949951172,0.36774265740537504,0.2420195450315679,0.39023780128834773
2016-04-28,-1.0,1.0,-0.0097678609624165,44.9238395690918,0.3055110904541093,0.2655004006716122,0.42898849769840786
2016-04-29,0.0,1.0,-0.0206270852390302,44.006683349609375,0.27248362095028167,0.30191821118872647,0.4255981529598307
2016-05-02,0.0,1.0,-0.0006015112359478,43.98022079467773,0.26263576580663034,0.3119211580156704,0.42544306872711873
2016-05-03,0.0,0.0,0.0147293748164462,44.63281631469727,0.2595746303535088,0.4091654195423954,0.33125994265351544
2016-05-04,0.0,0.0,-0.0165356480031538,43.90085220336914,0.3136776458988426,0.3440059555390688,0.34231639483679827
2016-05-05,0.0,0.0,0.0018062731867075,43.98022079467773,0.2236382413708726,0.4335394225715366,0.34282235095875213
2016-05-06,1.0,0.0,0.0014026750892456,44.041954040527344,0.21310896774490903,0.47577909343936314,0.31111193322779246
2016-05-09,0.0,0.0,0.0089703852691649,44.43880462646485,0.20395911438238978,0.5183929852922148,0.27764790032539555
2016-05-10,1.0,0.0,-0.0063704652207699,44.15660858154297,0.19467525118999457,0.5004451919338583,0.3048795550135021
2016-05-11,0.0,0.0,0.0187957766564859,44.994415283203125,0.16807573890581012,0.5613417751284343,0.2705824794464977
2016-05-12,0.0,0.0,0.0005876179584529,45.0208625793457,0.17364529541907964,0.5100326569403131,0.31632205695383325
2016-05-13,0.0,0.0,0.0089706127592591,45.426544189453125,0.16460201679278183,0.5635284819522902,0.2718695087055085
2016-05-16,0.0,0.0,-0.00838317052887,45.04731750488281,0.18055418445477112,0.5223067007017641,0.29713911856875524
2016-05-17,-1.0,0.0,0.0145761780238872,45.708744049072266,0.1736631323485639,0.5774984648956174,0.24883840834375417
2016-05-18,0.0,0.0,-0.0188279419004235,44.85619354248047,0.1837180372954819,0.5149992985510436,0.3012826716040552
2016-05-19,0.0,0.0,0.0059219910924499,45.12261962890625,0.24110863472019584,0.4499530344934752,0.3089383233357485
2016-05-20,1.0,1.0,-0.0096907832043454,44.68745803833008,0.23486566229167843,0.2972806448211187,0.4678536966124932
2016-05-23,-1.0,1.0,0.0059442007695687,44.953880310058594,0.23765176983751557,0.30503835981081573,0.45730986662637846
2016-05-24,1.0,1.0,-0.0117240472952525,44.42991638183594,0.22276639950102944,0.2258916906984025,0.5513419004873426
2016-05-25,1.0,0.0,0.0307054775898809,45.8153190612793,0.3099692144842601,0.41531653820040604,0.27471425476591455
2016-05-26,0.0,0.0,0.0102205173825147,46.28597640991211,0.3467911819494186,0.36843577587595694,0.2847730347240441
2016-05-27,1.0,0.0,-0.0044225560041269,46.08172607421875,0.35309424918296783,0.3664425407815495,0.2804631988596119
2016-05-31,0.0,0.0,0.0082525756697233,46.46359252929688,0.3475647296736669,0.38892270321089917,0.26351257084072444
2016-06-01,-1.0,0.0,0.0129133095093622,47.067481994628906,0.3637305362829159,0.408256571289309,0.22801290360364626
2016-06-02,-1.0,0.0,-0.002834269171545,46.934268951416016,0.31819938015481813,0.4676705123009416,0.2141301075442404
2016-06-03,-1.0,0.0,-0.0070252894662851,46.60569763183594,0.3215394442502883,0.41928405970540517,0.2591765034948873
2016-06-06,0.0,1.0,-0.0132354134750353,45.99291610717773,0.30171952726564055,0.3335942338112518,0.3646862426483981
2016-06-07,-1.0,1.0,0.0065439005917731,46.29487609863281,0.33917513418707246,0.3081317749472256,0.3526930871404119
2016-06-08,-1.0,-1.0,-0.0005758945161981,46.26822280883789,0.4348676598747713,0.26783756170685696,0.29729478214366245
2016-06-09,-1.0,-1.0,-0.0011522896966789,46.21493911743164,0.42977289718615624,0.2524409703119983,0.3177861213259749
2016-06-10,-1.0,1.0,-0.0081036707151438,45.841941833496094,0.37371940999624564,0.22479165532001366,0.4014889384090314
2016-06-13,-1.0,1.0,-0.0027155490210291,45.71762466430664,0.3900694261514612,0.20858751304428547,0.40134305707896345
2016-06-14,0.0,1.0,-0.0263741628901204,44.52762222290039,0.31459237888447666,0.17543980010178453,0.5099678191510937
2016-06-15,1.0,1.0,-0.006202108667641,44.25231170654297,0.2942974187882224,0.17359837553774357,0.532104203811389
2016-06-16,1.0,1.0,-0.0028136664562755,44.12797546386719,0.3094202441499242,0.16503524669548275,0.5255445017040128
2016-06-17,1.0,1.0,0.0139892303685369,44.749629974365234,0.3204113073571725,0.14636575306035798,0.5332229339945345
2016-06-20,1.0,1.0,-0.0051730871001526,44.51873397827149,0.3644854311439676,0.13895811535159472,0.49655645909237345
2016-06-21,1.0,1.0,-0.0011975992860928,44.465450286865234,0.3605015472262938,0.13843051585093238,0.5010679304035162
2016-06-22,-1.0,1.0,0.0221223226305464,45.46009063720703,0.3475252999640915,0.20469194672680013,0.4477827533091088
2016-06-23,1.0,1.0,-0.0039149832815713,45.28246307373047,0.3959693316575028,0.18423011821340268,0.4198005501290951
2016-06-24,-1.0,-1.0,0.0178818341487656,46.09947967529297,0.3915335741937257,0.24546497480112883,0.3630014435545653
2016-06-27,-1.0,1.0,-0.0408940510237565,44.25231170654297,0.28873117392918934,0.23629289722975882,0.4749759213904715
2016-06-28,1.0,1.0,-0.0284977100086703,43.0090217590332,0.26697573421352794,0.26144706971498655,0.47157719979677604
2016-06-29,1.0,1.0,0.0206402607015585,43.90596389770508,0.25853320394206825,0.21567720285471403,0.5257895783020567
2016-06-30,0.0,1.0,0.0220051885870353,44.88283157348633,0.2409686399705126,0.2953587492060571,0.4636726108234305
2016-07-01,0.0,0.0,0.0123882653968273,45.44231033325195,0.22853907165139947,0.4101494280661312,0.3613115040077598
2016-07-05,1.0,0.0,-0.0001950254250742,45.43344879150391,0.2216192491966331,0.40540631867459587,0.3729744321287713
2016-07-06,1.0,1.0,0.0001950254250742,45.44231033325195,0.23238241395453305,0.34314794348525246,0.4244696313843437
2016-07-07,1.0,1.0,0.0040959686943461,45.62882232666016,0.23997981096457427,0.3610453310599728,0.39897486170074326
2016-07-08,1.0,1.0,0.0,45.62882232666016,0.25371728669313265,0.3522188067787244,0.39406389907756256
2016-07-11,1.0,0.0,0.017747211959734,46.44583511352539,0.2981479875057003,0.3774080969599518,0.3244439229849285
2016-07-12,1.0,-1.0,0.0055295090354597,46.703369140625,0.3533735048944775,0.32935800777831226,0.31726847987662987
2016-07-13,0.0,-1.0,0.0117207113482645,47.25398635864258,0.3607470260456669,0.3531261869747551,0.28612678325428786
2016-07-14,1.0,0.0,0.0056221761067556,47.52040481567383,0.33402655254074887,0.34755757794848585,0.3184158695107654
2016-07-15,1.0,-1.0,0.0042889499752375,47.72465515136719,0.4195237230800031,0.3132306077316781,0.26724567663889975
2016-07-18,1.0,-1.0,-0.0007446780910904,47.68912887573242,0.41213108202123505,0.32627754352639915,0.2615913744523661
2016-07-19,-1.0,-1.0,0.0048298478735437,47.92001724243164,0.3963925396908343,0.31852533192209365,0.2850821321123626
2016-07-20,1.0,-1.0,-0.0162543703865264,47.147403717041016,0.4303818242704282,0.28597416178593343,0.28364399717983235
2016-07-21,0.0,0.0,0.0517547431447258,49.65175247192383,0.2576439160379737,0.49766116865474563,0.24469490040611952
2016-07-22,0.0,0.0,-0.0019694533930391,49.55406188964844,0.24053834591937673,0.5293185607038646,0.2301431082779199
2016-07-25,0.0,0.0,0.0137053326949093,50.237892150878906,0.23459508437689566,0.546215284560939,0.21918962733687494
2016-07-26,0.0,0.0,0.0028239692563012,50.37996292114258,0.22806958302055988,0.5582654445386366,0.21366497989138408
2016-07-27,0.0,0.0,0.0005284514765367,50.40659332275391,0.2319419836212091,0.5380816112767441,0.22997640137675646
2016-07-28,0.0,0.0,-0.0100926968565735,49.9004135131836,0.23272429083050278,0.4238311999101197,0.343444501808797
2016-07-29,1.0,1.0,0.0003556409464207,49.91816329956055,0.26279542296562336,0.3545232944489039,0.38268128631076326
2016-08-01,1.0,1.0,0.0083269277774323,50.33556365966797,0.24833414876526222,0.31919702704753655,0.43246883163778205
2016-08-02,1.0,1.0,-0.0017658406445509,50.24675750732422,0.29552392393627847,0.3204476648215505,0.38402841496746154
2016-08-03,1.0,1.0,0.0,50.24675750732422,0.33420408409704216,0.3033501539304066,0.36244574334609997
2016-08-04,1.0,1.0,0.0068694415948037,50.59311294555664,0.34661003904177085,0.2764799058092051,0.3769100458357984
2016-08-05,0.0,1.0,0.007344848522197,50.96607971191406,0.3204478198312609,0.2418831715277531,0.43766901702288946
2016-08-08,0.0,-1.0,0.0098832976140935,51.4722900390625,0.42739775270265556,0.26954038654465184,0.3030618570274025
2016-08-09,0.0,-1.0,0.0017237589905893,51.56109237670898,0.4395731010318769,0.2583620106551535,0.30206488086238936
2016-08-10,0.0,-1.0,0.0024083849288961,51.68542098999024,0.4655438056331897,0.2518529373674323,0.2826032458235074
2016-08-11,0.0,1.0,-0.0030974875837213,51.52557373046875,0.34883906826409217,0.21678485982430284,0.4343760625983797
2016-08-12,0.0,-1.0,0.0048141445476978,51.77422332763672,0.4849891657689095,0.22423484299163993,0.2907760061406123
2016-08-15,0.0,1.0,-0.0061941467692523,51.45451736450195,0.38070537272852834,0.20554905186177208,0.4137455614398614
2016-08-16,0.0,-1.0,0.0031021279855059,51.614383697509766,0.44400323408746034,0.1856795798954851,0.370317197192926
2016-08-17,0.0,-1.0,-0.0055557429820121,51.32842254638672,0.46298766889859283,0.16642333779431992,0.3705889942384103
2016-08-18,0.0,-1.0,0.0020870873252178,51.43566131591797,0.4451540431742931,0.16360551133068318,0.391240461327508
2016-08-19,1.0,-1.0,0.0006944571634568,51.47139358520508,0.44106384754363626,0.163687294056456,0.3952488528119728
2016-08-22,1.0,-1.0,0.000347158944743,51.48926544189453,0.4439235014557907,0.1568129092959727,0.39926360414939843
2016-08-23,1.0,-1.0,0.0008674814900826,51.53395080566406,0.4410141928304473,0.15552768054210978,0.40345814152860465
2016-08-24,0.0,-1.0,0.0038077383533401,51.73055267333984,0.4419993920134169,0.1590794107063583,0.3989212047308058
2016-08-25,-1.0,-1.0,0.0010357550876371,51.78416061401367,0.4356671943091795,0.15658014353024335,0.40775266961115814
2016-08-26,-1.0,-1.0,0.0037890080703083,51.980743408203125,0.46620943896323847,0.1604364508913818,0.37335410828273496
2016-08-29,-1.0,-1.0,-0.0024094717893535,51.85564804077149,0.48121977662864035,0.14876766549346354,0.37001254856467086
2016-08-30,-1.0,1.0,0.0012054983263639,51.91819763183594,0.3628758489322243,0.1507124911940145,0.48641166639301964
2016-08-31,-1.0,1.0,-0.0036207896949558,51.73055267333984,0.3747872973363654,0.14041521366256585,0.4847974759625531
2016-09-01,0.0,-1.0,-0.0074557975181155,51.34629440307617,0.4483696753686446,0.11598330922087854,0.4356469986466709
2016-09-02,-1.0,1.0,0.0022600534927291,51.46247100830078,0.4236235829623364,0.10755164151074464,0.4688247736642742
2016-09-06,-1.0,1.0,0.001388005672046,51.53395080566406,0.40434111031967956,0.1308346202812377,0.4648242787123089
2016-09-07,-1.0,1.0,-0.0010409347474023,51.4803352355957,0.4239050808165234,0.10920552396998635,0.46688940732068407
2016-09-08,-1.0,1.0,0.000867557869536,51.52501678466797,0.417970592021091,0.1292739025330541,0.4527555222096616
2016-09-09,-1.0,1.0,-0.0039968792162083,51.31948852539063,0.4224143284308355,0.10775325346131683,0.46983240879462235
2016-09-12,1.0,1.0,-0.0214724023562923,50.22928237915039,0.30822782951334377,0.10409561752202068,0.5876765492393455
2016-09-13,-1.0,1.0,0.0148337224592465,50.979923248291016,0.38067780560751774,0.10540969725083207,0.5139125101801666
2016-09-14,1.0,1.0,-0.0091569016347433,50.515235900878906,0.3777796817179037,0.10404748785556314,0.5181728276325657
2016-09-15,1.0,-1.0,-0.0047875126745365,50.27397155761719,0.4798748330626134,0.09972291779563774,0.4204022416911686
2016-09-16,1.0,-1.0,0.0163953742220504,51.10502624511719,0.5482360421926213,0.1208136569142072,0.33095031020639776
2016-09-19,0.0,-1.0,0.0010485752368927,51.15864181518555,0.5539785236606317,0.12374747430195793,0.3222740113506365
2016-09-20,1.0,-1.0,-0.0056052247894956,50.87268829345703,0.5555079475876568,0.11022486422030656,0.33426718912335973
2016-09-21,1.0,-1.0,-0.002109982639396,50.76546096801758,0.5474066180284647,0.11860773278530197,0.33398563987300794
2016-09-22,-1.0,-1.0,0.0165841663288607,51.614383697509766,0.5750156362791768,0.1520392531838904,0.2729451040176753
2016-09-23,-1.0,-1.0,0.0010380850617287,51.6679916381836,0.5862643128788965,0.15580344664348164,0.25793225072217074
2016-09-26,-1.0,-1.0,-0.0067678992143153,51.31948852539063,0.5159963913417938,0.1686630606028908,0.3153405443300256
2016-09-27,1.0,-1.0,-0.0092715042345467,50.84587860107422,0.5303908887753348,0.11244543054573632,0.35716367229702617
2016-09-28,-1.0,-1.0,0.0182852537695987,51.78416061401367,0.38010059740471575,0.2878516188427944,0.33204776885132914
2016-09-29,-1.0,-1.0,0.0013795362809549,51.85564804077149,0.4171080802900382,0.2717432288239125,0.3111486908860497
2016-09-30,0.0,1.0,-0.0109155324639065,51.29269409179688,0.38703881435590354,0.20740080843747055,0.40556036975604587
2016-10-03,0.0,1.0,0.0034778623071488,51.47139358520508,0.38802518974756806,0.2094860124443194,0.4024887903575325
2016-10-04,0.0,1.0,-0.0031297914811491,51.31055068969727,0.3894131174552756,0.19516795268691028,0.41541892985781453
2016-10-05,1.0,1.0,-0.0031396924174259,51.14970397949219,0.4034237630356657,0.15088761738972034,0.4456886139866789
2016-10-06,0.0,1.0,0.0069636072490216,51.50713348388672,0.39029542556939034,0.20038559290473315,0.40931897035000603
2016-10-07,-1.0,1.0,0.0017336839574853,51.59650802612305,0.3863280507555735,0.2013454609901467,0.4123264882542803
2016-10-10,-1.0,1.0,0.001038518377364,51.65011978149414,0.3764335543397743,0.2083883879890173,0.4151780669844346
2016-10-11,-1.0,-1.0,0.0041436159947574,51.86458206176758,0.38102602676824204,0.2906370476456898,0.32833691068490733
2016-10-12,0.0,1.0,-0.0147532773235781,51.10502624511719,0.3683997955554644,0.14922742737870032,0.48237277334054546
2016-10-13,0.0,1.0,-0.0013998876086765,51.03353500366211,0.3885322991704857,0.11284056363538765,0.4986271334688367
2016-10-14,1.0,1.0,-0.0033323926381737,50.86375427246094,0.3912843323418972,0.11503171214200981,0.4936839499281579
2016-10-17,1.0,1.0,0.0087458244092257,51.31055068969727,0.3961639880013248,0.1288556900720975,0.474980326583191
2016-10-18,1.0,1.0,-0.0034891564077489,51.131832122802734,0.3917289052229964,0.1100974117539269,0.4981736848857222
2016-10-19,1.0,1.0,0.0076602114458571,51.52501678466797,0.394281758482086,0.1482146872381239,0.45750355986772595
2016-10-20,1.0,1.0,-0.0022570843250233,51.40885162353515,0.38685729452065043,0.1432052930804097,0.46993741426158536
2016-10-21,1.0,1.0,-0.0048789396385675,51.15864181518555,0.38405389462917344,0.11625518367796489,0.4996909244868299
2016-10-24,1.0,-1.0,0.041234316368139,53.31222915649414,0.5128707445401767,0.22566934465144647,0.26145990894573196
2016-10-25,-1.0,-1.0,0.0222120269990262,54.50965118408203,0.4328733782404988,0.2651874458392324,0.3019391777829141
2016-10-26,-1.0,-1.0,-0.0001639113994669,54.50071716308594,0.4195231874580311,0.3133954139599423,0.26708140603260744
2016-10-27,-1.0,-1.0,-0.0059202540478404,54.179012298583984,0.44178463850439037,0.29578318199973647,0.2624321683200026
2016-10-28,-1.0,1.0,-0.0087798651029444,53.70541000366211,0.3587672446929591,0.2789184950669453,0.36231427514125714
2016-10-31,-1.0,1.0,-0.0038345117821075,53.49987030029297,0.3508876824053815,0.24964539087809548,0.3994669323044589
2016-11-01,-1.0,-1.0,0.0008346088745601,53.54454040527344,0.4529885310012003,0.2287999016890144,0.31821157662301136
2016-11-02,-1.0,-1.0,-0.0020043041648184,53.43732833862305,0.525444672747758,0.23966221069071014,0.23489312028682263
2016-11-03,-1.0,-1.0,-0.006206635600293,53.106689453125,0.48943801974764156,0.2250108469658163,0.28555112397331683
2016-11-04,1.0,-1.0,-0.0037085259449751,52.91010665893555,0.48897461330404945,0.2128295599467578,0.2981958304744835
2016-11-07,1.0,-1.0,-0.0084806635812993,52.46329116821289,0.501792629536769,0.1698995411200538,0.3283078237552423
2016-11-08,-1.0,-1.0,0.0287101779082103,53.99135208129883,0.4405684360343096,0.20989225722485738,0.3495393123287689
2016-11-09,-1.0,-1.0,0.0008270851892819,54.03602600097656,0.42199434249253576,0.2204710569325714,0.35753459312431274
2016-11-10,-1.0,-1.0,-0.0049734419353188,53.767948150634766,0.43114102167976764,0.26682002555417095,0.30203894531548137
2016-11-11,1.0,1.0,-0.0247341265619063,52.4543571472168,0.3118198888405947,0.30970464090997896,0.3784754702494266
2016-11-14,-1.0,1.0,0.005436523034639,52.74030303955078,0.2912048136651425,0.35142291765058564,0.3573722649589818
2016-11-15,1.0,1.0,-0.015366470977573,51.936065673828125,0.34195619096722907,0.18007585848742635,0.4779679552019577
2016-11-16,1.0,1.0,0.0195548429881232,52.96166229248047,0.30012692388754947,0.29857970309227155,0.4012933841960501
2016-11-17,1.0,-1.0,0.0131623139493027,53.663368225097656,0.3705615452607087,0.28090303002877487,0.34853540980935543
2016-11-18,0.0,1.0,0.0164607193939747,54.55401611328125,0.3477204739625904,0.2941392525351925,0.3581402809527978
2016-11-21,0.0,-1.0,-0.0047940731667536,54.29310607910156,0.3528200086732014,0.321371252374137,0.325808753853823
2016-11-22,0.0,0.0,0.0084154342039071,54.75193405151367,0.33594478639285674,0.3729960820266828,0.2910591353057508
2016-11-23,-1.0,0.0,0.0042627933557684,54.9858283996582,0.35135615831994355,0.38150460570242223,0.2671392434282149
2016-11-25,-1.0,0.0,-0.0118499806492523,54.33809280395508,0.3435289314849419,0.3695339901532907,0.2869370746364773
2016-11-28,-1.0,-1.0,0.0021499708065659,54.45504379272461,0.36222428055035805,0.2834262736443999,0.3543494458052423
2016-11-29,-1.0,-1.0,0.0013210126631071,54.52702713012695,0.3727025674089778,0.26491472225534013,0.36238270661039207
2016-11-30,-1.0,-1.0,0.0078884578849814,54.9588623046875,0.37048530712513966,0.29254479806377265,0.33696988736050737
2016-12-01,-1.0,1.0,-0.0136798836275887,54.21215057373047,0.3516735891048477,0.24556032096352823,0.4027660936569147
2016-12-02,1.0,1.0,-0.0177466606637078,53.25855255126953,0.3344020191605579,0.197255063752448,0.4683429077737685
2016-12-05,1.0,1.0,0.0008439710841621,53.30352020263672,0.3249436304224191,0.22552903463322044,0.44952734053229626
2016-12-06,1.0,1.0,0.016238776242303,54.17617034912109,0.36109197939485377,0.21533821259822478,0.4235697968310507
2016-12-07,1.0,1.0,-0.0044938300914849,53.93325805664063,0.3627692822737343,0.20052793217764442,0.4367027743727507
2016-12-08,1.0,-1.0,0.0234103709820917,55.210750579833984,0.40287694771394345,0.26067572708684184,0.33644731774863423
2016-12-09,1.0,-1.0,-0.0058833700251196,54.88687896728515,0.37336149160620946,0.27333572598873734,0.3533027861303437
2016-12-12,1.0,-1.0,0.0156126002024422,55.75053024291992,0.36684572771717716,0.3139126451615458,0.31924163829714813
2016-12-13,1.0,-1.0,0.0032223138681676,55.93046569824219,0.38873859105703873,0.3417086840402123,0.2695527174521684
2016-12-14,0.0,-1.0,0.0129444446089531,56.65916061401367,0.4722098543548836,0.22932756102569585,0.29846257716883995
2016-12-15,1.0,-1.0,-0.0047746385033952,56.389278411865234,0.36792341984911586,0.2680727164811587,0.3640038636697256
2016-12-16,1.0,-1.0,-0.0015966482654612,56.29931640625,0.3830384227037854,0.3137105669826021,0.30325099913774184
2016-12-19,1.0,-1.0,-0.0044843340688025,56.04741668701172,0.3870028135614313,0.33193996465138104,0.28105723668834903
2016-12-20,0.0,-1.0,0.0209665512697399,57.23494338989258,0.5532268789738595,0.2146513253043905,0.23212180503497598
2016-12-21,0.0,-1.0,-0.0012583397167096,57.162967681884766,0.5459822644888093,0.21980048935484087,0.23421726105751117
2016-12-22,0.0,-1.0,0.0,57.162967681884766,0.553575114048859,0.20630820797346644,0.24011667238973938
2016-12-23,-1.0,-1.0,0.0001574124466583,57.171966552734375,0.5590359094191261,0.20266196278191181,0.23830212221102687
2016-12-27,-1.0,-1.0,-0.0048901380380276,56.89307022094727,0.4433378347948782,0.24026340889212933,0.3163987637635733
2016-12-28,-1.0,-1.0,0.0006322855186455,56.92905426025391,0.4260069135013307,0.18446105090425607,0.3895320477016069
2016-12-29,-1.0,-1.0,-0.0045934059292601,56.668155670166016,0.4521296233624332,0.21366111881095204,0.33420925782661526
2016-12-30,-1.0,-1.0,-0.0014294756077687,56.58720779418945,0.5390461683003431,0.17394506734171772,0.2870087531820687
2017-03-16,-1.0,-1.0,0.0052650044730781,58.60468292236328,0.5053194424038255,0.12472261867425288,0.3699579426472119
2017-03-17,-1.0,-1.0,-0.001700346524565,58.50511932373047,0.5030707094774036,0.11959813535176811,0.37733116634669905
2017-03-20,-1.0,-1.0,0.0035518013685343,58.713287353515625,0.5186029860197212,0.12654340765580283,0.354853606324476
2017-03-21,-1.0,-1.0,0.0009243137265475,58.76758193969727,0.5216880263503474,0.13370367151667192,0.34460830213298066
2017-03-22,1.0,-1.0,-0.0111506554612592,58.11592483520508,0.520399524562186,0.11148211745296976,0.3681183579848442
2017-03-23,0.0,-1.0,0.012689887211221,58.85810852050781,0.5298226268596666,0.12539830795560303,0.34477907636060134
2017-03-24,1.0,-1.0,-0.0024635454765092,58.713287353515625,0.5037563314333814,0.13080521136226383,0.36543846838022553
2017-03-27,1.0,-1.0,0.0016943879098695,58.8128547668457,0.5047873596071379,0.13826842719731317,0.35694422437141965
2017-03-28,1.0,-1.0,0.001844842801014,58.92145538330078,0.49474987893624534,0.17060504206410815,0.3346450901755173
2017-03-29,0.0,-1.0,0.0029142574090116,59.09341812133789,0.4922381541269625,0.18777358635581404,0.31998825206664283
2017-03-30,0.0,-1.0,0.0027532936346617,59.256343841552734,0.488962462940545,0.1942601486141593,0.3167773847200054
2017-03-31,0.0,-1.0,0.0036590704471111,59.47356414794922,0.4699761021708914,0.19701188662754943,0.3330120112015591
2017-04-03,0.0,-1.0,0.0022801786329225,59.60932922363281,0.4924430329854381,0.19106399830486276,0.3164929687096991
2017-04-04,0.0,-1.0,-0.0047180063850546,59.32875442504883,0.4795156845890137,0.18898438478831275,0.33149993807325406
2017-04-05,0.0,-1.0,0.0027423872486828,59.49168014526367,0.48389772761232286,0.1978352665046601,0.31826700215772674
2017-04-06,-1.0,-1.0,-0.002590013516385,59.33779525756836,0.5019332372034331,0.17490763029810005,0.32315912132259594
2017-04-07,-1.0,-1.0,0.0025900135163849,59.49168014526367,0.5054468795374905,0.17711248789317105,0.317440640019919
2017-04-10,-1.0,-1.0,-0.0007611556230826,59.446414947509766,0.5049192785388681,0.17438970769358533,0.32069100259167554
2017-04-11,-1.0,-1.0,-0.0022864989817558,59.310646057128906,0.4944772806644035,0.16718617815999012,0.3383365523514773
2017-04-12,-1.0,-1.0,-0.0007631579563275,59.26539993286133,0.5197767288031021,0.12863662549408722,0.3515866568786815
2017-04-13,0.0,-1.0,-0.003825196585643,59.03913116455078,0.5102699494844026,0.11856556689416267,0.37116448362143467
2017-04-17,1.0,-1.0,-0.004302065856089,58.78568649291992,0.521960642294093,0.10804859563477645,0.36999076207113046
2017-04-18,-1.0,-1.0,0.008127262441732,59.26539993286133,0.5302131693543595,0.11542289850870344,0.35436394331280796
2017-04-19,-1.0,-1.0,-0.0013752310603286,59.18395233154297,0.5164577641939614,0.1186515832858577,0.3648906525201808
2017-04-20,1.0,-1.0,-0.0053670361331011,58.86716079711914,0.5209310431687785,0.11020592919610331,0.3688630220471827
2017-04-21,1.0,-1.0,0.0070476388767401,59.28350067138672,0.5159634478628199,0.11689747618935452,0.36713907594782547
2017-04-24,1.0,-1.0,0.0136470469923135,60.09809112548828,0.5326099400213118,0.16866203185675332,0.29872802812193494
2017-04-25,1.0,-1.0,0.0168745291542716,61.12082290649414,0.5147795672859222,0.20347418072518533,0.28174625198889247
2017-04-26,1.0,-1.0,0.0057587802227647,61.473819732666016,0.47520192690206475,0.23971689386377165,0.28508117550887324
2017-04-27,1.0,-1.0,-0.001325855863858,61.39236831665039,0.4693037229089053,0.24607282688806034,0.284623446477744
2017-04-28,1.0,-1.0,0.0064656518236261,61.79059600830078,0.4939481758202296,0.2777003432741376,0.2283514771803425
2017-05-01,1.0,-1.0,0.0027791882713931,61.96256256103515,0.48761387627248054,0.2925095273248751,0.21987659267735404
2017-05-02,-1.0,-1.0,0.0137813717914788,62.82240295410156,0.49772854814831835,0.3040183653263699,0.198253090250602
2017-05-03,-1.0,-1.0,-0.0015860994438973,62.72283935546875,0.49598648573762466,0.30994754886527887,0.19406596912238677
2017-05-04,0.0,-1.0,-0.0031794609717038,62.52373123168945,0.4803682391357799,0.31678384423173633,0.20284790918190315
2017-05-05,0.0,-1.0,-0.0039162696995734,62.27935028076172,0.49533129699036293,0.2529154985616717,0.25175319699738463
2017-05-08,-1.0,-1.0,0.0027575911202447,62.45132827758789,0.5317897529172724,0.23303511616113343,0.23517512347101355
2017-05-09,-1.0,-1.0,-0.0008700742330211,62.39701461791992,0.5555506865373815,0.21831667305288763,0.22613263295915034
2017-05-10,-1.0,-1.0,0.0014495813396823,62.48752975463867,0.5570570906240901,0.20810063003573567,0.23484227188959358
2017-05-11,-1.0,-1.0,0.0039027006491478,62.731876373291016,0.5663467028739498,0.19106644001370196,0.24258685711234818
2017-05-12,1.0,-1.0,-0.0123393405523579,61.96256256103515,0.6103813614808902,0.1457504960971744,0.24386814987251587
2017-05-15,1.0,-1.0,-0.0011692400136324,61.89015579223633,0.6232971988320787,0.11997184873941415,0.2567309542911523
2017-05-16,1.0,-1.0,0.0007311122781977,61.93542098999024,0.6072823889024539,0.12054371867772146,0.27217389428246974
2017-05-17,-1.0,-1.0,0.0199352830270225,63.18251037597656,0.614788464302094,0.12773030815763817,0.257481242441429
2017-05-18,1.0,-1.0,-0.0281998163890351,61.425662994384766,0.5569932866138131,0.10973807182531134,0.3332686434235206
2017-05-19,1.0,-1.0,0.0034024613213975,61.63501739501953,0.5537299166179901,0.10068618835884899,0.34558390433638664
2017-05-22,1.0,-1.0,-0.0002952051835177,61.616825103759766,0.5862589923406005,0.09118697956402455,0.3225540243700846
2017-05-23,1.0,-1.0,0.0111646957598418,62.30861282348633,0.6163046091629362,0.09820084407703547,0.28549454117209283
2017-05-24,1.0,-1.0,0.0033548763673983,62.51800155639648,0.6518259100631085,0.09220755870033563,0.2559665442750719
2017-05-25,1.0,-1.0,0.0013093119903956,62.599910736083984,0.6660174463324464,0.08723450656540496,0.24674803592627761
2017-05-26,1.0,-1.0,0.0122843615827107,63.373653411865234,0.6521208511424759,0.10507119489789607,0.242807965135499
2017-05-30,1.0,-1.0,0.0048718121982791,63.68315124511719,0.5744178066882878,0.1557668970669265,0.2698152962447856
2017-05-31,1.0,-1.0,0.0064118308151306,64.09278869628906,0.5118025263885861,0.19025571219139611,0.2979417725958886
2017-06-01,1.0,-1.0,-0.0081287544898037,63.57390594482422,0.5140529761492567,0.1692270267199308,0.3167200083066834
2017-06-02,1.0,-1.0,0.0037159239728247,63.81058120727539,0.5218020889406513,0.17405875961664583,0.304139151442703
2017-06-05,-1.0,-1.0,0.0234044657303803,65.32164764404297,0.4787426766830106,0.2748179744890651,0.24643934510263404
2017-06-06,-1.0,-1.0,0.0072205597130948,65.79501342773438,0.46254062494727644,0.3470880619233242,0.1903713224426251
2017-06-07,-1.0,-1.0,0.0033145824608924,66.01345825195312,0.4852635198142904,0.3297394798289217,0.18499699476885234
2017-06-08,-1.0,-1.0,-0.0017938033761033,65.89514923095703,0.46965350300158826,0.3202429072986694,0.210103585974452
2017-06-09,-1.0,-1.0,-0.0060968094125491,65.49462127685547,0.4717140605062516,0.2836178446095171,0.2446680986095216
2017-06-12,0.0,-1.0,-0.0229155559445691,64.0108413696289,0.5435621680033388,0.21704748752232714,0.23939033702375345
2017-06-13,0.0,-1.0,-0.0077089316831905,63.51928329467773,0.5477896378121878,0.16097066983621797,0.2912396998021747
2017-06-14,0.0,-1.0,0.0123907870825279,64.31123352050781,0.5411198991126484,0.18939013255659046,0.26948997578134176
2017-06-15,0.0,-1.0,-0.0053930712309699,63.96533203125,0.48261585798662193,0.19361209923971018,0.3237720539495388
2017-06-16,1.0,-1.0,-0.0052791970914425,63.628536224365234,0.4509390235227509,0.18141698858329253,0.3676439990698275
2017-06-19,1.0,-1.0,0.0014294472960176,63.71955490112305,0.4449768427363562,0.1776016758036163,0.37742149263589847
2017-06-20,-1.0,-1.0,0.0123522004332226,64.51151275634766,0.4781753373839973,0.18287636736762242,0.3389482952483803
2017-06-21,1.0,-1.0,-0.0136383112950345,63.637657165527344,0.45690018684524314,0.1466326192191612,0.3964671902103054
2017-06-22,-1.0,-1.0,0.0051358606572367,63.96533203125,0.4594929095800274,0.1507835114538176,0.38972357524086476
2017-06-23,-1.0,-1.0,-0.000141946013279,63.95625305175781,0.46704630696993754,0.14409583257117115,0.38885785673360107
2017-06-26,-1.0,-1.0,0.0134304258794664,64.82100677490234,0.5358244359180055,0.15728669838332404,0.3068888731492509
2017-06-27,-1.0,-1.0,-0.0095951935674632,64.20201110839844,0.5086753497031762,0.13452659074684611,0.3567980558246874
2017-06-28,-1.0,-1.0,-0.0188926645267282,63.000450134277344,0.5538845547029956,0.11135875854768586,0.3347566830240283
2017-06-29,-1.0,-1.0,0.0084888677111083,63.53752899169922,0.5116913075135321,0.11880439680630946,0.3695042919548682
2017-06-30,0.0,-1.0,-0.0189467535422191,62.34503173828125,0.5661262346265002,0.11714650238159094,0.31672725367868304
2017-07-03,-1.0,-1.0,0.0064040712954823,62.74557495117188,0.5409867696147057,0.1201004405266997,0.3389127861333044
2017-07-05,1.0,-1.0,-0.0110870036670867,62.05375671386719,0.517252740069396,0.12968967451910043,0.3530575742356325
2017-07-06,1.0,-1.0,0.0132606598591163,62.882110595703125,0.5082218813089528,0.12365305252891673,0.3681250717500659
2017-07-07,1.0,-1.0,-0.0074101073519988,62.41786956787109,0.5555416299857014,0.11525115963382956,0.3292072047925335
2017-07-10,1.0,-1.0,0.0128957058244559,63.228004455566406,0.5018927701751535,0.14063016084949964,0.3574770652500565
2017-07-11,1.0,-1.0,0.0074587017996712,63.70136642456055,0.5512376599643198,0.13747029768825372,0.31129204607271677
2017-07-12,1.0,-1.0,0.0001426336887862,63.71045303344727,0.5727525160495569,0.1353258717226857,0.2919216159530476
2017-07-13,1.0,-1.0,0.016437528180982,64.76634979248047,0.4831020979823657,0.26052105050535823,0.2563768477869858
2017-07-14,1.0,-1.0,0.0086765295564275,65.33074188232422,0.4056277314852273,0.3743114799501799,0.2200607922898831
2017-07-17,1.0,0.0,0.013974948207447,66.2501449584961,0.37652122100906593,0.42350091096535225,0.1999778605750012
2017-07-18,0.0,0.0,0.0078013202707397,66.76900482177734,0.3705323311106512,0.4455892661574916,0.18387840273185732
2017-07-19,0.0,0.0,-0.0006820548574997,66.72348022460938,0.3665535555495173,0.4460746648996484,0.18737177955083442
2017-07-20,0.0,0.0,0.0076109367655649,67.23324584960938,0.3824381801574881,0.4317403244156112,0.18582149542690074
2017-07-21,-1.0,0.0,0.0048623165689761,67.56095123291016,0.3688257647534595,0.43888313741290785,0.19229109410834233
2017-07-24,0.0,0.0,-0.0058106354234273,67.16951751708984,0.35041229063086443,0.4293299411195445,0.22025776079901055
2017-07-25,-1.0,0.0,-0.0025780464877097,66.99657440185547,0.35760572721718864,0.40601859351340586,0.23637568671998627
2017-07-26,-1.0,0.0,0.0079846636578415,67.53366088867188,0.3421994730842032,0.4323817658765362,0.22541874986338967
2017-07-27,-1.0,0.0,-0.0018892021189608,67.40619659423828,0.3388888129494453,0.4378594461585025,0.22325174834263292
2017-07-28,-1.0,-1.0,-0.0120919672788341,66.59603118896484,0.44182161278393467,0.3409648501718315,0.21721352959365336
2017-07-31,-1.0,-1.0,-0.0016415350367013,66.48680114746094,0.526827911335543,0.2542687407761343,0.21890334416303237
2017-08-01,0.0,-1.0,-0.0046656068409478,66.17732238769531,0.5750381856497139,0.193108822058969,0.23185299229131714
2017-08-02,0.0,-1.0,-0.0016520452110204,66.06808471679688,0.5629278734804513,0.18097697004354368,0.2560951639265857
2017-08-03,0.0,-1.0,-0.0044184569996977,65.77680969238281,0.5036747189370789,0.18793970708864471,0.30838558515014725
2017-08-04,-1.0,-1.0,-0.0015237495467747,65.6766586303711,0.4908620282762004,0.18023050730698809,0.3289074755926825
2017-08-07,-1.0,-1.0,0.0073192541093823,66.15912628173828,0.4979785919712115,0.165097814325638,0.33692358997786026
2017-08-08,-1.0,-1.0,-0.0038602440290735,65.90422821044922,0.5121830415167448,0.13846464375010592,0.34935230728256866
2017-08-09,-1.0,-1.0,0.0053720839689258,66.25922393798828,0.5329838221766641,0.14393068309112625,0.32308549100691936
2017-08-10,-1.0,-1.0,-0.0044054515694002,65.96796417236328,0.5620551338210144,0.11255458267499431,0.325390279778701
2017-08-11,1.0,-1.0,-0.0147350139443848,65.0030517578125,0.599476880082943,0.10523593919058027,0.29528719190234765
2017-08-14,1.0,-1.0,0.0151487348692782,65.9952621459961,0.5390189213008831,0.11396856580841941,0.3470125147533426
2017-08-15,-1.0,-1.0,0.0149228988094725,66.98748779296875,0.5974665407101365,0.13438496643725026,0.268148504028484
2017-08-16,-1.0,-1.0,0.0002729638544822,67.00577545166016,0.6286654326497086,0.13380900949214014,0.23752556903402205
2017-08-17,-1.0,-1.0,0.0058553572582781,67.3992691040039,0.570638762633864,0.18971798665557388,0.23964323953469108
2017-08-18,0.0,-1.0,-0.0171178693146259,66.25535583496094,0.5960995606052595,0.11791201518116502,0.2859884242135755
2017-08-21,0.0,-1.0,0.0012422870055824,66.33771514892578,0.5934961329051973,0.11711853709235646,0.28938533372773645
2017-08-22,1.0,-1.0,-0.0047013064441715,66.02657318115234,0.5874257954456781,0.11228828763172752,0.30028592064788473
2017-08-23,0.0,-1.0,0.0139012767508072,66.95083618164062,0.6212099754490852,0.12809848990787687,0.25069154209361855
2017-08-24,1.0,-1.0,-0.0060319121288043,66.54821014404297,0.6145046402692933,0.11147434545343832,0.27402101241462307
2017-08-25,1.0,-1.0,-0.0004129205310501,66.52073669433594,0.6173937408105756,0.10983335602888662,0.27277290129789256
2017-08-28,1.0,-1.0,0.0017871381265074,66.63972473144531,0.6175443511242215,0.11107790318811124,0.27137774382502206
2017-08-29,1.0,-1.0,0.0001370317718377,66.64885711669922,0.6211614956676776,0.10936573017167908,0.2694727722979981
2017-08-30,1.0,-1.0,0.0030163490806841,66.8501968383789,0.6216424114406935,0.11640604096364779,0.2619515457330134
2017-08-31,0.0,-1.0,0.0130556397718823,67.72869110107422,0.5568537418666722,0.191074231110895,0.25207203074772305
2017-09-01,-1.0,-1.0,0.010216258148402,68.4241714477539,0.47883919560116617,0.2678675550167105,0.2532932531074137
2017-09-05,0.0,-1.0,-0.0111621467565616,67.66465759277344,0.4908139749547912,0.24912325297867877,0.26006275716536886
2017-09-06,1.0,-1.0,-0.0044730921911498,67.36266326904297,0.5199568716426194,0.18612456645954314,0.2939185730737084
2017-09-07,1.0,-1.0,-0.0028569456667473,67.17048645019531,0.5508717081581511,0.16021984148907686,0.2889084466274817
2017-09-08,0.0,-1.0,0.012725346895329,68.03071594238281,0.5339620929352383,0.20656357141351467,0.25947433192595676
2017-09-11,1.0,-1.0,-0.0048543536343477,67.7012710571289,0.5589784091907266,0.17444118239788478,0.26658040468609834
2017-09-12,0.0,-1.0,0.0104882727883163,68.41507720947266,0.518315022476558,0.209696730270856,0.27198823607671513
2017-09-13,0.0,-1.0,-0.0010712413258043,68.34182739257812,0.5153220349734432,0.20755106223036798,0.27712691024676944
2017-09-14,0.0,-1.0,0.0070720681799085,68.82685852050781,0.47823397800436424,0.2471082992126443,0.2746577116071206
2017-09-15,0.0,-1.0,-0.0058679082889427,68.4241714477539,0.5066872991105278,0.21823965213875446,0.2750730487507177
2017-09-18,-1.0,-1.0,0.0071969920295329,68.91839599609375,0.49261988541764684,0.24541867667276795,0.26196142673371436
2017-09-19,-1.0,-1.0,-0.0019937340081146,68.7811279296875,0.4947729526330623,0.23374531688372502,0.2714817193073417
2017-09-20,-1.0,-1.0,0.0037185304747617,69.03736877441406,0.4787441499916084,0.22418168433696917,0.2970741693967128
2017-09-21,-1.0,-1.0,-0.0066501869040799,68.57978057861328,0.5588081015511552,0.18035049886675728,0.2608414033073777
2017-09-22,-1.0,-1.0,-0.0097885553136004,67.91175842285156,0.6094179390709314,0.1187243320405005,0.2718577214379875
2017-09-25,-1.0,-1.0,0.0026913655483153,68.09477996826172,0.6254088383457873,0.11027783776730375,0.2643133220242637
2017-09-26,1.0,-1.0,-0.0155755818409315,67.0423812866211,0.6034992691294659,0.10388966621473236,0.29261106465580167
2017-09-27,1.0,-1.0,0.0,67.0423812866211,0.6050796868323958,0.10146967021697956,0.29345064667591486
2017-09-28,1.0,-1.0,0.0080212259389893,67.58230590820312,0.5887079190405631,0.10882372456333818,0.3024683582587441
2017-09-29,1.0,-1.0,0.0002703359988145,67.60057830810547,0.5906000762038168,0.10743932902716921,0.30196059663165925
2017-10-02,1.0,-1.0,0.0083586979153326,68.16799926757812,0.6060318763672212,0.11541559967324111,0.27855253141011804
2017-10-03,1.0,-1.0,0.0016094635256994,68.27780151367188,0.632652185003887,0.10852647310717278,0.258821340026295
2017-10-04,1.0,-1.0,-0.0047019021209501,67.95751953125,0.6210287743272218,0.10631003827587238,0.27266118553426066
2017-10-05,1.0,-1.0,0.0057738125771243,68.35102844238281,0.6406028244855434,0.10539190216523062,0.25400527148658075
2017-10-06,1.0,-1.0,0.0169917331922338,69.52235412597656,0.5344491175440036,0.19533373858166747,0.27021715132490953
2017-10-09,1.0,-1.0,0.0003949865723003,69.54981994628906,0.473379185275912,0.23364709789698182,0.2929737019259451
2017-10-10,1.0,-1.0,0.0038089795152863,69.81523895263672,0.44416273637711773,0.2519390916655175,0.30389815705620365
2017-10-11,1.0,-1.0,0.0,69.81523895263672,0.44440287370524384,0.24210010560758277,0.31349702441246374
2017-10-12,1.0,-1.0,0.0017022222964658,69.9341812133789,0.43888828797258184,0.24581458690773644,0.315297128844972
2017-10-13,1.0,-1.0,0.0091183726600066,70.57478332519531,0.45277905265522905,0.2652902979593292,0.28193064938544177
2017-10-16,1.0,-1.0,0.0047860621897365,70.91336822509766,0.4556807002510325,0.2763489971041707,0.2679703100953773
2017-10-17,1.0,-1.0,0.0020627985389567,71.05979919433594,0.4517130985354958,0.2834296275107825,0.2648572702284315
2017-10-18,1.0,-1.0,-0.0007731180444783,71.0048828125,0.46397536392614913,0.28319166277353275,0.25283298447618896
2017-10-19,1.0,-1.0,0.0002575217834739,71.0231704711914,0.47571730361858794,0.2679481145154964,0.2563345781406253
2017-10-20,1.0,-1.0,0.0038585280317662,71.29774475097656,0.4974817070734763,0.2727614330149597,0.22975686736214462
2017-10-23,1.0,-1.0,0.0114853583457473,72.12134552001953,0.5271446603917787,0.2812399649917043,0.19161536902858145
2017-10-24,1.0,-1.0,0.0002534300061785,72.1396255493164,0.5345587679331927,0.2739427295708888,0.19149849690798304
2017-10-25,1.0,-1.0,0.0003807646542452,72.16709899902344,0.5290265919201398,0.27447579346352435,0.19649761647898095
2017-10-26,1.0,-1.0,-0.0029209283393072,71.95661163330078,0.5351254048833077,0.2653039747955046,0.19957061845854251
2017-10-27,1.0,-1.0,0.0016522424130155,72.07559967041016,0.5633980487786285,0.24565160013315993,0.1909503529508567
2017-10-30,0.0,-1.0,0.062146415450124,76.69695281982422,0.4848386715605757,0.354269432754447,0.1608918882343967
2017-10-31,0.0,-1.0,0.0009544005781314,76.77018737792969,0.4378073195693771,0.40676532762731477,0.15542735280330813
2017-11-01,0.0,0.0,-0.0084992874042571,76.1204605102539,0.4015348181940945,0.44995390536017854,0.1485112783083721
2017-11-02,0.0,0.0,0.0,76.1204605102539,0.36185640898776517,0.4954117600569047,0.14273183468062042
2017-11-03,0.0,0.0,0.010404765115569,76.91661071777344,0.3612590005170614,0.4926059892755915,0.14613502138321804
2017-11-06,0.0,0.0,0.0010701882346714,76.99897003173828,0.3629251880337575,0.493147635612044,0.1439271875300695
2017-11-07,0.0,0.0,0.0039144841509845,77.30097198486328,0.3842047375167072,0.4766998322692369,0.13909543952728162
2017-11-08,0.0,0.0,-0.0023705549382892,77.1179428100586,0.3752104514348872,0.48245595840608585,0.14233360133489792
2017-11-09,0.0,0.0,0.0034357205174571,77.38335418701172,0.42663870899065315,0.4356031275910339,0.13775816155566784
2017-11-10,0.0,-1.0,-0.0055740353165609,76.95321655273438,0.44607700182506616,0.4197663416655619,0.13415665464672677
2017-11-13,0.0,-1.0,-0.0026194223601229,76.75190734863281,0.47187310722720277,0.3804634242241112,0.14766346109810544
2017-11-14,0.0,-1.0,0.0007149512604958,76.80680084228516,0.512896480635181,0.3456554028146315,0.14144811282489717
2017-11-15,-1.0,-1.0,0.0014286684513642,76.91661071777344,0.5310781804544963,0.32499261448711425,0.14392921437161524
2017-11-16,0.0,-1.0,-0.0078028288427416,76.31877899169922,0.5158710389567623,0.2571341296975405,0.22699482762040674
2017-11-17,0.0,-1.0,0.0026479280992764,76.52113342285156,0.5321137302535636,0.22807012843624835,0.23981614503547832
2017-11-20,0.0,-1.0,-0.0096618934878935,75.78535461425781,0.5161951408998987,0.2188514692369093,0.26495338986319195
2017-11-21,1.0,-1.0,0.0015764740910644,75.90492248535156,0.5047914695508292,0.21590030331714394,0.27930823458260745
2017-11-22,0.0,-1.0,0.0143161561681771,76.99940490722656,0.527387218589684,0.20750855029451462,0.26510422366522074
2017-11-24,1.0,-1.0,-0.0073129013735414,76.43836975097656,0.532608783316117,0.17880641777602962,0.288584806358434
2017-11-27,0.0,-1.0,0.0018031568798195,76.57632446289062,0.5602396425641406,0.14620993160470358,0.2935504109299948
2017-11-28,1.0,-1.0,0.0072996760081361,77.1373519897461,0.5876719928845213,0.14270897892558354,0.269619013288734
2017-11-29,-1.0,-1.0,0.0119704426718094,78.06626892089844,0.5939409375662107,0.15414870773273087,0.2519103547010585
2017-11-30,1.0,-1.0,-0.0183100348764605,76.6498794555664,0.5952882830900486,0.14509013055040298,0.25962159381012906
2017-12-01,-1.0,-1.0,0.0099099708019072,77.41325378417969,0.6108628463884327,0.15695166071831013,0.23218548916796697
2017-12-04,-1.0,-1.0,0.001068937712548,77.49604797363281,0.5921818939367126,0.1646755522755784,0.24314254261183812
2017-12-05,1.0,-1.0,-0.0384710662240792,74.5713119506836,0.5390619423222782,0.13835515461775486,0.3225828974720315
2017-12-06,1.0,-1.0,0.0062702204793229,75.04035949707031,0.523162098948764,0.14441152276041982,0.332426374565526
2017-12-07,1.0,-1.0,0.0144799085391692,76.13484191894531,0.49185295354414227,0.15262824242330625,0.35551881148313214
2017-12-08,1.0,-1.0,-0.003509356178342,75.86812591552734,0.5124653774723277,0.14552130584930364,0.34201330643382033
2017-12-11,1.0,-1.0,0.0200427880450434,77.4040756225586,0.5434492575093682,0.17142386681372504,0.28512687940219705
2017-12-12,1.0,-1.0,0.0126336633696134,78.38817596435547,0.5668873432180834,0.18370456614598396,0.24940808132270698
2017-12-13,0.0,-1.0,0.0040981675557469,78.7100830078125,0.4966723534786749,0.2427516875396698,0.260575955256365
2017-12-14,1.0,-1.0,-0.002691302572616,78.49853515625,0.4809098890379305,0.263525479718101,0.25556462751867826
2017-12-15,1.0,-1.0,-0.0077628071030105,77.89152526855469,0.5010194245252045,0.23684891397702032,0.26213167267364607
2017-12-18,-1.0,-1.0,0.0251849166869296,79.87812805175781,0.44887529294494555,0.3285448808380429,0.2225798299423019
2017-12-19,0.0,-1.0,-0.0054263635565539,79.44585418701172,0.4680509665621396,0.33130157153145123,0.20064746935698982
2017-12-20,0.0,-1.0,-0.0063876090496174,78.94000244140625,0.48543048916161324,0.30953560381510303,0.20503390702328375
2017-12-21,0.0,-1.0,-0.0036184683799667,78.65487670898438,0.4884224008243701,0.264039620570876,0.247537978604754
2017-12-22,0.0,-1.0,-0.0002335023268925,78.63651275634766,0.5112139269806348,0.23425999908645728,0.2545260851087787
2017-12-26,0.0,-1.0,0.0001171945223767,78.6457290649414,0.5364078790637001,0.21210803323536193,0.2514840839756477
2017-12-27,0.0,-1.0,-0.0012875645330424,78.5445327758789,0.5885106537761414,0.19204005862615853,0.2194493024988612
2017-12-28,0.0,-1.0,0.0036233490495066,78.82964324951172,0.6021530112893498,0.1860251519888388,0.21182183299652113
2017-12-29,1.0,-1.0,0.0001168106437405,78.83885192871094,0.6121692668448324,0.17617296848781056,0.21165776094206684
2018-03-15,-1.0,1.0,-0.0059494783583431,86.72167205810547,0.2557135832041685,0.28578988606723155,0.45849653817918073
2018-03-16,-1.0,1.0,0.0035101306001213,87.026611328125,0.2642581422918794,0.24729788645101058,0.48844396380652977
2018-03-19,-1.0,1.0,0.0044496373402181,87.41471099853516,0.26360008325580786,0.24332306096562828,0.493076866954435
2018-03-20,-1.0,1.0,-0.0182415482723399,85.83458709716797,0.2587901626273762,0.18808290301096375,0.5531269213231443
2018-03-21,-1.0,1.0,0.0025807274603765,86.05638885498047,0.25816970081717305,0.17558427539110177,0.5662460107532094
2018-03-22,-1.0,1.0,-0.0070043411862152,85.45572662353516,0.26623121159313884,0.17098587593754333,0.5627829236451889
2018-03-23,-1.0,1.0,-0.0295187614499268,82.97004699707031,0.2699560245092975,0.17781334991672276,0.5522306367498508
2018-03-26,1.0,1.0,-0.0294986590393555,80.55828857421875,0.26629105571054557,0.20466336597669046,0.5290455932139254
2018-03-27,-1.0,1.0,0.072976678787971,86.65699005126953,0.26835882679372214,0.2871313188943907,0.4445098617624681
2018-03-28,1.0,1.0,-0.047048046493741,82.67436981201172,0.2645626876290162,0.2664834727811837,0.4689538358645102
2018-03-29,1.0,1.0,-0.0008947094889262,82.60043334960938,0.26405138668490286,0.26670824252968856,0.4692403782359894
2018-04-02,-1.0,1.0,0.0208133254961082,84.33763885498047,0.26368399939668713,0.2837956745872726,0.4525203260160404
2018-04-03,1.0,1.0,-0.0305937827878758,81.79650115966797,0.25703663305409385,0.2900141745954645,0.45294919980102233
2018-04-04,1.0,1.0,0.0133539500074097,82.89613342285156,0.25747793272751035,0.2956162513647144,0.44690581218248515
2018-04-05,0.0,1.0,0.0287867581717449,85.31712341308594,0.2508848573020061,0.3651677138461623,0.38394741395067067
2018-04-06,0.0,1.0,0.0005412261290612,85.36331176757812,0.25719138464491287,0.3689739081489516,0.37383472210729696
2018-04-09,1.0,1.0,-0.0235483173549657,83.37663269042969,0.2601120370957228,0.3231030825374433,0.41678489526799534
2018-04-10,1.0,1.0,0.0059669675678135,83.87562561035156,0.25319020573710865,0.35360918454528956,0.39320061716818266
2018-04-11,0.0,0.0,0.0229791610428957,85.82533264160156,0.2569516657383817,0.4046398857131095,0.3384084410979285
2018-04-12,1.0,0.0,-0.0110423167332947,84.8828353881836,0.27587144420922244,0.42123879665509995,0.30288974423451653
2018-04-13,0.0,0.0,0.0185507943901501,86.47217559814453,0.2866118471019988,0.4349287408055935,0.27845940091653704
2018-04-16,1.0,0.0,-0.0053572366318334,86.01016235351562,0.29022424350660986,0.4286038110611939,0.2811719342563256
2018-04-17,0.0,0.0,0.011642234541534,87.01736450195312,0.2867778244248678,0.43744966854855155,0.27577251447716133
2018-04-18,-1.0,0.0,0.0199756620436423,88.7730712890625,0.28238088822992713,0.45781002993722136,0.2598090892834324
2018-04-19,-1.0,0.0,0.0038440369065579,89.11497497558594,0.2745116977878702,0.4702781458047203,0.25521014895682903
2018-04-20,-1.0,0.0,-0.0034279890713819,88.81001281738281,0.2746656701485702,0.46692388478098834,0.25841043761986104
2018-04-23,-1.0,0.0,-0.0116165375865249,87.78431701660156,0.27758461409341245,0.4562105554830607,0.2662048378741076
2018-04-24,-1.0,0.0,0.0036775469991934,88.10774230957031,0.2863389246075421,0.4469453955516819,0.26671568729135675
2018-04-25,1.0,0.0,-0.0236652781446392,86.04712677001953,0.30031715406667503,0.41482014622931734,0.2848627034292981
2018-04-26,1.0,0.0,-0.0087366518163386,85.29863739013672,0.2855310807898491,0.36182393646524114,0.3526449827449099
2018-04-27,0.0,0.0,0.0209046930068048,87.10054779052734,0.2872499807267496,0.3674178972293226,0.34533212204392805
2018-04-30,-1.0,0.0,0.0164143575904163,88.54204559326172,0.2830220632339974,0.42064873880327736,0.2963292054133061
2018-05-01,1.0,0.0,-0.0242962070551169,86.41673278808594,0.27180438798972895,0.3657264713628705,0.36246914809798136
2018-05-02,0.0,0.0,0.01570153941968,87.78431701660156,0.270613640350113,0.37212262237784816,0.3572637372720391
2018-05-03,1.0,1.0,-0.0158082829865503,86.40750885009766,0.2758429236148826,0.31197041850555385,0.41218665415427336
2018-05-04,1.0,1.0,0.005970781901431,86.92497253417969,0.26939327428178206,0.30727850663898326,0.4233282116286542
2018-05-07,1.0,1.0,0.0115204131383089,87.93217468261719,0.27170340846496177,0.30302076766818054,0.4252758238668579
2018-05-08,0.0,1.0,0.0110775947328054,88.91166687011719,0.2673388112215265,0.34919628542905,0.3834648884482625
2018-05-09,1.0,1.0,-0.0042701065480989,88.5328140258789,0.27783846180099725,0.35173713482069435,0.3704244033783086
2018-05-10,0.0,0.0,0.0117251106787758,89.57698059082031,0.3070176136758723,0.37122508048047587,0.3217573132942326
2018-05-11,0.0,0.0,0.0099564581136513,90.47330474853516,0.30013698633992736,0.3854641691271592,0.3143988445329135
2018-05-14,0.0,0.0,-0.0021472599504009,90.27924346923828,0.30124221423981046,0.38426145572418313,0.31449633003600663
2018-05-15,-1.0,0.0,0.0033721264924778,90.58419036865234,0.3114063164790275,0.38150157196048534,0.3070921041099067
2018-05-16,0.0,0.0,-0.0072691450658873,89.92810821533203,0.3122300273226659,0.3645631616776453,0.3232068109996889
2018-05-17,0.0,0.0,0.002576710764228,90.16012573242188,0.3094497023348536,0.3731947717730273,0.31735552589211935
2018-05-18,1.0,1.0,-0.0100345504092592,89.25993347167969,0.29319038300218603,0.3501520181424663,0.35665759885534787
2018-05-21,1.0,1.0,0.0018696167199292,89.42697143554688,0.274082654530061,0.3145202026635641,0.4113971577075364
2018-05-22,0.0,1.0,0.0127861116524298,90.5777359008789,0.2982451939134799,0.34768808572940046,0.35406672035711984
2018-05-23,0.0,1.0,-0.0010247659673353,90.4849624633789,0.2885424153483026,0.33457121025007586,0.37688636695104133
2018-05-24,0.0,0.0,0.0118272907007901,91.56150817871094,0.3064448017756637,0.36083945641444215,0.33271574180989427
2018-05-25,1.0,0.0,-0.0035541351289463,91.23666381835938,0.2930605180535205,0.3624623147771536,0.3444771597187455
2018-05-29,1.0,0.0,0.0005082927059414,91.28305053710938,0.28951049141697305,0.36102387470882813,0.34946564132477964
2018-05-30,1.0,1.0,-0.0035644091699005,90.95825958251952,0.27027903805968384,0.3149496168137058,0.4147713488519009
2018-05-31,1.0,1.0,0.0095449096175,91.83060455322266,0.2787835355823165,0.3336849492043795,0.3875315152133042
2018-06-01,1.0,1.0,-0.0011122444366673,91.72852325439452,0.2753205041825656,0.32216241225366476,0.4025170761131893
2018-06-04,1.0,0.0,0.0195370218776398,93.53824615478516,0.31327515011783014,0.3764140004019191,0.3103108569308316
2018-06-05,0.0,0.0,0.0086930082755839,94.35491943359376,0.32040245652936106,0.38377745876302893,0.29582008470761023
2018-06-06,-1.0,0.0,0.0051015060376294,94.8375015258789,0.3210386904215519,0.4174775380079262,0.26148376411994145
2018-06-07,-1.0,0.0,0.0029313720389892,95.11591339111328,0.3324060359793701,0.44157584674284456,0.22601810982720494
2018-06-08,0.0,0.0,-0.0158335618121797,93.62174987792967,0.31558299430148457,0.41472037799195527,0.2696966388824313
2018-06-11,-1.0,0.0,0.0074069872096758,94.31777954101562,0.3150836455459086,0.41310483774816315,0.2718115204312186
2018-06-12,-1.0,0.0,-0.0057234015807361,93.77950286865234,0.30645387362244403,0.3903010253197035,0.30324508615669143
2018-06-13,-1.0,0.0,0.0025701033583588,94.02083587646484,0.2906462263044475,0.363889717974424,0.3454640557211288
2018-06-14,0.0,1.0,-0.0045510963819101,93.59391021728516,0.30092325168790185,0.31566338816973416,0.3834133675929448
2018-06-15,-1.0,1.0,0.0056362380056879,94.12291717529295,0.2994680694650122,0.3093982271790954,0.39113369590531205
2018-06-18,1.0,1.0,-0.0128011730442499,92.92571258544922,0.27906368711271456,0.24281770679771988,0.4781185949136948
2018-06-19,-1.0,1.0,0.0072642165114002,93.60320281982422,0.2948959006455941,0.2305274107064982,0.4745766737467466
2018-06-20,-1.0,1.0,0.0,93.60320281982422,0.2941483853335074,0.22461499792107548,0.481236601844256
2018-06-21,-1.0,1.0,0.0099639215872583,94.54051971435548,0.29718927146847435,0.24093415137177482,0.4618765846103316
2018-06-22,-1.0,1.0,-0.007191854936355,93.863037109375,0.2908551070120491,0.22162989810433897,0.48751498743303145
2018-06-25,-1.0,1.0,-0.0072436251264039,93.18558502197266,0.2760865483486703,0.1930916975652922,0.5308217503607475
2018-06-26,1.0,1.0,-0.0203226486048664,91.31092071533205,0.27391063134151894,0.1580544861486362,0.568034893685716
2018-06-27,-1.0,1.0,0.0069883803275707,91.9512710571289,0.27225667720202895,0.15460716539914326,0.573136157398828
2018-06-28,1.0,1.0,-0.0156652341831444,90.52205657958984,0.2658457432650573,0.1600378018404111,0.5741164511692415
2018-06-29,1.0,1.0,0.0111129096699272,91.53363037109376,0.26609754562596155,0.160415031465683,0.5734874284962911
2018-07-02,1.0,1.0,-0.0002024794106657,91.51509857177734,0.26655204534596133,0.16129172875097425,0.5721562370789355
2018-07-03,1.0,1.0,0.014097415758195,92.81436157226562,0.2598271612873615,0.18324538705671148,0.556927447930637
2018-07-05,1.0,1.0,-0.0096452570529045,91.92344665527344,0.2679208648381246,0.16349028328679455,0.568588838836565
2018-07-06,1.0,1.0,0.0071422430280827,92.58233642578124,0.264969552397268,0.18300915399092088,0.5520212898865211
2018-07-09,1.0,1.0,0.0139360356447112,93.88159942626952,0.28053118275976147,0.23018430520539396,0.48928451576013515
2018-07-10,1.0,1.0,0.0067977531620702,94.52195739746094,0.2794050142990608,0.29554512721433196,0.4250498510360269
2018-07-11,1.0,1.0,0.0026476757230338,94.77255249023438,0.2892566246029853,0.33481069863333524,0.3759326767636796
2018-07-12,1.0,0.0,-0.0013719728941722,94.64261627197266,0.30106087960840944,0.35032888091438047,0.34861024692779097
2018-07-13,1.0,0.0,0.0214395466075183,96.69361877441406,0.3247511105541933,0.39456056063799627,0.2806883288078105
2018-07-16,0.0,0.0,0.0118308021213198,97.84437561035156,0.33139370728931516,0.4481958829591474,0.2204103948503763
2018-07-17,1.0,0.0,-0.0049443424617225,97.3617935180664,0.3316550151528384,0.45027055310021685,0.2180744168457836
2018-07-18,-1.0,0.0,0.0098644362213722,98.32696533203124,0.3247761290730983,0.46084615178251553,0.21437770424322505
2018-07-19,1.0,0.0,-0.0078646981941865,97.5566864013672,0.3195052821127494,0.44712183356146046,0.23337288432579023
2018-07-20,1.0,0.0,-0.0068731273855639,96.88846588134766,0.31020368249117053,0.4451356786849359,0.24466063137331312
2018-07-23,1.0,0.0,0.0177533910234839,98.6239242553711,0.30923918079059765,0.46405211714668415,0.22670870206271837
2018-07-24,1.0,0.0,0.0158708091155632,100.20165252685548,0.295504998408167,0.4772332985066452,0.22726169935989754
2018-07-25,1.0,0.0,-0.0028756137581994,99.91392517089844,0.29611692885676405,0.46969486404523264,0.23418821454858402
2018-07-26,-1.0,0.0,0.0290197252294096,102.85588073730467,0.27375234543914106,0.5050158649831236,0.221231785852445
2018-07-27,-1.0,0.0,-0.0109778662119555,101.73291778564452,0.27320283764937503,0.4854235851569027,0.24137358464430292
2018-07-30,-1.0,0.0,-0.0178560168460932,99.9324951171875,0.2778296054073158,0.4529516332887007,0.26921876130398353
2018-07-31,1.0,0.0,-0.0216858406982652,97.78870391845705,0.2726830979525447,0.4058006104307831,0.3215162916166723
2018-08-01,1.0,1.0,0.0067156817970249,98.4476318359375,0.26908187774079084,0.346220267048563,0.38469787011180745
2018-08-02,1.0,1.0,0.0018835715870541,98.63323974609376,0.2858190807092621,0.30682219907165353,0.4073587276696651
2018-08-03,1.0,1.0,0.0120645626724978,99.83041381835938,0.28881046049730397,0.3163563120851463,0.3948332199669693
2018-08-06,0.0,1.0,0.0043598456180457,100.26660919189452,0.28857879607408704,0.31783592738624,0.3935852690890925
2018-08-07,0.0,1.0,0.0008324702655884,100.35011291503906,0.2896671271775182,0.30962312997304275,0.40070973539885857
2018-08-08,0.0,1.0,0.0069120692690747,101.046142578125,0.2962222712261928,0.3138448343979999,0.38993290182638807
2018-08-09,0.0,1.0,0.0055870668837275,101.61227416992188,0.29344934088088187,0.30839150560562323,0.3981591386123339
2018-08-10,-1.0,1.0,0.0016425261679404,101.77931213378906,0.29500179154743744,0.3129401114588515,0.3920581118948724
2018-08-13,0.0,1.0,-0.0061279162734782,101.15752410888672,0.29891249542403986,0.27454753353159944,0.4265399635937803
2018-08-14,0.0,1.0,-0.0072739655141674,100.42437744140624,0.29595697210923033,0.2380571840947929,0.46598585124655745
2018-08-15,-1.0,1.0,0.0123985614770073,101.67724609375,0.30341435806481887,0.2559565558288605,0.44062907493044995
2018-08-16,-1.0,1.0,-0.0136535628031126,100.29842376708984,0.2777673509408489,0.21875510387812103,0.5034775377304497
2018-08-17,-1.0,1.0,-0.0001856966495763,100.27980041503906,0.2763203313305414,0.2069701348337311,0.5167095301104375
2018-08-20,-1.0,1.0,-0.0005574491848694,100.22391510009766,0.27603066862524983,0.20041580866244466,0.5235535189870154
2018-08-21,1.0,1.0,-0.0066217059314352,99.5624542236328,0.2717802858143691,0.1634049080128979,0.5648148117606687
2018-08-22,1.0,1.0,-0.008362628062733,98.73332214355467,0.27804289469109805,0.16492376437880638,0.5570333521059667
2018-08-23,1.0,1.0,0.0101390773418923,99.7394790649414,0.2661409965034467,0.1836179794989304,0.5502410202723329
2018-08-24,1.0,1.0,0.0046591173882799,100.20526123046876,0.27299290014261257,0.200078291611562,0.5269288045205354
2018-08-27,1.0,1.0,0.0077794065649799,100.9878387451172,0.29462335422659724,0.2198167635212871,0.4855598748015353
2018-08-28,1.0,1.0,0.0110091741169279,102.10577392578124,0.30222336543763806,0.24629747867707422,0.45147917078644906
2018-08-29,1.0,1.0,0.0060039640989028,102.7206573486328,0.308512698119489,0.2846164285767048,0.40687085840264525
2018-08-30,-1.0,0.0,0.0158359317107183,104.36028289794922,0.3238287692888099,0.3449469085917149,0.3312243221194754
2018-08-31,-1.0,0.0,-0.0006251080229739,104.2950668334961,0.3231006288386185,0.35860819446655473,0.31829118414540764
2018-09-04,-1.0,0.0,0.00338894355224,104.64911651611328,0.3289613255424201,0.37933072947882307,0.291707944978757
2018-09-05,-1.0,0.0,-0.0055348178568736,104.07150268554688,0.3222042777005626,0.36798099659713485,0.3098147331528833
2018-09-06,1.0,1.0,-0.0292482388237026,101.0716781616211,0.2762067129265777,0.26596427551666557,0.45782901900733763
2018-09-07,1.0,1.0,0.0023016793669376,101.30458068847656,0.28461908636817057,0.22138595379283918,0.4939949486631196
2018-09-10,1.0,1.0,-0.0048856958734919,100.81084442138672,0.27904177294824734,0.20234425231645717,0.5186139598341344
2018-09-11,1.0,1.0,0.0107544073671549,101.9008560180664,0.2843242952407036,0.21867351115165146,0.497002178706484
2018-09-12,1.0,1.0,0.0168616127620191,103.63363647460938,0.3034928594798575,0.26158452051775893,0.4349226088265129
2018-09-13,1.0,1.0,0.004216235201083,104.07150268554688,0.30364482559875583,0.2888206273497766,0.40753456195262894
2018-09-14,-1.0,0.0,0.0106849961456368,105.18946838378906,0.3124192930504258,0.37648421085038947,0.3110964960991849
2018-09-17,-1.0,0.0,0.0040655183552445,105.61798858642578,0.3264211381673074,0.3921819717971843,0.28139687885963754
2018-09-18,1.0,0.0,-0.0109085137193486,104.47211456298828,0.32574339240667116,0.3764346568472696,0.2978219470207692
2018-09-19,-1.0,0.0,0.0094962471086411,105.46893310546876,0.33260723479532395,0.3815099140626187,0.2858828474167672
2018-09-20,1.0,1.0,-0.0134277623818858,104.06218719482422,0.3024950139462155,0.31009078804505896,0.3874141980087258
2018-09-21,0.0,0.0,0.0166027604060072,105.80432891845705,0.3265621387188734,0.33751795879051094,0.33591990994119647
2018-09-24,0.0,0.0,0.0060571226581108,106.4471435546875,0.3304706624410595,0.3518719167532576,0.3176574208056832
2018-09-25,0.0,0.0,0.0035816758162549,106.82908630371094,0.3248993188533058,0.35461289592513634,0.32048777777097737
2018-09-26,0.0,0.0,-0.0019203128840891,106.62413787841795,0.3295640985614108,0.35477421115343016,0.3156616902851592
2018-09-27,0.0,1.0,-0.0041148728993143,106.18629455566406,0.32929071553456685,0.3309385914595573,0.33977070045645663
2018-09-28,-1.0,0.0,0.0037652700027733,106.5868682861328,0.3228047563398585,0.35169761737435157,0.32549762628579004
2018-10-01,-1.0,1.0,-0.0003493671407344,106.54963684082033,0.3165836525771,0.32538188944203145,0.35803446543144934
2018-10-02,-1.0,0.0,0.0107835167532476,107.704833984375,0.33031433639603497,0.3666508485905887,0.3030348150133765
2018-10-03,-1.0,0.0,-0.0039868026431631,107.27629089355467,0.3144807538168505,0.3458217817019984,0.3396974644811514
2018-10-04,-1.0,1.0,0.0001733733646677,107.29489135742188,0.3188698952690149,0.3339503065586639,0.34717981307348256
2018-10-05,-1.0,1.0,-0.0208812003729525,105.07767486572266,0.31323128410387485,0.2187643944465012,0.4680043251749144
2018-10-08,-1.0,1.0,-0.005869184181904,104.46276092529295,0.3072681667775015,0.17653198336845896,0.5161998461287495
2018-10-09,-1.0,1.0,-0.011480665059826,103.27031707763672,0.30964360327175944,0.1765199869272125,0.5138364098010283
2018-10-10,-1.0,1.0,0.0126396363548371,104.58390045166016,0.3000051061798317,0.1737208326525707,0.5262740611675978
2018-10-11,1.0,1.0,-0.0558701875916599,98.90100860595705,0.2964227107316878,0.19594857750719066,0.5076287098984765
2018-10-12,1.0,1.0,-0.002357527980176,98.66812133789062,0.29292821773093397,0.212343922669045,0.4947278670506018
2018-10-15,-1.0,1.0,0.0339738519741415,102.07785034179688,0.3022553768934162,0.23798207011262293,0.4597625678951222
2018-10-16,1.0,1.0,-0.0181432029085269,100.2425308227539,0.2933264355379304,0.24196891952672103,0.4647046523859293
2018-10-17,-1.0,1.0,0.0311096631546908,103.4100570678711,0.28530161247780844,0.29092549065612794,0.4237728968660638
2018-10-18,-1.0,1.0,-0.0026159739499099,103.139892578125,0.287564645916064,0.29624641812595315,0.41618893595798295
2018-10-19,-1.0,1.0,-0.0201639078457519,101.08101654052734,0.29406073067154337,0.2733594628574997,0.43257981764682807
2018-10-22,-1.0,1.0,0.0014734524460196,101.23006439208984,0.2957427086650466,0.2753212419070333,0.4289360606037912
2018-10-23,-1.0,1.0,0.0088872219809861,102.13372802734376,0.29523062848973414,0.2803733879727653,0.42439599471337175
2018-10-24,-1.0,1.0,-0.0140542108084087,100.70835876464844,0.29209765503704005,0.2901495942615275,0.4177527618773036
2018-10-25,1.0,1.0,-0.0549516959221252,95.32357025146484,0.2532074803001498,0.3082442049456117,0.4385483222048192
2018-10-26,-1.0,1.0,0.0567999047272778,100.89466094970705,0.25208839252063897,0.35656623953540756,0.39134536421866334
2018-10-29,-1.0,1.0,-0.0124498532358559,99.64632415771484,0.266505341457711,0.32950478981034936,0.40398987245723006
2018-10-30,1.0,1.0,-0.0295073934051731,96.7489776611328,0.26110857821753447,0.3363355016805087,0.4025559275525376
2018-10-31,1.0,1.0,-0.0011564057210876,96.6371612548828,0.2624675997802962,0.33386046367630834,0.4036719514445568
2018-11-01,1.0,1.0,0.0292602251729543,99.50656127929688,0.2552927566128496,0.3660698844143441,0.3786373589728065
2018-11-02,1.0,1.0,-0.0083673450669296,98.67742919921876,0.279093510789691,0.332615726791727,0.3882907773197434
2018-11-05,1.0,1.0,0.0022631973878753,98.90100860595705,0.2833585242939161,0.32961035716691406,0.3870311334403312
2018-11-06,1.0,0.0,0.0126365577622349,100.15870666503906,0.2740605462648238,0.3992135272641535,0.32672592647102305
2018-11-07,1.0,0.0,0.0019514764171753,100.35435485839844,0.2922708408856985,0.4301980657844713,0.277531100780411
2018-11-08,-1.0,0.0,0.0386062723864625,104.3044204711914,0.27619205025871707,0.46894050861150727,0.25486744858035637
2018-11-09,-1.0,0.0,-0.0018773569477563,104.1087875366211,0.27659648027623135,0.47122173660307215,0.25218179057127726
2018-11-12,-1.0,0.0,-0.0197006256241508,102.07785034179688,0.2794703210534927,0.46013191910239787,0.2603977561188193
2018-11-13,0.0,0.0,-0.0249506329158699,99.5624542236328,0.2820400251500096,0.4305601857683862,0.28739978535631405
2018-11-14,-1.0,0.0,0.0006547356707118,99.6276626586914,0.29083138220468396,0.4271773394499394,0.2819912857959574
2018-11-15,-1.0,1.0,-0.0142824235975681,98.21485137939452,0.2818687110565141,0.3548336244307424,0.3632976719633243
2018-11-16,-1.0,0.0,0.0217676656267735,100.3761978149414,0.28625416260459163,0.4289838678457334,0.28476196209909466
2018-11-19,-1.0,0.0,0.0093704632553654,101.3211898803711,0.2913706543370279,0.43549197327845357,0.2731373798350993
2018-11-20,-1.0,1.0,-0.0344777531756016,97.88739776611328,0.28593679966436936,0.34470410880124436,0.3693590803585156
2018-11-21,1.0,1.0,-0.028209587431141,95.16461944580078,0.283224567484606,0.3196774792495536,0.3970979607164211
2018-11-23,1.0,1.0,0.013670918458282,96.47454071044922,0.28446473463207683,0.311355103261163,0.4041801807332119
2018-11-26,1.0,1.0,-0.000387972202328,96.43711853027344,0.28657561607041504,0.3059332627429011,0.40749113981313545
2018-11-27,1.0,0.0,0.0324548752955202,99.61831665039062,0.2757744891376367,0.36888047866603985,0.3553450172951624
2018-11-28,1.0,0.0,0.006273069920036,100.24519348144533,0.26944939101698195,0.40669651886277786,0.32385409757082106
2018-11-29,-1.0,0.0,0.0364744089080884,103.96907806396484,0.27574893952631274,0.46831131127476044,0.25593974547363674
2018-11-30,-1.0,0.0,-0.0084044384458679,103.09893798828124,0.2739092981227558,0.4718959819203056,0.25419472740751936
2018-12-03,-1.0,0.0,0.006332277625724,103.7538604736328,0.26701733263893723,0.47917616753563647,0.25380649237484587
2018-12-04,-1.0,0.0,0.0107634375755483,104.87664031982422,0.24938028554117014,0.496271951874052,0.2543477551341975
2018-12-06,-1.0,0.0,-0.0323677526170042,101.53636932373048,0.2503920642918144,0.4812256457237245,0.26838228253388063
2018-12-07,-1.0,0.0,0.0061552323752278,102.16327667236328,0.24944188807344925,0.48151066062410713,0.2690474438518632
2018-12-10,1.0,0.0,-0.04084472502997,98.07451629638672,0.2779207077682675,0.40539399434572665,0.3166852904354255
2018-12-11,-1.0,0.0,0.0260828233724721,100.66622924804688,0.24558288553186766,0.4425151647362916,0.3119019646330021
2018-12-12,-1.0,0.0,0.0092516092229058,101.60187530517578,0.25649237637619793,0.45926396819982757,0.28424364052281353
2018-12-13,-1.0,0.0,0.0045023724448998,102.06035614013672,0.26127407292440896,0.46350999632708945,0.2752159158473407
2018-12-14,-1.0,0.0,0.0033862117958665,102.4065399169922,0.26221024613546395,0.46432742736797433,0.2734623115954007
2018-12-17,-1.0,0.0,-0.0317459153438264,99.20661163330078,0.25153430794748943,0.37634438787901703,0.3721213190746549
2018-12-18,-1.0,1.0,-0.0300614252651817,96.2686996459961,0.25326621622126366,0.32963841855911696,0.41709535031845835
2018-12-19,-1.0,1.0,0.010441934449356,97.2791976928711,0.25279672836401357,0.3243273278899952,0.4228759400207012
2018-12-20,-1.0,1.0,-0.0026969228871146,97.01719665527344,0.24753560514828826,0.3299178062780022,0.42254659229900005
2018-12-21,-1.0,1.0,-0.0212479758276849,94.97752380371094,0.24576809258287444,0.3240559937241337,0.430175913692992
2018-12-24,-1.0,1.0,-0.032845917732765,91.90857696533205,0.21862292450379628,0.347906469836825,0.4334706019340885
2018-12-26,1.0,1.0,-0.0426348574184484,88.07242584228516,0.20904068369390216,0.3506152310317653,0.44034407782375207
2018-12-27,-1.0,0.0,0.0660779639177634,94.08865356445312,0.21383759770003513,0.40454974931463233,0.3816126418094617
2018-12-28,-1.0,0.0,0.0061463826315888,94.66873931884766,0.21095127312342463,0.4255241715811168,0.3635245441195878
2018-12-31,-1.0,0.0,-0.0078384023307304,93.9295883178711,0.21078028425922418,0.4306504653009634,0.35856923926394163
2019-03-15,1.0,1.0,0.0007856128423146,107.67364501953124,0.37884512804317655,0.2324109543860094,0.388743906394943
2019-03-18,1.0,-1.0,0.0114535364096904,108.91397857666016,0.39614759843131264,0.2663035826604694,0.337548818908218
2019-03-19,1.0,-1.0,0.0142200114518722,110.47380065917967,0.48211469879543023,0.25955848769095813,0.25832680978832123
2019-03-20,1.0,-1.0,0.0006800163217424,110.5489501953125,0.4863460692708784,0.25623037530759185,0.25742356659740057
2019-03-21,1.0,-1.0,-0.0011057278243264,110.4267807006836,0.40322352444469034,0.2511472379243849,0.3456292376309248
2019-03-22,-1.0,-1.0,0.0227151223245889,112.9638442993164,0.5570768899156173,0.23744537850240627,0.2054777353072666
2019-03-25,0.0,-1.0,-0.0267220729652777,109.98519134521484,0.4628968604890241,0.25606030976848226,0.2810428316051389
2019-03-26,0.0,-1.0,0.0051980447954891,110.55838775634766,0.45618990864230635,0.2572442902625198,0.2865657899193029
2019-03-27,0.0,-1.0,0.0021221527156936,110.7932586669922,0.44165661493559977,0.2537748840026846,0.3045684954737802
2019-03-28,1.0,1.0,-0.0097154090688817,109.7220687866211,0.33780597864785455,0.27457056366725363,0.387623472586053
2019-03-29,1.0,1.0,0.0013692955348029,109.8724136352539,0.28232055179009374,0.34474847042129697,0.3729309777886093
2019-04-01,1.0,1.0,0.0086005934070993,110.82145690917967,0.31358862300337953,0.31113976924814746,0.3752715928473118
2019-04-02,0.0,1.0,0.0091156817262565,111.83628845214844,0.33557963058312845,0.3079878227052272,0.3564325318104832
2019-04-03,0.0,1.0,0.0014271524069535,111.99600982666016,0.34453991333649747,0.3013137589030437,0.3541463203098783
2019-04-04,0.0,1.0,0.0065228220119136,112.72892761230467,0.3316949075558931,0.3002079591926717,0.36809711462498373
2019-04-05,0.0,1.0,-0.0050974993916629,112.15575408935548,0.31287538578075974,0.3259586545801505,0.36116594473792857
2019-04-08,0.0,1.0,0.0044307054888282,112.6537857055664,0.2933419049123405,0.2476815617622439,0.4589765370507059
2019-04-09,0.0,1.0,0.0003333509756501,112.69134521484376,0.3351640143226456,0.236204652191,0.42863132976106394
2019-04-10,1.0,1.0,-0.0054345995219438,112.08057403564452,0.35164196518335344,0.19764292497086816,0.45071510239519774
2019-04-11,1.0,1.0,0.0076001964438485,112.93565368652344,0.32369484016008143,0.17579899697341436,0.5005061656604719
2019-04-12,1.0,1.0,0.0011640420324914,113.06719207763672,0.3167287536076439,0.16730682112738698,0.5159644261962916
2019-04-15,1.0,1.0,0.0051392205215336,113.64976501464844,0.36302599438550365,0.1640631199762152,0.4729108935545229
2019-04-16,1.0,1.0,0.0008267090834837,113.74375915527344,0.38077421416358903,0.16362290413038902,0.4556028742554413
2019-04-17,1.0,1.0,-0.0023158376005783,113.48065185546876,0.3439203440700701,0.16207354489759948,0.4940061194142336
2019-04-18,1.0,1.0,0.0082459191170354,114.42027282714844,0.3954556313544323,0.16488824701067442,0.43965612815415134
2019-04-22,1.0,-1.0,0.0130540608380529,115.92371368408205,0.48259939711252664,0.1983182284772988,0.3190823706848842
2019-04-23,1.0,-1.0,0.0031561884110351,116.29016876220705,0.48649345396471066,0.2118247050728345,0.30168185586361607
2019-04-24,1.0,-1.0,0.0134835313410027,117.86878967285156,0.5062794667630204,0.2449502306033947,0.24877028959506903
2019-04-25,1.0,-1.0,-0.0034338764835222,117.46473693847656,0.5274097147903529,0.2324703215480804,0.24011997111214728
2019-04-26,1.0,-1.0,0.0325808531055859,121.35486602783205,0.5385672968635904,0.26354723963280435,0.19788545977831495
2019-04-29,-1.0,-1.0,0.0057132290957685,122.05017852783205,0.5944274730257638,0.23071856348778033,0.17485395557021402
2019-04-30,-1.0,-1.0,-0.0009242043107949,121.93743133544922,0.5998450754653375,0.23002334199385233,0.17013157089927802
2019-05-01,-1.0,-1.0,0.0063757815484882,122.71736145019533,0.5674725864763255,0.267382142908105,0.16514528691371455
2019-05-02,-1.0,-1.0,-0.0210471736526419,120.1614990234375,0.5004373650308483,0.26830736565514035,0.23125526465739843
2019-05-03,1.0,-1.0,-0.0131450993253452,118.59230041503906,0.4030841829415673,0.26600218974532014,0.33091362917575773
2019-05-06,-1.0,-1.0,0.0210896186207088,121.11992645263672,0.485243228605127,0.25370437790319544,0.26105239721696794
2019-05-07,-1.0,-1.0,-0.0058354176892498,120.41519927978516,0.41301798318641164,0.2629345214633679,0.3240474972128655
2019-05-08,-1.0,1.0,-0.0207362152745572,117.94395446777344,0.35853894951660037,0.2035798848669591,0.4378811674790856
2019-05-09,-1.0,-1.0,-7.963238692832351e-05,117.93456268310548,0.412289893986661,0.18693415174126393,0.40077594775281694
2019-05-10,-1.0,1.0,-7.970342566591382e-05,117.92516326904295,0.4077876301925315,0.1784903993051236,0.4137219760902803
2019-05-13,-1.0,1.0,0.0129042865383788,119.4567642211914,0.35600393447106793,0.2213914011791116,0.42260467552569125
2019-05-14,1.0,1.0,-0.0301842131230999,115.9049301147461,0.4069669003519911,0.07581229131787275,0.5172208125210878
2019-05-15,1.0,1.0,0.0111254296161547,117.20162200927734,0.31421723152720926,0.13532407094111293,0.550458686355807
2019-05-16,1.0,1.0,0.0139840531085152,118.85208892822266,0.35939482952231344,0.19321391106179425,0.4473912668664729
2019-05-17,-1.0,1.0,0.0228288274934038,121.59654998779295,0.3056418193372467,0.2731903589956117,0.4211678142165609
2019-05-20,0.0,1.0,-0.0066923556723148,120.7854995727539,0.3030134148448718,0.2648912425704639,0.43209534630995455
2019-05-21,0.0,1.0,-0.0145505101520977,119.04073333740234,0.35120695542399805,0.16040569169240992,0.4883873603341726
2019-05-22,0.0,1.0,0.005372869675755,119.68204498291016,0.36736241975057804,0.15992181581008724,0.4727157625766896
2019-05-23,-1.0,1.0,0.0060495051903882,120.40825653076172,0.3545696493978156,0.21371699250811507,0.4317133580940693
2019-05-24,-1.0,1.0,-0.0117394814415122,119.00299072265624,0.4275952219535118,0.12348822861159901,0.44891655595414726
2019-05-28,-1.0,1.0,0.000475333800183,119.0595703125,0.4166002213557841,0.11881230189026351,0.46458747489130725
2019-05-29,-1.0,1.0,-0.0006338286228889,118.984130859375,0.43867719738718736,0.11507936659117582,0.44624343229634655
2019-05-30,-1.0,1.0,-0.009717487404849,117.83350372314452,0.45527720005235517,0.07004981274516496,0.4746729813817138
2019-05-31,-1.0,1.0,0.006303115104085,118.5785675048828,0.39979643884429805,0.10564973158172669,0.49455382957397526
2019-06-03,-1.0,1.0,-0.0164390171192323,116.64518737792967,0.43419491988378534,0.06705467091088468,0.4987504106023139
2019-06-04,1.0,1.0,-0.031540046906484,113.02360534667967,0.3259251405386467,0.09930936431738074,0.5747654876933921
2019-06-05,1.0,1.0,0.0273269626717141,116.15478515625,0.4029146307396985,0.07877949799473784,0.5183058726625475
2019-06-06,1.0,-1.0,0.021447354318018,118.67290496826172,0.4550166715289434,0.1286852339376007,0.41629808428890763
2019-06-07,1.0,-1.0,0.015691277516333,120.54972076416016,0.41088649588562526,0.21195987697482926,0.3771536383154163
2019-06-10,0.0,-1.0,0.0276228992650303,123.9260711669922,0.4536096839012238,0.3328246490972207,0.21356566793287812
2019-06-11,0.0,-1.0,0.0090913332856911,125.057861328125,0.5446340550969566,0.2553215459741771,0.20004440265415657
2019-06-12,1.0,-1.0,-0.0037780262916053,124.5862808227539,0.6123518735855318,0.2011762789810364,0.1864718390515288
2019-06-13,1.0,-1.0,-0.0046284564780332,124.01097106933594,0.5979540071910676,0.191360552147781,0.21068543879850632
2019-06-14,1.0,-1.0,0.0062924954498913,124.79376983642578,0.6095115544933466,0.19313101438366162,0.19735742460373384
2019-06-17,1.0,-1.0,0.0009815460310944,124.91632080078124,0.5977344573410464,0.20328516261958118,0.1989803707261467
2019-06-18,1.0,-1.0,0.0030161457709889,125.2936553955078,0.6002432745933193,0.2065344377458393,0.19322230349332511
2019-06-19,1.0,-1.0,0.0172380045740013,127.4721908569336,0.5718042505242016,0.23467386449286345,0.19352188591425754
2019-06-20,-1.0,-1.0,0.003914155326298,127.97211456298828,0.5621467387299324,0.2511980295530025,0.1866552377706617
2019-06-21,-1.0,-1.0,0.0092428969110895,129.16043090820312,0.553645651672931,0.2679661647360951,0.17838817381208694
2019-06-24,-1.0,-1.0,0.0001456538712572,129.1792449951172,0.5451369303946425,0.2759563510221697,0.17890672696509105
2019-06-25,-1.0,-1.0,0.0058963132866164,129.94317626953125,0.5397081857126121,0.2858752603613383,0.17441655206340428
2019-06-26,1.0,-1.0,-0.0320810481670851,125.8406219482422,0.4510771547106764,0.3199914315095654,0.22893142495562924
2019-06-27,1.0,-1.0,0.003740257209878,126.31217956542967,0.3819131271411117,0.2935691126207345,0.32451775465021837
2019-06-28,1.0,1.0,0.0016412602971969,126.51966094970705,0.34457041316890324,0.30067998292525444,0.3547496094937779
2019-07-01,1.0,1.0,-0.0014171369343153,126.34049224853516,0.34363499201024755,0.26708751101137856,0.38927748393985795
2019-07-02,0.0,-1.0,0.0127578153060296,127.962646484375,0.3691936633774284,0.3071258537450378,0.32368048660282406
2019-07-03,0.0,-1.0,0.0066112880694438,128.8114471435547,0.4066947176556148,0.3051117488912686,0.2881935297278262
2019-07-05,0.0,-1.0,0.0064226346617488,129.64141845703125,0.47054413830007136,0.2500252922627741,0.27943056757450946
2019-07-08,0.0,-1.0,-0.0029144920856294,129.26412963867188,0.4025145185267608,0.2797191599786786,0.3177663252198509
2019-07-09,1.0,-1.0,-0.0007295387331566,129.16986083984375,0.4371339815513092,0.2515980528236531,0.311267969350328
2019-07-10,1.0,-1.0,-0.0036574769226475,128.6982879638672,0.39357089700708786,0.2516835689383623,0.3547455340545499
2019-07-11,-1.0,-1.0,0.01013441327763,130.0092010498047,0.4851261189123913,0.21099397582271567,0.30387990526489295
2019-07-12,-1.0,-1.0,0.0039823031417302,130.52796936035156,0.4829794628469076,0.2119006640146554,0.30511986755050147
2019-07-15,-1.0,-1.0,0.0036060674575116,130.99951171875,0.45126931194479464,0.24948701212770796,0.29924366847691675
2019-07-16,-1.0,-1.0,0.0,130.99951171875,0.4472651709505313,0.2391984827293168,0.31353635563337756
2019-07-17,1.0,1.0,-0.0131896410568891,129.28302001953125,0.4005455234383154,0.1817551100825844,0.4176993720670356
2019-07-18,1.0,1.0,-0.005926629678946,128.51907348632812,0.4382953451184749,0.11879876882351752,0.44290588140139464
2019-07-19,1.0,1.0,0.0011002388362119,128.66055297851562,0.4353285059491766,0.11935474785025135,0.4453167378186688
2019-07-22,1.0,-1.0,0.0014650256546597,128.84918212890625,0.4431825643470037,0.12996255387186303,0.42685488643774605
2019-07-23,1.0,-1.0,0.0131611813895829,130.5561981201172,0.42619257218651835,0.20333737630497778,0.3704700440579234
2019-07-24,1.0,-1.0,0.0061932861758623,131.36727905273438,0.462649106342074,0.1949142713810268,0.34243661668896375
2019-07-25,-1.0,-1.0,0.010214015474313,132.7159423828125,0.48141139721368575,0.20509607498297178,0.31349253618524553
2019-07-26,-1.0,-1.0,-0.0037734055133222,132.21609497070312,0.4449035984449989,0.24405654937477256,0.3110398596308091
2019-07-29,-1.0,-1.0,0.0081698485253208,133.3007049560547,0.43526910730333757,0.24101564734768366,0.3237152434863336
2019-07-30,-1.0,-1.0,-0.0021954038971792,133.0083770751953,0.42766955294428527,0.24772414841024015,0.32460629492018434
2019-07-31,-1.0,-1.0,-0.0048338261195303,132.3669891357422,0.3784286786174449,0.2718321886884659,0.3497391252435085
2019-08-01,1.0,1.0,-0.029500960525919,128.51907348632812,0.449661593888806,0.07675985499846438,0.4735785478531006
2019-08-02,-1.0,1.0,0.0130501644805056,130.20726013183594,0.43869912559484336,0.11898207232570393,0.44231880487342035
2019-08-05,-1.0,-1.0,-0.0084373213620629,129.11328125,0.5074488028440935,0.07645825927052644,0.41609293369442835
2019-08-06,1.0,1.0,-0.0348593080900449,124.69002532958984,0.40035501433265297,0.09078020126253712,0.5088647965120034
2019-08-07,1.0,1.0,0.018584060931733,127.02893829345705,0.4296835736605409,0.0869619292565282,0.48335450779314065
2019-08-08,1.0,1.0,0.0043710502018128,127.5854034423828,0.4332979915872469,0.08862165676915736,0.4780803413990474
2019-08-09,-1.0,-1.0,0.0263355210154448,130.9900665283203,0.4706946268425857,0.14369636418463805,0.38560902573658257
2019-08-12,-1.0,1.0,-0.008532242197107,129.87718200683594,0.40944807830564817,0.1555743710570582,0.43497754877464845
2019-08-13,1.0,-1.0,-0.0140403218827078,128.06640625,0.47163983640471663,0.09514064802395752,0.43321950718942254
2019-08-14,-1.0,-1.0,0.0204824479066185,130.71656799316406,0.4377890237818217,0.16367215680940092,0.39853881568348704
2019-08-15,1.0,1.0,-0.0305768813336148,126.7801513671875,0.346043116550925,0.09931325282200473,0.5546436441312476
2019-08-16,1.0,1.0,-0.0022420412217437,126.49622344970705,0.3456950604378106,0.09686867949055031,0.5574362759041228
2019-08-19,-1.0,1.0,0.018161515152851,128.8145751953125,0.3216733728244112,0.15006559955353,0.5282610369352845
2019-08-20,-1.0,1.0,0.0166097086113548,130.97201538085938,0.33774634331578535,0.21079460244964499,0.45145905795985997
2019-08-21,-1.0,1.0,-0.0083430870392908,129.88385009765625,0.3261823198754598,0.25531929013259136,0.4184983825413683
2019-08-22,-1.0,1.0,0.0110848627658521,131.33160400390625,0.3258387417440982,0.2558567942223156,0.4183044677588765
2019-08-23,-1.0,-1.0,-0.0073034004655358,130.3759307861328,0.4109667002998937,0.2165767261473713,0.37245657169008983
2019-08-26,1.0,1.0,-0.0323812409107219,126.22181701660156,0.34608444509170416,0.11341534056957372,0.5405002180640123
2019-08-27,0.0,1.0,0.0153253724697784,128.17111206054688,0.3375858391623259,0.15081874328150402,0.511595415693525
2019-08-28,0.0,1.0,0.0021388278759339,128.44554138183594,0.3444947346702291,0.14675820834911057,0.5087470495300797
2019-08-29,1.0,1.0,-0.0013268784787352,128.2752227783203,0.3417282448085382,0.14955205486134932,0.5087197115059834
2019-08-30,0.0,1.0,0.0187084845815477,130.69764709472656,0.3166959631336017,0.31514284002255005,0.36816118939326764
2019-09-03,0.0,1.0,-0.0018843481266218,130.45159912109375,0.30003610273937953,0.27182518299435826,0.42813871799155245
2019-09-04,1.0,1.0,-0.0132898568661809,128.72938537597656,0.3393105878239808,0.20235930554012527,0.45833011036118415
2019-09-05,0.0,1.0,0.0116201352507557,130.2339630126953,0.2921260294541812,0.24879021923997557,0.45908374385526274
2019-09-06,-1.0,-1.0,0.017430652668685,132.52392578125,0.35307323776070976,0.3061732615737297,0.3407535081161411
2019-09-09,-1.0,0.0,-0.0068064624574224,131.62496948242188,0.34876837236149827,0.35061554477596885,0.3006160940384038
2019-09-10,0.0,-1.0,-0.0114239228714963,130.12985229492188,0.42611643948765743,0.19548038162982573,0.3784031784168555
2019-09-11,0.0,1.0,-0.0105263633538985,128.76724243164062,0.3836474383857728,0.1556389844147541,0.46071357999344065
2019-09-12,0.0,1.0,0.0002941897312747,128.8051300048828,0.423120032418827,0.13209224376076836,0.44478772940834005
2019-09-13,1.0,1.0,0.0102321736226239,130.12985229492188,0.41542440158263333,0.1653559861579466,0.4192196113280975
2019-09-16,1.0,1.0,-0.0014548246045685,129.940673828125,0.38994987875447973,0.16073517213359123,0.44931496121912257
2019-09-17,1.0,1.0,-0.0072358976228378,129.0038299560547,0.3933927238030425,0.11627271943361521,0.490334535342923
2019-09-18,1.0,1.0,0.007745057074058,130.00685119628906,0.4112426786903354,0.14723280779765455,0.4415245237565584
2019-09-19,1.0,1.0,0.0081914683338926,131.076171875,0.368312201069582,0.20150589071799999,0.4301819044871276
2019-09-20,-1.0,-1.0,0.0182414754097067,133.4891357421875,0.43978705196262335,0.2726071478686136,0.2876057964434728
2019-09-23,-1.0,-1.0,-0.0116222644880275,131.94667053222656,0.3970270071817886,0.25943117736418114,0.3435418080034496
2019-09-24,-1.0,1.0,-0.0021536354511532,131.66281127929688,0.3655767491310554,0.25566960106420833,0.37875365725531684
2019-09-25,1.0,1.0,-0.0127299326811331,129.99737548828125,0.32521186002169644,0.16988302544644607,0.5049051201197928
2019-09-26,-1.0,1.0,0.0143099269788864,131.87100219726562,0.35449511454894245,0.2208776576043041,0.42462723529733404
2019-09-27,-1.0,1.0,0.0012904901698183,132.04129028320312,0.32208676992966123,0.27882486126471817,0.3990883837067818
2019-09-30,-1.0,1.0,-0.0130557405000751,130.32859802246094,0.3321014680002581,0.2162715131624188,0.45162701883732315
2019-10-01,-1.0,-1.0,0.0093943217532442,131.5587158203125,0.3994020440463382,0.20188679488111455,0.3987111647978375
2019-10-02,-1.0,1.0,-0.0141980163940167,129.70404052734375,0.38757796047871595,0.1028448491255948,0.5095771801511411
2019-10-03,1.0,1.0,-0.0178130062131759,127.41407775878906,0.332231555383356,0.09394262257976771,0.5738258173802635
2019-10-04,1.0,1.0,0.0120328789248997,128.9564971923828,0.33789285982640294,0.09495376624391294,0.567153365547781
2019-10-07,-1.0,1.0,0.0134115017127629,130.69764709472656,0.30072331694796267,0.15363234218508387,0.5456443427295986
2019-10-08,1.0,1.0,-0.007266629611543,129.75135803222656,0.31430844732346647,0.12587106333137923,0.5598204893451542
2019-10-09,1.0,1.0,-0.0106306831568714,128.3793182373047,0.3387374634747753,0.09180922394971316,0.5694533153694792
2019-10-10,1.0,1.0,0.0187656632133886,130.81118774414062,0.3315190567328035,0.14966902336831803,0.5188119180362333
2019-10-11,1.0,1.0,0.0062017700242413,131.62496948242188,0.3914376534687948,0.18669472207329896,0.42186762259526117
2019-10-14,-1.0,1.0,0.0041608510592756,132.1737823486328,0.3498694373944587,0.23133125440288485,0.4187992988894307
2019-10-15,-1.0,1.0,-0.000931034615727,132.05078125,0.36820617107385145,0.2293720464998481,0.4024217787010101
2019-10-16,-1.0,-1.0,0.0143712591684787,133.96221923828125,0.47517389899083695,0.25691042498244,0.2679156629882071
2019-10-17,-1.0,-1.0,-0.0082274133871758,132.8645782470703,0.47396150199891945,0.2464292331367492,0.2796092779028473
2019-10-18,-1.0,-1.0,-0.0051410070158652,132.1832733154297,0.44033237082440807,0.25229368611186315,0.3073739393384385
2019-10-21,1.0,1.0,-0.0164564814168311,130.0258026123047,0.3195511926558474,0.14952780951820277,0.5309210108644657
2019-10-22,-1.0,1.0,0.0073956856553762,130.99099731445312,0.38826050285291247,0.1667529296145537,0.44498657312046924
2019-10-23,1.0,-1.0,-0.0149933272552728,129.04165649414062,0.4636227840831188,0.08903052001008943,0.44734670428869494
2019-10-24,1.0,1.0,0.0063599858528095,129.86497497558594,0.43865341419817316,0.0998854620135211,0.4614611182003703
2019-10-25,1.0,-1.0,0.0194824971799367,132.4198760986328,0.4448454447274132,0.1742407694960728,0.38091376994403014
2019-10-28,1.0,1.0,0.00562880259588,133.16734313964844,0.3648137224629193,0.24415919518965726,0.39102707862213315
2019-10-29,0.0,-1.0,0.0242890433049733,136.4414520263672,0.4834645680825061,0.2880761883127263,0.2284592529179934
2019-10-30,0.0,-1.0,-0.0094768406487179,135.15452575683594,0.4868464455722514,0.29036735352472615,0.2227861897271516
2019-10-31,0.0,-1.0,0.0123852111145984,136.83885192871094,0.5600265935716562,0.23891473324608578,0.20105867504490327
2019-11-01,0.0,-1.0,-0.0086116963590079,135.66549682617188,0.5089853600189977,0.28184901787812566,0.20916563793536047
2019-11-04,1.0,-1.0,0.002438152661238,135.99667358398438,0.5131258872899774,0.28215078715431835,0.20472332555570422
2019-11-05,0.0,-1.0,0.0057587550201823,136.7821044921875,0.5366461034649134,0.23751578025025855,0.22583812001011833
2019-11-06,1.0,-1.0,-0.0006225616004478,136.6969757080078,0.48189232119597686,0.2965289996765526,0.2215786772648254
2019-11-07,1.0,-1.0,-0.0027733681381398,136.31838989257812,0.4781004944955121,0.3045874291765062,0.2173120781906268
2019-11-08,1.0,-1.0,0.0013875896252594,136.50767517089844,0.4558392246280006,0.3211652124717335,0.22299556383158853
2019-11-11,1.0,-1.0,0.0117153709682631,138.11631774902344,0.5066987789272047,0.25617687480116846,0.23712434999691698
2019-11-12,1.0,-1.0,0.0010273576822458,138.25828552246094,0.5061240730853334,0.2604382192599535,0.2334377076547131
2019-11-13,1.0,-1.0,0.0065485028297962,139.16664123535156,0.5414858275898291,0.24093068652512906,0.21758349706091284
2019-11-14,1.0,-1.0,0.0016308302551311,139.39378356933594,0.5386742177749599,0.23815612208255188,0.22316965269190747
2019-11-15,1.0,-1.0,0.0050783168407578,140.1034698486328,0.5525772108501958,0.2233417461489154,0.22408105417675966
2019-11-18,0.0,-1.0,0.0128176659747689,141.91082763671875,0.5678206261074301,0.21749925446509577,0.2146801184961517
2019-11-19,0.0,-1.0,0.0024640948284283,142.2609405517578,0.5666949871394475,0.2128251513008866,0.22047987087289156
2019-11-20,1.0,-1.0,0.0003325553542005,142.30825805664062,0.5572324503299407,0.22211564782210313,0.22065191209250445
2019-11-21,1.0,-1.0,-0.0017364902297109,142.0613555908203,0.5233548496700793,0.23580850417726185,0.24083665360323947
2019-11-22,1.0,-1.0,-0.0009360852047116,141.92843627929688,0.5376117267106835,0.23399843827505468,0.2283898275636813
2019-11-25,1.0,-1.0,0.0007356383342771,142.0328826904297,0.48301603134388804,0.27714947770868564,0.23983447418362008
2019-11-26,-1.0,-1.0,0.0109038168318466,143.59005737304688,0.48439041680115913,0.2654560436350182,0.25015353583853245
2019-11-27,-1.0,-1.0,0.0052758898483729,144.34962463378906,0.5179336471324314,0.23298005484007067,0.2490862989588205
2019-11-29,-1.0,-1.0,0.0019059853035673,144.62501525878906,0.5312594053704583,0.21852059741404228,0.25022000047512843
2019-12-02,-1.0,-1.0,-0.006190476783859,143.73248291015625,0.5383581932657897,0.20114265021602495,0.26049915232723375
2019-12-03,1.0,-1.0,-0.0121624327496416,141.99493408203125,0.3474527339320861,0.3427627137191224,0.30978454117292054
2019-12-04,1.0,1.0,-0.0016062057723803,141.7670440673828,0.36430123307371554,0.24840336034845573,0.3872954214789899
2019-12-05,1.0,-1.0,0.0036103686035439,142.27980041503906,0.38623940160937914,0.23775705972015132,0.37600354239575984
2019-12-06,1.0,-1.0,0.0005336156823285,142.35574340820312,0.4187615802921555,0.21796199876657602,0.3632764209412686
2019-12-09,1.0,-1.0,0.0120658176656005,144.0837860107422,0.46167568012905924,0.20147876585451702,0.33684554097790764
2019-12-10,1.0,-1.0,-0.0025730241274144,143.71353149414062,0.43854664375776214,0.18664850555453583,0.37480486186357287
2019-12-11,1.0,1.0,-0.001520945485086,143.4951171875,0.3869043354957608,0.19689033569795256,0.4162053288062866
2019-12-12,1.0,-1.0,0.0037647714136774,144.03636169433594,0.456775674965721,0.17098145774752288,0.37224287473733664
2019-12-13,1.0,-1.0,0.0101001345672728,145.49851989746094,0.47640555616737007,0.18086639988461375,0.3427280476733064
2019-12-16,1.0,-1.0,0.0083828783990476,146.7233428955078,0.43691006773001917,0.25595437272535754,0.30713555581933305
2019-12-17,-1.0,-1.0,0.0064504689091899,147.67283630371094,0.48160600108332297,0.2125595078409916,0.3058344892130403
2019-12-18,1.0,-1.0,-0.0054158181003785,146.87522888183594,0.4666293766077366,0.20986409893384136,0.3235065142138736
2019-12-19,1.0,-1.0,-0.0020704773335419,146.57144165039062,0.4655672559116101,0.19653623475524848,0.33789651026446393
2019-12-20,1.0,-1.0,0.0086429037144457,147.84373474121094,0.4968216190874862,0.21396251494322382,0.2892158827330963
2019-12-23,1.0,-1.0,0.0108586807077141,149.45787048339844,0.4823878223988822,0.2616151969743551,0.25599697876411753
2019-12-24,1.0,-1.0,0.0,149.45787048339844,0.5034136042071167,0.2369552247466868,0.2596311729088416
2019-12-26,1.0,-1.0,-0.0001905260177923,149.4293975830078,0.508208304084492,0.2283356144379029,0.26345608985950825
2019-12-27,-1.0,-1.0,0.0081631553931131,150.65420532226562,0.550250978472392,0.22212871019878355,0.2276203304209372
2019-12-30,-1.0,-1.0,0.0018260941777718,150.9295654296875,0.5387036552448894,0.20733056273941153,0.25396579365723126
2019-12-31,1.0,-1.0,-0.0086558192326979,149.6287841796875,0.5316038954682291,0.19961982654697935,0.2687762840383883
2020-03-16,-1.0,1.0,0.1329287912522155,151.218017578125,0.2176125158969109,0.20180644926202365,0.5805810218025493
2020-03-17,0.0,1.0,-0.1594532926062965,128.92996215820312,0.20839659852201126,0.15721475590814865,0.6343886516234367
2020-03-18,-1.0,1.0,0.0791222720566797,139.54562377929688,0.22611680726870675,0.17076252425346472,0.6031206740657638
2020-03-19,0.0,1.0,-0.0430077206051565,133.6713104248047,0.2183508227037489,0.16770666709515553,0.6139425092697728
2020-03-20,1.0,1.0,0.0163190107905124,135.87059020996094,0.22734998980064713,0.18238673377380815,0.5902632773568671
2020-03-23,1.0,1.0,-0.0382824057004854,130.76744079589844,0.21890895255241494,0.18750424478128597,0.5935867933530732
2020-03-24,1.0,1.0,-0.0100243174698766,129.463134765625,0.21742538655876956,0.2005318433938007,0.5820427607342038
2020-03-25,0.0,1.0,0.0869988638915146,141.23074340820312,0.23751063015978147,0.3172288614732285,0.44526051581757053
2020-03-26,0.0,1.0,-0.0096184833456025,139.8788299560547,0.22141936108835858,0.32827790400702545,0.4503027274540352
2020-03-27,0.0,1.0,0.0606724964872931,148.6283721923828,0.227656837037571,0.3698877271440388,0.4024554348870677
2020-03-30,0.0,1.0,-0.0419277026990181,142.5255584716797,0.22954218530164355,0.36962480672623965,0.40083301169740704
2020-03-31,0.0,1.0,0.0679771913420035,152.55093383789062,0.22333770167001404,0.38532872063156126,0.3913335767671021
2020-04-01,0.0,1.0,-0.0158521938561972,150.1517333984375,0.2237780503844598,0.38331312638561876,0.3929088344057924
2020-04-02,0.0,0.0,-0.0361541694535746,144.82008361816406,0.22723304547478762,0.3865878267055285,0.386179116643813
2020-04-03,0.0,0.0,0.020497210455779,147.81912231445312,0.22911990932705534,0.3967846331163276,0.374095451037359
2020-04-06,0.0,0.0,-0.0092530248005817,146.45765686035156,0.23326136250659982,0.38969000617077876,0.37704862852865373
2020-04-07,0.0,0.0,0.0717324283407549,157.34939575195312,0.22838071827492112,0.4182781015455493,0.353341179248207
2020-04-08,0.0,0.0,-0.0108287320600982,155.65469360351562,0.22352625831767842,0.38875164077045066,0.3877220897359999
2020-04-09,0.0,0.0,0.0099812087737844,157.21609497070312,0.22147221376059736,0.39177426047711666,0.386753514586415
2020-04-13,0.0,1.0,6.065825466328462e-05,157.2256317138672,0.2248100749321441,0.3861112833549102,0.3890786351936877
2020-04-14,1.0,1.0,0.0022378025448605,157.57786560058594,0.2256507119984819,0.3849662645907402,0.3893830168915199
2020-04-15,0.0,0.0,0.0482982082642786,165.37538146972656,0.2299689843363455,0.4126979629890799,0.35733305639986496
2020-04-16,0.0,0.0,-0.0105330015985866,163.6426239013672,0.22418343755380266,0.3906760393858986,0.38514052957955675
2020-04-17,-1.0,0.0,0.029579126639348,168.55532836914062,0.22966602582453327,0.41533158968526246,0.35500238821549457
2020-04-20,-1.0,0.0,0.0087726608734612,170.04051208496094,0.22939489825474624,0.41528568763877455,0.35531941783176935
2020-04-21,-1.0,1.0,-0.0200199094145121,166.670166015625,0.2241887310135522,0.38253282795185234,0.3932784298587245
2020-04-22,0.0,1.0,-0.0422366116369698,159.7771759033203,0.230031421059461,0.36550181067859017,0.4044667785064971
2020-04-23,0.0,1.0,0.0334008481053782,165.20399475097656,0.23509071877853518,0.36351768465678513,0.40139160168695387
2020-04-24,1.0,1.0,-0.0121761954341883,163.2046356201172,0.2441346250042743,0.34348152274660365,0.412383845729864
2020-04-27,0.0,1.0,0.0180945606516262,166.18463134765625,0.24593584680891306,0.33484240884423816,0.4192217247890747
2020-04-28,0.0,1.0,-0.0028685656691836,165.70860290527344,0.24821352486476894,0.32248482254989375,0.429301648860047
2020-04-29,1.0,1.0,-0.0246621177800272,161.67185974121094,0.24038173842967508,0.2897017750916928,0.46991649253222884
2020-04-30,0.0,1.0,0.0438956081166305,168.92660522460938,0.24071364228754527,0.30942914839359814,0.4498571995399695
2020-05-01,0.0,1.0,0.0099823708161212,170.621337890625,0.23940169050974114,0.32149634358003626,0.43910197196381934
2020-05-04,1.0,1.0,-0.0262325292040249,166.20370483398438,0.2503582123540745,0.2642332001970805,0.485408587448845
2020-05-05,1.0,1.0,0.0241657077710851,170.26905822753906,0.2576592990589878,0.23280432471483486,0.5095363915929997
2020-05-06,1.0,1.0,0.010678568013024,172.09703063964844,0.2549998459133656,0.24624911368963515,0.4987510371373701
2020-05-07,0.0,1.0,0.0097991071364468,173.79171752929688,0.2561188397780184,0.2726905328419989,0.4711906311052728
2020-05-08,0.0,1.0,0.0057901617234768,174.80091857910156,0.2564411118842178,0.2772990094924628,0.4662598832799322
2020-05-11,-1.0,1.0,0.0058652251221215,175.8291778564453,0.25626913241073335,0.2773256486335267,0.46640521523044953
2020-05-12,-1.0,1.0,0.0110925004979067,177.79042053222656,0.25688853275450385,0.2717228957989373,0.4713885723778813
2020-05-13,0.0,1.0,-0.0229123489330285,173.7631378173828,0.25338213642739443,0.24445679712916277,0.5021610510766201
2020-05-14,1.0,1.0,-0.0152377334404888,171.1354522705078,0.24290843543738486,0.21713532380772818,0.539956237960919
2020-05-15,1.0,1.0,0.0043296849080189,171.87802124023438,0.23811663672832706,0.19615060058618097,0.565732779449298
2020-05-18,0.0,1.0,0.0144631829461677,174.38198852539062,0.2391893347126609,0.20952370307108764,0.5512869789800576
2020-05-19,0.0,1.0,0.0095092594312998,176.0481414794922,0.2448961058749632,0.20385079351642488,0.551253089898402
2020-05-20,0.0,1.0,-0.0069463725376759,174.82948303222656,0.24356004530864636,0.1941980821971832,0.562241875288138
2020-05-21,-1.0,1.0,0.0137752721363176,177.2544708251953,0.24353763509411502,0.20478490546959577,0.5516774501230632
2020-05-22,0.0,1.0,-0.0120839440496235,175.12542724609375,0.24305376936843331,0.1892386749381551,0.5677075547620888
2020-05-26,0.0,1.0,0.0004360808440674,175.20181274414062,0.24478717460090765,0.17394340989781315,0.5812694243488434
2020-05-27,0.0,1.0,-0.0106278423529042,173.3496551513672,0.23544429157939184,0.15714602341034523,0.6074096854759241
2020-05-28,0.0,1.0,0.0013207076069871,173.57875061035156,0.2371905380496219,0.14532976374659662,0.6174796865622489
2020-05-29,1.0,1.0,-0.0022573607435196,173.18736267089844,0.2330791134025294,0.1414711093869674,0.6254497692942611
2020-06-01,1.0,1.0,0.0101469293665072,174.95362854003906,0.23445869390117408,0.142074447224682,0.6234668630650952
2020-06-02,1.0,1.0,-0.0022944974110605,174.5526580810547,0.23358159359112468,0.1300484262052923,0.6363699701918653
2020-06-03,-1.0,1.0,0.0113124230819729,176.53848266601562,0.24363909823599034,0.13721178922212457,0.619149104625643
2020-06-04,-1.0,1.0,0.002430398558486,176.9680633544922,0.2542088158145581,0.13970308818997706,0.606088102281892
2020-06-05,1.0,1.0,-0.0132508749738455,174.6385498046875,0.24410894564242347,0.1306227312265393,0.625268305785154
2020-06-08,1.0,1.0,0.0231285714950986,178.72476196289062,0.2805928375720693,0.1504304380396246,0.5689767304419024
2020-06-09,1.0,1.0,0.0061778030167446,179.83230590820312,0.28759558118276696,0.17311403005942447,0.5392903924830987
2020-06-10,1.0,1.0,0.0076156664767388,181.2070770263672,0.30038970279324917,0.22983915566309615,0.4697711266424933
2020-06-11,-1.0,1.0,0.0364201334316771,187.9283142089844,0.2761070344334421,0.3073400937295103,0.41655287556233767
2020-06-12,1.0,1.0,-0.0551939229409888,177.8368682861328,0.2600871452440386,0.2076760884352341,0.5322367630610982
2020-06-15,1.0,1.0,0.0078610187904262,179.2403564453125,0.26293440940454516,0.20231061564815175,0.534754987985819
2020-06-16,1.0,1.0,0.0063712449390194,180.385986328125,0.24989686054373433,0.19680702936282182,0.5532961184753468
2020-06-17,1.0,1.0,0.0242097655496688,184.8063812255859,0.2669958184491898,0.22494306688809454,0.5080611155940382
2020-06-18,1.0,1.0,0.003455370012453,185.4460601806641,0.267559884054643,0.2368654622950832,0.4955746489936608
2020-06-19,1.0,1.0,0.0106513576827031,187.4318695068359,0.2594256656108096,0.272850469528551,0.46772386951725214
2020-06-22,1.0,1.0,-0.0059774329584944,186.3148498535156,0.2565677312066323,0.2497390695833998,0.4936932113171612
2020-06-23,-1.0,1.0,0.0273950032403388,191.489501953125,0.2634636267757301,0.2661212912382757,0.4704150866426069
2020-06-24,-1.0,1.0,0.0066585502460303,192.768798828125,0.2804963309033815,0.27875386613117675,0.4407498048280869
2020-06-25,1.0,1.0,-0.020363461652995,188.883056640625,0.2671224541821219,0.2481761833673628,0.4847013445225557
2020-06-26,-1.0,1.0,0.0125572711310114,191.26986694335932,0.2628696064042349,0.254283424130444,0.48284695875511147
2020-06-29,1.0,1.0,-0.0202191315874363,187.44139099121097,0.26755901605787213,0.21927248358194895,0.5131685073450982
2020-06-30,1.0,1.0,0.0106900756772167,189.45590209960932,0.2607146152118403,0.21878050802104335,0.5205048735074872
2020-07-01,1.0,1.0,0.0252283904294165,194.29637145996097,0.26860466339971373,0.2378549185128854,0.49354042181269103
2020-07-02,1.0,1.0,0.0058302669294821,195.43247985839844,0.26559422722204395,0.2542328096475749,0.4801729528858328
2020-07-06,1.0,1.0,0.0075919733021554,196.92184448242188,0.26790673761091327,0.25746039527913533,0.4746328624533384
2020-07-07,0.0,1.0,0.0212978799647265,201.1608428955078,0.28089620879580346,0.2941944411331829,0.42490934820836845
2020-07-08,1.0,1.0,-0.0116961227560383,198.82174682617188,0.2661574940957244,0.28975712922261565,0.4440853934454662
2020-07-09,-1.0,1.0,0.0217544626572214,203.19439697265625,0.27177523929572095,0.3639313664720803,0.3642933858502956
2020-07-10,-1.0,0.0,0.0069766699811655,204.61697387695312,0.26313966053150556,0.4072515104468676,0.3296088364722075
2020-07-13,-1.0,1.0,-0.0030375447873587,203.9963836669922,0.2659865606134676,0.3614941926073362,0.3725192281527448
2020-07-14,-1.0,1.0,-0.0313759414864485,197.69517517089844,0.2543186337688722,0.26789944558467615,0.4777819178524838
2020-07-15,-1.0,1.0,0.0061625152883239,198.917236328125,0.26422035842932184,0.21913334894990105,0.5166462916894543
2020-07-16,-1.0,1.0,-0.0014891139239897,198.62124633789065,0.24958773833021913,0.19319406642488934,0.5572181915196011
2020-07-17,1.0,1.0,-0.020002606697164,194.68777465820312,0.23415905240563686,0.1710286258765374,0.594812322649148
2020-07-20,1.0,1.0,-0.005113033962197,193.6948699951172,0.21896166904097575,0.1477260065581644,0.6333123309201176
2020-07-21,-1.0,1.0,0.042083015422042,202.02008056640625,0.2282852571778825,0.17067339697306363,0.6010413616815374
2020-07-22,-1.0,1.0,-0.0135602227123768,199.29913330078125,0.22934160395468728,0.16673677792981287,0.6039216050769837
2020-07-23,-1.0,1.0,0.0142689059842607,202.16329956054688,0.2337178854120246,0.1790089408453724,0.5872731905064092
2020-07-24,0.0,1.0,-0.0444690161997642,193.3702545166016,0.21663236938312969,0.10903458843588486,0.67433302140085
2020-07-27,0.0,1.0,-0.0061408679645591,192.1864318847656,0.20503050130337766,0.10110187185214078,0.6938676374382754
2020-07-28,1.0,1.0,0.0125878749656743,194.62094116210932,0.21011760994242173,0.10202898152088352,0.6878534187812427
2020-07-29,1.0,1.0,-0.0090176353751159,192.87380981445312,0.2039758511606703,0.09744245822531121,0.6985816920692096
2020-07-30,1.0,1.0,0.0100474719656797,194.82147216796875,0.21100789263063163,0.10249603468010826,0.6864960788592718
2020-07-31,1.0,1.0,-0.0007843881546098,194.6687164306641,0.21282594256509574,0.1029881134865765,0.6841859501183394
2020-08-03,1.0,1.0,0.0054288832287312,195.7284240722656,0.21582710390160137,0.1194224811070258,0.6647503967141669
2020-08-04,-1.0,1.0,0.0547166138604285,206.73643493652344,0.24847029788626285,0.2030272923870502,0.5485024060013965
2020-08-05,-1.0,1.0,-0.0151226158174205,203.6335601806641,0.2537065306137383,0.21092942373920848,0.535364058685569
2020-08-06,-1.0,1.0,-0.00164214639898,203.2994384765625,0.25491602512835443,0.21545600403399462,0.5296279787538927
2020-08-07,-1.0,1.0,0.0158870222086176,206.5550537109375,0.26240397222053735,0.25316374136141373,0.4844322892120165
2020-08-10,-1.0,1.0,-0.0180496883466065,202.86024475097656,0.25412417348868765,0.22724102758858244,0.5186348096329394
2020-08-11,-1.0,1.0,-0.0201086137355537,198.82174682617188,0.25056027938983394,0.19840421270594463,0.5510355102325276
2020-08-12,1.0,1.0,-0.0236630722546058,194.1722412109375,0.2290263143657636,0.11695238222653154,0.654021311382154
2020-08-13,0.0,1.0,0.0281667360293907,199.7191925048828,0.23945004101530976,0.1644770028109884,0.5960729505857661
2020-08-14,1.0,1.0,-0.0023452091210781,199.25135803222656,0.23494820938771757,0.15959069398157405,0.6054611131616838
2020-08-17,0.0,1.0,0.0009581002777744,199.44235229492188,0.23619853191857937,0.15862926720066353,0.6051722174117325
2020-08-18,0.0,1.0,0.0065842197335471,200.7598571777344,0.24233658755118437,0.16566298797930246,0.5920004214427146
2020-08-19,0.0,1.0,0.0057377079864417,201.91506958007807,0.24277164645729377,0.17935848524982254,0.5778698627049481
2020-08-20,1.0,1.0,-0.0060854161227957,200.6900634765625,0.24415234234401972,0.17406382904697815,0.5817838295403245
2020-08-21,1.0,1.0,0.0230048004619607,205.36041259765625,0.257652442052751,0.2109237989652698,0.531423754325366
2020-08-24,1.0,1.0,-0.0072965331528851,203.8674468994141,0.26057726734445535,0.20285353190982156,0.5365692128529165
2020-08-25,1.0,1.0,0.0031402688015112,204.50865173339844,0.2619965659356333,0.20424514094288737,0.5337582805486244
2020-08-26,1.0,1.0,0.012925665732666,207.16921997070312,0.2613571851944267,0.21826532086079936,0.5203775111742415
2020-08-27,1.0,1.0,0.0213890512924864,211.64810180664065,0.2632441495239071,0.2526930528482103,0.48406280042185007
2020-08-28,-1.0,1.0,0.0242569754465811,216.8448181152344,0.2723015834794871,0.3369629607091779,0.3907354651245607
2020-08-31,-1.0,1.0,0.0102307561666029,219.07469177246097,0.26457297636389787,0.3602033984297542,0.3752236093738641
2020-09-01,1.0,1.0,-0.0148757786679526,215.83990478515625,0.26664947154589447,0.2909724725669659,0.44237806240639765
2020-09-02,-1.0,1.0,0.0076856114334625,217.50515747070312,0.2646355063141277,0.32898005152594645,0.4063844449538936
2020-09-03,-1.0,0.0,0.0190889124014528,221.6969757080078,0.2633360992997067,0.3990088344420596,0.3376550737088143
2020-09-04,-1.0,1.0,-0.0639486668113732,207.9635467529297,0.25951682903589834,0.283135599192968,0.45734757200396436
2020-09-08,-1.0,1.0,-0.0141352104537184,205.04461669921875,0.24118312607094894,0.24408477180466598,0.5147321044526914
2020-09-09,1.0,1.0,-0.0556138452800936,193.9525909423828,0.2168506121342371,0.12946862318562946,0.6536807698024073
2020-09-10,-1.0,1.0,0.041701719812071,202.21176147460932,0.22151972806944842,0.13140038206659999,0.6470798991771769
2020-09-11,0.0,1.0,-0.0284183240361494,196.5461273193359,0.2106477585789523,0.11345632462797489,0.6758959279689434
2020-09-14,0.0,1.0,-0.0065461052796783,195.2637176513672,0.20535977039914766,0.1110975832608283,0.6835426491339913
2020-09-15,0.0,1.0,0.0067407163998068,196.5843811035156,0.21058067537925437,0.1146023306040046,0.6748169958793858
2020-09-16,-1.0,1.0,0.0162732341203203,199.8096160888672,0.21826380415069868,0.12784807905206386,0.6538881270417856
2020-09-17,0.0,1.0,-0.0180272654889212,196.2398681640625,0.2175357761280845,0.12349836917568421,0.6589658737883438
2020-09-18,0.0,1.0,-0.010491382347358,194.1918029785156,0.22013902477215838,0.12399388560196536,0.6558670751903761
2020-09-21,1.0,1.0,-0.0124968339205114,191.78012084960932,0.21213707270990997,0.13086977801551614,0.6569931488089125
2020-09-22,1.0,1.0,0.0106716591829155,193.8376922607422,0.23342970459564324,0.1428886876647106,0.6236816030830331
2020-09-23,-1.0,1.0,0.0238082852563589,198.5080108642578,0.23931634575661004,0.1807452732291752,0.5799383847395049
2020-09-24,1.0,1.0,-0.0334827095757532,191.97146606445312,0.2375168447135909,0.166773373798023,0.5957097796257407
2020-09-25,1.0,1.0,0.0128785971581822,194.45977783203125,0.24839799298064058,0.17836887717588334,0.5732331223928954
2020-09-28,0.0,1.0,0.0225307039696171,198.8908233642578,0.24765315783622185,0.25035615244004117,0.501990689723737
2020-09-29,0.0,1.0,0.0077653090107207,200.4412841796875,0.23771299104786592,0.27601827320947747,0.48626874272757575
2020-09-30,0.0,1.0,-0.0104635622924232,198.3548889160156,0.24425702280108524,0.25319927709847945,0.5025436907872096
2020-10-01,0.0,1.0,0.0147036840474076,201.29298400878903,0.2568856276221738,0.2564567452910948,0.48665762662107015
2020-10-02,-1.0,1.0,0.0100760845837185,203.33148193359372,0.25800874288864606,0.242304812605353,0.4996864384524041
2020-10-05,1.0,1.0,-0.0299554601884489,197.33091735839844,0.2538504417000389,0.20886078915760434,0.5372887812495499
2020-10-06,1.0,1.0,0.0201172198907598,201.3408660888672,0.26355722571530704,0.22609790705224353,0.5103448709577396
2020-10-07,1.0,1.0,-0.0214764498316705,197.06288146972656,0.25421175076403835,0.20262797075417924,0.5431602696342177
2020-10-08,1.0,1.0,0.0188587937956512,200.81451416015625,0.2643023800349019,0.21993521684778067,0.5157624040486398
2020-10-09,1.0,1.0,0.0035677864597298,201.53225708007807,0.26427544490396077,0.22322419042930242,0.5125003646667365
2020-10-12,1.0,1.0,0.0245328657055705,206.53756713867188,0.2729420672506726,0.2584874303911378,0.468570496770254
2020-10-13,-1.0,1.0,0.0255724918741794,211.88735961914065,0.2599343121970428,0.29741249922102897,0.4426531923072184
2020-10-14,-1.0,1.0,0.0065727887633082,213.28463745117188,0.2516227827460812,0.32144827939098375,0.4269289360002898
2020-10-15,-1.0,1.0,-0.009014799461763,211.3705596923828,0.26219838879144786,0.304044398679314,0.4337572115979155
2020-10-16,-1.0,1.0,-0.0054480311899207,210.22213745117188,0.26233702921894564,0.28908441296089743,0.44857854804126973
2020-10-19,-1.0,1.0,0.0,210.22213745117188,0.26802267713833017,0.27460514458927343,0.45737216849350937
2020-10-20,-1.0,1.0,-0.025077531300844,205.01583862304688,0.26599782662374255,0.24942127367736547,0.48458089480944844
2020-10-21,-1.0,1.0,0.0020052941411344,205.4273681640625,0.25873741561450253,0.23459303599291992,0.5066695449001177
2020-10-22,-1.0,1.0,0.0006988627948745,205.57098388671875,0.25982554285345055,0.21229173795118572,0.5278827112791217
2020-10-23,-1.0,1.0,0.0004187717403859,205.65708923339844,0.2555160170912327,0.20955599619523618,0.5349279927671278
2020-10-26,-1.0,1.0,0.0062165295060354,206.9395446777344,0.25225986255602784,0.19817593531210265,0.5495642067884821
2020-10-27,-1.0,1.0,-0.0288543772728283,201.0537567138672,0.2330632006417097,0.11854780567284814,0.648388993801857
2020-10-28,-1.0,1.0,0.0149768487361142,204.0875701904297,0.23404470372802966,0.1536625449674944,0.6122927578237337
2020-10-29,1.0,1.0,-0.0508370786256817,193.97166442871097,0.2049436292748637,0.09933449473356878,0.6957218800661034
2020-10-30,1.0,1.0,0.0100150311462521,195.9240570068359,0.20149326978682458,0.0964507753363221,0.7020559648885706
2020-11-02,1.0,1.0,-0.0110515867830922,193.7707061767578,0.19860947394235742,0.09530100924281584,0.7060895102955682
2020-11-03,1.0,1.0,-0.000691713289313,193.63671875,0.2041097887550094,0.09641838499953113,0.6994718427764348
2020-11-04,1.0,1.0,0.020061206755356,197.56053161621097,0.2170545247472841,0.1029740038023521,0.6799714917066294
2020-11-05,1.0,1.0,0.0471211840122224,207.09263610839844,0.24490501249756735,0.1779231435792871,0.5771718383352098
2020-11-06,-1.0,1.0,0.0313890151771177,213.6961669921875,0.25965783238879375,0.24265138761565674,0.49769077068232365
2020-11-09,-1.0,1.0,0.0019241312919987,214.1077423095703,0.2657386465059706,0.2730629435670251,0.4611983971213188
2020-11-10,-1.0,1.0,-0.0241130548512172,209.00669860839844,0.2676014174697257,0.2682040431315732,0.46419453124962856
2020-11-11,0.0,1.0,-0.0343772298284553,201.9437255859375,0.26221992846694275,0.229268261883919,0.5085118233861461
2020-11-12,0.0,1.0,0.0259163272913709,207.2457733154297,0.26138917842313,0.24382620417788217,0.49478461157822157
2020-11-13,0.0,1.0,-0.0051390620502885,206.18345642089844,0.25746530918162813,0.23519919825527824,0.5073354893034646
2020-11-16,-1.0,1.0,0.0049540950783678,207.2074432373047,0.25536270387754184,0.24151616403988976,0.5031211418614554
2020-11-17,-1.0,1.0,0.0033199986399187,207.89651489257807,0.2599145910547567,0.2356163403839228,0.5044690545914817
2020-11-18,0.0,1.0,-0.0128333168961218,205.2455596923828,0.2588798369056809,0.214474391868286,0.5266457688977265
2020-11-19,0.0,1.0,-0.0132713317698228,202.5396728515625,0.24319872632872033,0.19008340535460294,0.5667178622630797
2020-11-20,0.0,1.0,0.0063280061800203,203.82540893554688,0.24280923852187591,0.18348316937415204,0.5737075846533912
2020-11-23,0.0,1.0,-0.0096025477906189,201.8775329589844,0.23744921730063812,0.1627840234557287,0.5997667718164877
2020-11-24,0.0,1.0,-0.0013317005767002,201.60887145996097,0.23469496063842485,0.15740458131026558,0.6079004617765996
2020-11-25,0.0,1.0,0.0176905067956738,205.2071685791016,0.24254685882278482,0.1780878025540433,0.5793653535243328
2020-11-27,0.0,1.0,4.677007116332047e-05,205.21676635742188,0.2429353797872728,0.18396313863751296,0.5731014741246333
2020-11-30,0.0,1.0,0.006338886232583,206.5217437744141,0.24983850448966344,0.205053347163781,0.5451081544001519
2020-12-01,0.0,1.0,-0.0054042410182996,205.40866088867188,0.24933082170148166,0.18774237926362958,0.5629268060198078
2020-12-02,0.0,1.0,0.009947269716745,207.4621124267578,0.2723138664069752,0.1963550037071486,0.5313311247636019
2020-12-03,0.0,1.0,-0.0038927596123038,206.6560821533203,0.27215544278803117,0.19476559965318035,0.5330789719942881
2020-12-04,-1.0,1.0,-0.0052604213381866,205.57183837890625,0.26734309376375737,0.18833359976863245,0.5443233064676101
2020-12-07,-1.0,1.0,0.0005598789145629,205.6869659423828,0.2711578732752327,0.1841873599803781,0.5446547518432278
2020-12-08,-1.0,1.0,-0.0003267620117635,205.6197662353516,0.2696048752181516,0.16722933592253522,0.5631657730268292
2020-12-09,-1.0,1.0,0.0079946005775634,207.27020263671875,0.2866873488421606,0.18028187350145497,0.5330307823129969
2020-12-10,1.0,1.0,-0.0196823944713128,203.2305145263672,0.24316866797868242,0.11256356352051305,0.644267775718554
2020-12-11,1.0,1.0,-0.006061695146813,202.0023193359375,0.22906993565553543,0.10028411047917256,0.6706459435625356
2020-12-14,1.0,1.0,0.0129313243393851,204.6314392089844,0.24369352322132232,0.13651926167430883,0.6197872318681749
2020-12-15,1.0,1.0,0.0043982033332312,205.5334320068359,0.25336234152884674,0.1405089240152659,0.6061287277037983
2020-12-16,1.0,1.0,-0.0003270061436347,205.4662322998047,0.2561186915971142,0.14317143594288678,0.6007098882924825
2020-12-17,1.0,1.0,0.0237663172151407,210.40789794921875,0.31959340476214454,0.20402442537487306,0.4763821754509176
2020-12-18,1.0,1.0,0.0006381902206815,210.5422210693359,0.31158070986123615,0.2305636099237583,0.4578556709017796
2020-12-21,1.0,1.0,-0.0037899413266592,209.74578857421875,0.30885230956630244,0.22644456451478184,0.46470312778156064
2020-12-22,0.0,1.0,0.0181337864809976,213.58396911621097,0.28821357343896464,0.26078522937301485,0.451001204638601
2020-12-23,-1.0,1.0,0.0060465777052319,214.87933349609372,0.2810853292222306,0.265622953356598,0.45329172114646143
2020-12-24,1.0,1.0,-0.0131248599919396,212.07749938964844,0.2712077440616665,0.23980550074040546,0.48898674588470215
2020-12-28,-1.0,1.0,0.0077967270433229,213.7374725341797,0.27930636526055397,0.24870017346292886,0.47199346313916213
2020-12-29,-1.0,1.0,0.0098726473798028,215.8580780029297,0.27356151970573306,0.25326319331877034,0.47317526928036757
2020-12-30,-1.0,1.0,-0.0036070411566017,215.08087158203125,0.26518669934798955,0.24556092880335356,0.48925237603960825
2020-12-31,-1.0,1.0,-0.0110809655088557,212.71072387695312,0.2652174538554118,0.2309833175703716,0.5037992187953294
2021-03-17,-1.0,-1.0,0.012274782792707,228.61752319335932,0.4585646771793177,0.19170226723034553,0.34973304068917554
2021-03-18,-1.0,-1.0,-0.0028224340739258,227.97317504882807,0.4404873986707718,0.18603152947954324,0.37348108302555594
2021-03-19,1.0,1.0,-0.0270241338321658,221.8948974609375,0.3498215060836023,0.16814875247162694,0.4820297339941901
2021-03-22,1.0,1.0,-0.0016049754438765,221.53904724121097,0.32964550239078655,0.15883272847173743,0.5115217803133468
2021-03-23,0.0,1.0,0.0241896169100571,226.9633331298828,0.38591196865826016,0.18181844447861087,0.4322695794125484
2021-03-24,-1.0,-1.0,0.0067148786117929,228.49249267578125,0.4320921894062542,0.17219573298264335,0.3957120925122636
2021-03-25,0.0,-1.0,-0.0089631615285593,226.45362854003903,0.4197179322940956,0.18485441731202407,0.39542764666859
2021-03-26,1.0,1.0,-0.0133392840917973,223.4529571533203,0.3614420596900204,0.2023301368543987,0.4362277960050003
2021-03-29,-1.0,-1.0,0.0176617517306536,227.43458557128903,0.4159162245931681,0.1817070654710413,0.40237672483695175
2021-03-30,1.0,-1.0,-0.0052574862758929,226.2419891357422,0.4138796174619465,0.18117464764196062,0.4049457274455123
2021-03-31,1.0,1.0,-0.0145156536664908,222.98165893554688,0.34110168216380854,0.20020182522065716,0.4586964963408246
2021-04-01,1.0,1.0,0.0167662392668999,226.75173950195312,0.3980640063451544,0.17669386896311196,0.42524212096644326
2021-04-05,1.0,-1.0,0.0275261206437893,233.0800323486328,0.4351173143922588,0.17256448255129744,0.3923182067817342
2021-04-06,1.0,-1.0,0.0273510573251521,239.54299926757807,0.4896580498777101,0.18652533388700462,0.32381660878470464
2021-04-07,1.0,-1.0,-0.0048698873410953,238.37928771972656,0.5005596735800291,0.18393393808055614,0.31550639578999534
2021-04-08,1.0,-1.0,0.0081968542062677,240.34127807617188,0.5235995111855962,0.18971872814762147,0.2866817718426533
2021-04-09,1.0,-1.0,0.0133162464251623,243.5631256103516,0.5239504731411666,0.20121514416040134,0.27483439387430286
2021-04-12,0.0,-1.0,0.0102141919264176,246.0636749267578,0.5118863852573035,0.21119031008576344,0.2769233195580943
2021-04-13,0.0,-1.0,0.0002346241662119,246.1214141845703,0.5200349434181641,0.21873103234242167,0.2612340093382528
2021-04-14,0.0,-1.0,0.0100309157249734,248.6026611328125,0.5072434673961772,0.24785651932551733,0.2449000132783054
2021-04-15,1.0,-1.0,-0.0112822397707428,245.81362915039065,0.5116636031159256,0.23200421033028035,0.25633219027908427
2021-04-16,0.0,-1.0,0.0151818412208064,249.57400512695312,0.5073103108940158,0.24553356442063093,0.24715613958651456
2021-04-19,-1.0,-1.0,0.0047671473318361,250.7666015625,0.5107646770560035,0.24202640613712967,0.24720893170802802
2021-04-20,0.0,-1.0,-0.0077000182108643,248.84310913085932,0.5128090075970175,0.2310089531423132,0.2561820541618304
2021-04-21,0.0,-1.0,-0.0018566810156376,248.3815155029297,0.51253216859905,0.22529511754342574,0.26217272875868536
2021-04-22,-1.0,-1.0,0.0089429748067448,250.6127471923828,0.5024958212119619,0.22883306463399056,0.2686711290552087
2021-04-23,1.0,-1.0,-0.0131725908552888,247.3331756591797,0.48901944112385487,0.23310453723061533,0.2778760141949491
2021-04-26,-1.0,-1.0,0.0153574682601315,251.1609039306641,0.49085656730572225,0.21667568443645835,0.29246776315898054
2021-04-27,-1.0,-1.0,0.0015307764824554,251.5456695556641,0.48106898727869,0.21185452275388195,0.3070764750662668
2021-04-28,-1.0,-1.0,0.0016045066357849,251.94960021972656,0.4779135007014025,0.1962121735554742,0.32587431829254265
2021-04-29,-1.0,-1.0,-0.0286935758854506,244.822998046875,0.37985890002679806,0.24280149113759655,0.3773396125608958
2021-04-30,-1.0,1.0,-0.0080856551975147,242.85142517089844,0.3120880734249736,0.1704779680254757,0.5174339660001315
2021-05-03,-1.0,1.0,-0.0013078188274657,242.53402709960932,0.2970318823679687,0.15267673797828993,0.5502913684778706
2021-05-04,-1.0,1.0,-0.0012697184903526,242.2262725830078,0.28998557622333454,0.1495180287849215,0.560496383815873
2021-05-05,1.0,1.0,-0.0162917673905223,238.31195068359372,0.2646902282189588,0.13956986385765904,0.5957398967475112
2021-05-06,1.0,1.0,-0.0053412294038018,237.04246520996097,0.26701423160359544,0.1430759366586798,0.5899098205618538
2021-05-07,-1.0,1.0,0.0131400965665968,240.1777801513672,0.28589274199729786,0.15400242633070077,0.5601048204961305
2021-05-10,-1.0,1.0,0.0108724978271576,242.8033599853516,0.2959716353830401,0.15475827193919625,0.5492700815018927
2021-05-11,-1.0,1.0,-0.0211361731189683,237.72528076171875,0.27165434258485255,0.14435552798025203,0.583990136885476
2021-05-12,-1.0,1.0,-0.0038507728637495,236.8116149902344,0.27591419201651557,0.14744530843322118,0.5766405070008438
2021-05-13,1.0,1.0,-0.0298022878382754,229.85821533203125,0.29938950467413217,0.1503227046980752,0.5502877869025024
2021-05-14,1.0,1.0,0.0167213516033061,233.73406982421875,0.3037188482576175,0.15754917272709792,0.5387319678394136
2021-05-17,-1.0,1.0,0.0208482726636816,238.65817260742188,0.3579272945684113,0.16434614864964883,0.4777265493313593
2021-05-18,1.0,1.0,-0.0120406511437351,235.8018035888672,0.3345548952309736,0.1537768432652462,0.5116682540531996
2021-05-19,1.0,1.0,-0.0086020021843204,233.7821350097656,0.30857085826940267,0.15973065983387646,0.5316984856220113
2021-05-20,1.0,1.0,0.0024707809397736,234.3604736328125,0.3124932380500408,0.16243391358471243,0.5250728520905371
2021-05-21,1.0,1.0,0.0137258855991159,237.59945678710932,0.35648833572713073,0.22363091875008873,0.4198807529733611
2021-05-24,1.0,1.0,-0.0053290098896056,236.3366546630859,0.3358510555269635,0.1866912816618879,0.47745767026172914
2021-05-25,0.0,1.0,0.0226241833492898,241.74452209472656,0.3678846340602866,0.2224425031014651,0.4096728702888289
2021-05-26,-1.0,1.0,0.0037412171238619,242.650634765625,0.4001174312891106,0.18664899554186054,0.4132335582678677
2021-05-27,-1.0,-1.0,-0.0009140560573561,242.4289398193359,0.40740330660879126,0.18727368772148478,0.40532302057088515
2021-05-28,-1.0,1.0,-0.0087060618245792,240.32749938964844,0.40011363749682827,0.1935109489631077,0.4063754284412252
2021-06-01,-1.0,1.0,0.0014829536672915,240.6841583251953,0.3989286178602152,0.18918788986256235,0.4118835071783837
2021-06-02,1.0,1.0,-0.0091737352889058,238.4862823486328,0.3827399854204602,0.19571021757569698,0.42154981190500396
2021-06-03,1.0,1.0,-0.000404190920051,238.3899078369141,0.37500991366142733,0.19558700061805592,0.4294030782699362
2021-06-04,1.0,1.0,-0.0064501386625016,236.85720825195312,0.34575283576723925,0.1945040624972437,0.4597430868343559
2021-06-07,1.0,1.0,0.020463902679354,241.7541656494141,0.3943898114047164,0.18021523872532538,0.4253949498699581
2021-06-08,1.0,1.0,0.0119700942299273,244.66537475585932,0.40260642525302776,0.18324340934946326,0.4141501728480896
2021-06-09,1.0,-1.0,-0.0048975349657741,243.4700469970703,0.41180550313009695,0.18218926506582933,0.4060052169029126
2021-06-10,1.0,-1.0,0.0040303346869122,244.4532928466797,0.40846914350330477,0.18386157678766402,0.4076692722584506
2021-06-11,0.0,-1.0,0.0142906546779358,247.9717712402344,0.42314594200211664,0.19006816210272742,0.38678589589515594
2021-06-14,0.0,-1.0,0.0025236606453968,248.59835815429688,0.4305282512122821,0.1903716181225043,0.3791001306652137
2021-06-15,0.0,-1.0,0.007725415810888,250.5263214111328,0.4537382437293897,0.19392433407114232,0.35233742965004855
2021-06-16,1.0,-1.0,-0.0059046008202028,249.05142211914065,0.4501690328493964,0.1910774183937336,0.35875354875687
2021-06-17,1.0,-1.0,-0.0038001676092708,248.10678100585932,0.44346881974069036,0.19257754775631214,0.3639536250524169
2021-06-18,1.0,-1.0,0.0135832821016934,251.4998779296875,0.4466908067609508,0.18958709079626412,0.36372210989336573
2021-06-21,1.0,-1.0,-0.0056500372729438,250.08290100097656,0.43577115761175844,0.18939378920139138,0.3748350531868502
2021-06-22,1.0,-1.0,0.0122592631283468,253.1676025390625,0.44472834271530304,0.18764284980454612,0.36762881493073146
2021-06-23,1.0,-1.0,0.0109062856833694,255.94383239746097,0.467109908562883,0.18823401586026317,0.3446560755768538
2021-06-24,1.0,-1.0,-0.0009043327348575,255.7124786376953,0.4846269575045479,0.18473070023830016,0.3306423422571521
2021-06-25,1.0,-1.0,0.0053384523332172,257.08123779296875,0.4894407256991452,0.18674248504694513,0.32381678925390966
2021-06-28,1.0,-1.0,-0.0062814704369181,255.4714508056641,0.480039609275551,0.18588698431212286,0.33407340641232613
2021-06-29,1.0,-1.0,0.0138645537807926,259.0381164550781,0.48951854131147676,0.18477697864160736,0.3257044800469159
2021-06-30,1.0,-1.0,0.0099238976479063,261.62158203125,0.4986291039778068,0.18740740317143428,0.3139634928507589
2021-07-01,1.0,-1.0,-0.001843917444259,261.1396179199219,0.49377313941138506,0.18473904376178296,0.321487816826832
2021-07-02,1.0,-1.0,0.002580859838457,261.814453125,0.4864885006202635,0.183240932203139,0.33027056717659753
2021-07-06,0.0,-1.0,0.0220306208355626,267.6463928222656,0.4995643763498392,0.19190271939553064,0.30853289307875925
2021-07-07,1.0,-1.0,3.591628632378897e-05,267.656005859375,0.5049724129025015,0.19237757258413,0.3026500033374977
2021-07-08,-1.0,-1.0,0.0081425276466086,269.84429931640625,0.5055944068667253,0.19657039176739383,0.29783519019001015
2021-07-09,1.0,-1.0,-0.0090071570813102,267.4246826171875,0.49515382997783375,0.19068446250493148,0.31416170751723477
2021-07-12,1.0,-1.0,0.0018728374632486,267.9259948730469,0.4812522981091176,0.19071158478648087,0.32803613200556275
2021-07-13,1.0,-1.0,-0.0022333965906044,267.3282775878906,0.46808018094869497,0.19340776938529827,0.3385120645671679
2021-07-14,-1.0,-1.0,0.0131114385090293,270.8564147949219,0.47099687514455857,0.19225834388798588,0.33674479586861683
2021-07-15,-1.0,-1.0,0.0054304897580187,272.331298828125,0.47163911994305247,0.19236111643500703,0.3359997785231018
2021-07-16,-1.0,-1.0,-0.0052523732667716,270.9046630859375,0.4608014940567143,0.19089913999439204,0.34829938085005485
2021-07-19,-1.0,-1.0,-0.0009967786978197,270.634765625,0.44772955078482474,0.19072428460118085,0.36154616461399436
2021-07-20,1.0,1.0,-0.0134112336242989,267.0294494628906,0.37808032725404944,0.2335798651774125,0.38833981501911863
2021-07-21,1.0,1.0,0.0083046011310762,269.2562561035156,0.36011143639908016,0.22821790491823696,0.4116706661332634
2021-07-22,1.0,1.0,0.007418755584559,271.26123046875,0.3633118079875425,0.21155316718270528,0.42513503228033295
2021-07-23,1.0,1.0,0.0167044807298338,275.83056640625,0.3733220933810345,0.19795066079706297,0.4287272607230637
2021-07-26,-1.0,-1.0,0.0122609796865269,279.2333374023437,0.42558017151075084,0.18327267162338937,0.3911471568658599
2021-07-27,-1.0,-1.0,-0.0021429694415878,278.6355895996094,0.42561070925309896,0.18218164716645277,0.39220763612986764
2021-07-28,0.0,1.0,-0.0087212854602372,276.2160949707031,0.3956030734950525,0.18208043912443714,0.42231650228167156
2021-07-29,0.0,1.0,-0.0011175112976286,275.9075927734375,0.3676623051517971,0.19288410979579515,0.4394535850524077
2021-07-30,0.0,1.0,0.0009780702240732,276.1775817871094,0.3594907129661044,0.189618743574612,0.45089054345928364
2021-08-02,1.0,1.0,-0.0055652009214539,274.6448669433594,0.3420885288131231,0.1874032345834009,0.47050824777934686
2021-08-03,1.0,1.0,-0.0003161764393101,274.5580444335937,0.3339790963294907,0.18375138970649793,0.4822695251398823
2021-08-04,0.0,1.0,0.0080427372721597,276.775146484375,0.3411467798543858,0.17857627571807239,0.4802769556034127
2021-08-05,1.0,1.0,-0.0021265530681015,276.18719482421875,0.33614715173937987,0.18274819219774863,0.4811046672387424
2021-08-06,-1.0,1.0,0.0104508268221692,279.0887145996094,0.3504205494111304,0.1756010639322167,0.4739783829313626
2021-08-09,-1.0,1.0,-0.0002069063645633,279.0309753417969,0.3524005135072177,0.17273231200105213,0.4748671707664399
2021-08-10,1.0,1.0,-0.00391181700699,277.94158935546875,0.3428181916524464,0.16204270919429034,0.49513908797739237
2021-08-11,1.0,1.0,-0.0065765504600979,276.11968994140625,0.3354501643990959,0.16320813814616542,0.5013416862788678
2021-08-12,1.0,1.0,0.0017789423686345,276.611328125,0.32824289057117695,0.15767485355190972,0.5140822447010424
2021-08-13,1.0,1.0,0.0099173415732609,279.36822509765625,0.34139333799300364,0.15423652142052052,0.5043701294106049
2021-08-16,1.0,1.0,0.0104351449063231,282.2987365722656,0.35040100565421217,0.15313828467245816,0.49646072457449075
2021-08-17,-1.0,1.0,0.0059581950577713,283.9857482910156,0.35499530171462057,0.14781548499859665,0.4971892281879439
2021-08-18,1.0,1.0,-0.0051731288879204,282.5204467773437,0.35311389955843453,0.1448259096496498,0.5020601796160448
2021-08-19,1.0,1.0,-0.0061378588859263,280.79168701171875,0.3413205457104355,0.14726994068732005,0.5114095024263735
2021-08-20,1.0,1.0,0.0205623129564171,286.62518310546875,0.37756984492134377,0.15288642809133496,0.4695437344379018
2021-08-23,-1.0,-1.0,0.0252537603180894,293.9557189941406,0.4244274278093214,0.18693243139412444,0.3886401556977153
2021-08-24,-1.0,-1.0,0.0009524817776728,294.23583984375,0.4675297616997308,0.1888096996748111,0.3436605386254581
2021-08-25,-1.0,-1.0,-0.0066856677853696,292.2752380371094,0.46971150458748395,0.1889473915764257,0.3413410963855098
2021-08-26,-1.0,-1.0,-0.0020175340875032,291.6861572265625,0.47291174979597317,0.18387621099539017,0.3432120541097978
2021-08-27,1.0,-1.0,-0.0097160449961236,288.8658447265625,0.4492305469712352,0.18927570501715152,0.36149375546219387
2021-08-30,1.0,-1.0,0.0021044748658116,289.4743957519531,0.44009444304590173,0.19253301772038686,0.3673725317831308
2021-08-31,-1.0,-1.0,0.012829065916851,293.2120056152344,0.4454398799224132,0.18330879779235915,0.37125132228522767
2021-09-01,0.0,-1.0,-0.0056483284917201,291.5605163574219,0.4261583081267788,0.19334438085585476,0.38049730356678585
2021-09-02,-1.0,1.0,-0.0001657060066252,291.51220703125,0.38017334194933067,0.22728642266748775,0.3925402428337621
2021-09-03,-1.0,1.0,-0.0022554086943924,290.85546875,0.36765858475857016,0.2276491244541532,0.40469229823785724
2021-09-07,-1.0,1.0,-3.305145340399844e-05,290.8458557128906,0.3640534883509343,0.22523552697480984,0.4107109921248365
2021-09-08,-1.0,1.0,-0.0031929837454968,289.9186706542969,0.3502489644630728,0.21120734179234035,0.4385437011951674
2021-09-09,-1.0,1.0,9.999442144718191e-05,289.9476623535156,0.3378906765624335,0.19778745870700992,0.4643218721811372
2021-09-10,1.0,1.0,-0.0099089413515473,287.0887756347656,0.31963521448633525,0.1954023636909753,0.48496240692152814
2021-09-13,1.0,1.0,-0.005194216724389,285.6014404296875,0.2874808107110824,0.1501672386063347,0.5623519544078732
2021-09-14,1.0,1.0,0.0043191964228146,286.8376770019531,0.2764298100034168,0.1802290696343036,0.543341112911699
2021-09-15,1.0,1.0,0.0093838668313932,289.5419921875,0.32233881530775665,0.16294258035697096,0.5147185931594014
2021-09-16,-1.0,1.0,0.0166393398751505,294.40008544921875,0.3407204263713275,0.15365889258549492,0.5056206698673067
2021-09-17,-1.0,1.0,0.0013112709945212,294.786376953125,0.34228300491447194,0.15058798685573638,0.5071289933286305
2021-09-20,-1.0,1.0,-0.0176838803378515,289.6192321777344,0.3153273565751023,0.16063729252664508,0.5240353397223817
2021-09-21,1.0,1.0,-0.0187495461571586,284.2395935058594,0.2634813283757171,0.133828854521734,0.6026898133772586
2021-09-22,1.0,1.0,0.0016977273460024,284.7225646972656,0.25819413582317946,0.13459277927556565,0.6072130811759646
2021-09-23,-1.0,1.0,0.0127407529236851,288.37335205078125,0.3109745439731717,0.15841642743768247,0.5306090397650167
2021-09-24,-1.0,1.0,0.0032765215805583,289.3197631835937,0.32001748341074954,0.1600508537631228,0.5199316740019986
2021-09-27,-1.0,1.0,-0.0007009522231377,289.1170349121094,0.32288629313802986,0.15977627295661248,0.5173374450812287
2021-09-28,-1.0,1.0,-0.0174557422135693,284.11407470703125,0.2649815024334165,0.1353942956834376,0.5996241981578554
2021-09-29,1.0,1.0,-0.0368754233692032,273.8280639648437,0.2778235086858016,0.1378878662816952,0.5842886175819226
2021-09-30,1.0,1.0,0.0016916856457568,274.29168701171875,0.26704641691052533,0.15126464590346,0.5816889483618857
2021-10-01,1.0,1.0,-0.0073507236619532,272.2828369140625,0.2774135156437413,0.1482707054904193,0.5743157714152589
2021-10-04,-1.0,1.0,0.025149348113711,279.2174072265625,0.3065882465769578,0.15573798746659615,0.5376737547805751
2021-10-05,1.0,1.0,-0.0209372822428781,273.43212890625,0.3073465730255955,0.15110426888575323,0.5415491431874901
2021-10-06,1.0,1.0,0.0197604468315704,278.8890075683594,0.3253325256708603,0.17226575124861632,0.5024017305311039
2021-10-07,0.0,-1.0,0.0149520530332395,283.0903015136719,0.39264131949018966,0.22134595942805835,0.3860127210817521
2021-10-08,1.0,-1.0,0.0059187584344871,284.77081298828125,0.4133364419684897,0.23974224300700833,0.3469213150245021
2021-10-11,1.0,-1.0,0.0,284.77081298828125,0.47473323504873555,0.20395223044244948,0.32131453823410516
2021-10-12,1.0,-1.0,-0.0021052282513045,284.17193603515625,0.4884854988585051,0.1981529157188173,0.3133615854226775
2021-10-13,1.0,-1.0,-0.0045985258183405,282.8681640625,0.4771594766240913,0.20326783927381054,0.31957268410209816
2021-10-14,1.0,-1.0,0.011643325917464,286.1809387207031,0.473537380474629,0.18945240442863068,0.33701021882203064
2021-10-15,1.0,-1.0,0.0215012613194916,292.4008178710937,0.4995935366450532,0.1746629558082762,0.32574350382138034
2021-10-18,1.0,-1.0,0.0048106749536224,293.81085205078125,0.5051014890195288,0.18360430596775631,0.3112942012874246
2021-10-19,0.0,-1.0,0.0100739427190719,296.78564453125,0.530349146340356,0.189489655099696,0.2801612097358189
2021-10-20,0.0,-1.0,0.003054331266318,297.6935119628906,0.5217897671559037,0.19631216287850478,0.28189808114146225
2021-10-21,1.0,-1.0,-0.0026639733385114,296.9015197753906,0.49960588176531195,0.2074049685502252,0.2929891571350434
2021-10-22,1.0,-1.0,0.0108387179084146,300.1370544433594,0.5119791807568748,0.20102293007108424,0.2869979040732022
2021-10-25,1.0,-1.0,-0.005162112317189,298.5917053222656,0.5140745922994683,0.19669606534796052,0.28922934235257114
2021-10-26,1.0,-1.0,-0.0033373449471222,297.59686279296875,0.524515426422757,0.19451300636175198,0.2809715783913619
2021-10-27,1.0,-1.0,0.0064053262928499,299.5091857910156,0.5220212713891816,0.19003923979467835,0.2879394850908496
2021-10-28,1.0,-1.0,0.0412516213715918,312.122802734375,0.5404958199782057,0.22801895939999342,0.23148522807238142
2021-10-29,1.0,-1.0,0.0036443402069275,313.2623596191406,0.534908294971786,0.23723931956800884,0.22785239291078574
2021-11-01,0.0,-1.0,0.0221666613108279,320.28387451171875,0.5165305189509819,0.2643062711700538,0.21916322478012562
2021-11-02,1.0,-1.0,-0.0068079313116003,318.1108093261719,0.5219092450806242,0.2609262567844359,0.21716449813494
2021-11-03,0.0,-1.0,0.0113511652275344,321.7423095703125,0.519131216847871,0.26648452773123743,0.2143842516956012
2021-11-04,0.0,-1.0,0.0026082229176865,322.58258056640625,0.5197665344027067,0.26490306242069295,0.21533039945130994
2021-11-05,-1.0,-1.0,0.0072786665726331,324.9391174316406,0.5184565197727912,0.2697255939625749,0.2118178825393437
2021-11-08,-1.0,-1.0,-0.0011300941889033,324.5721130371094,0.5207747962297027,0.26625084038343255,0.2129743596615744
2021-11-09,-1.0,-1.0,0.0027635870509566,325.4703369140625,0.524328251187313,0.2567091570778923,0.21896258800950438
2021-11-10,-1.0,-1.0,-0.0030908442184819,324.4659118652344,0.532713812274787,0.2390241165168285,0.22826207120838443
2021-11-11,1.0,-1.0,-0.01544871190533,319.4918518066406,0.5365661226616514,0.20649416678644017,0.25693972172777924
2021-11-12,1.0,-1.0,0.0049155388929885,321.0661926269531,0.5138522919060644,0.20638973241907954,0.2797579570484045
2021-11-15,1.0,-1.0,0.0128223842054157,325.20953369140625,0.5001679683825463,0.21563685006373884,0.2841951666525536
2021-11-16,1.0,-1.0,-0.0019320548309637,324.5818176269531,0.45619494322086485,0.2190855470581292,0.32471951344629624
2021-11-17,0.0,-1.0,0.0101837769071011,327.9041748046875,0.44890888771148346,0.2257498148499953,0.3253413048891018
2021-11-18,0.0,-1.0,0.0006785189568076,328.1267395019531,0.440251685596201,0.22183436224625083,0.33791395960812876
2021-11-19,-1.0,-1.0,0.0063198905009737,330.20703125,0.43547327722025864,0.2201822560918729,0.34434447413844915
2021-11-22,-1.0,-1.0,0.0053769960441223,331.9873352050781,0.4220358804074418,0.22354669171008168,0.3544174390583475
2021-11-23,-1.0,-1.0,-0.0096053364613333,328.8137512207031,0.4128769746936743,0.2213956823929285,0.36572733546281666
2021-11-24,-1.0,1.0,-0.0063468482876895,326.7334289550781,0.37630715366979467,0.1930071789741301,0.43068567108136546
2021-11-26,-1.0,1.0,0.0006807627101877,326.9559326171875,0.36725964340715433,0.17708276521380126,0.4556575876537542
2021-11-29,1.0,1.0,-0.0246572565895071,318.99267578125,0.30350614624271605,0.14464742800024294,0.5518464369329119
2021-11-30,-1.0,1.0,0.0208622012365228,325.71746826171875,0.3554207170210523,0.15896036179162362,0.4856189286379046
2021-12-01,-1.0,1.0,-0.0181054874270807,319.8732604980469,0.29004519115406413,0.16082739214903347,0.5491274278727734
2021-12-02,-1.0,1.0,-0.0015439891169848,319.3797607421875,0.28809759100489685,0.16521897090924093,0.5466834492617331
2021-12-03,-1.0,1.0,-0.0017890069339653,318.80889892578125,0.2915402269856423,0.16623271649532176,0.5422270416178747
2021-12-06,1.0,1.0,-0.0198627895580146,312.5389404296875,0.2724850746797513,0.178843979906027,0.5486709491395121
2021-12-07,1.0,1.0,0.0097968187057915,315.6158752441406,0.27650863434527373,0.18416164821742806,0.5393297286131692
2021-12-08,1.0,1.0,0.0264116389917441,324.0628662109375,0.3345093196982597,0.2132454120243132,0.4522452645521367
2021-12-09,1.0,1.0,0.0001493452963008,324.1112670898437,0.34058674416075035,0.21432977930183184,0.44508347281212757
2021-12-10,1.0,1.0,-0.00559825226663,322.3018798828125,0.33978963890796504,0.21530220972465844,0.4449081476420861
2021-12-13,-1.0,1.0,0.0279456612428018,331.43585205078125,0.37258134046876057,0.22393597217050445,0.4034826799101543
2021-12-14,-1.0,1.0,-0.0092089863240787,328.3976745605469,0.38025518121583,0.23061847863902235,0.38912632896927674
2021-12-15,-1.0,1.0,-0.0331297240382271,317.6961975097656,0.2935433594432266,0.20739722010845524,0.4990594278988988
2021-12-16,-1.0,1.0,0.0190355205400546,323.8016357421875,0.3483234109831076,0.24318278783291153,0.4084937937334002
2021-12-17,1.0,1.0,-0.0295680442193766,314.3676147460937,0.2823365288330292,0.1930669770352549,0.5245965015822965
2021-12-20,1.0,1.0,-0.0033910776147645,313.3033752441406,0.2775994869202856,0.19059342521686692,0.5318070953134282
2021-12-21,1.0,1.0,-0.0120863936353714,309.5394592285156,0.27691941504210127,0.19173511854257355,0.5313454701406154
2021-12-22,1.0,1.0,0.0228069706461522,316.68023681640625,0.30365614054584805,0.19355173817555396,0.5027921287291787
2021-12-23,1.0,1.0,0.017896278649454,322.3986511230469,0.341276532250591,0.23458279644284694,0.42414066385598137
2021-12-27,0.0,1.0,0.0044617651904435,323.84033203125,0.3578458422029974,0.2424395674388964,0.3997145829075255
2021-12-28,-1.0,-1.0,0.0229210530667345,331.34881591796875,0.42737679382006377,0.22042218001108474,0.35220103734472236
2021-12-29,-1.0,-1.0,-0.0035106003949343,330.1876220703125,0.44983163209827126,0.22089138563445737,0.3292769859925617
2021-12-30,-1.0,-1.0,0.0020493630568177,330.864990234375,0.4671666021844727,0.21874846074356658,0.3140849407972511
2021-12-31,-1.0,-1.0,-0.0077208992253327,328.3202514648437,0.46853601592686345,0.21839369087243657,0.3130702969259904
2022-03-16,1.0,1.0,0.0380108435430564,278.4158935546875,0.3363016679882062,0.2266071631033793,0.4370911838095757
2022-03-17,1.0,1.0,0.0249009810176405,285.4357604980469,0.3435583846720567,0.26396667652550776,0.3924749313518549
2022-03-18,0.0,1.0,0.002815294721624,286.240478515625,0.32746652415195376,0.27579697089413735,0.3967365049539089
2022-03-21,0.0,1.0,0.0174938821839216,291.2919921875,0.2980490797112157,0.31503561193218194,0.3869153158071831
2022-03-22,1.0,1.0,-0.0042360693113724,290.0606689453125,0.2976624184612857,0.32291610100107593,0.3794214730870579
2022-03-23,1.0,0.0,0.016246558254106,294.8116455078125,0.2802369590060503,0.3903720629850457,0.3293909817341944
2022-03-24,1.0,1.0,-0.0151444491248199,290.3805236816406,0.29881943768006014,0.3363881906230658,0.3647923716968742
2022-03-25,1.0,0.0,0.0152756981791975,294.850341796875,0.27929655907701983,0.38969435989153917,0.33100908475673135
2022-03-28,1.0,0.0,-0.0013819806881737,294.4431457519531,0.2801978350449171,0.39157973516092615,0.32822243351944713
2022-03-29,0.0,0.0,0.0228533381855816,301.2496337890625,0.27772543754962625,0.41658336004005986,0.3056912098608945
2022-03-30,-1.0,0.0,0.015045673151288,305.81640625,0.2698600816092491,0.4360063363284436,0.2941335857875975
2022-03-31,-1.0,0.0,-0.0049263987351358,304.31353759765625,0.25673704996546987,0.47471383062973405,0.26854910822892525
2022-04-01,-1.0,0.0,-0.0178413770514335,298.93231201171875,0.24823085960126326,0.4988201850704346,0.2529489441524313
2022-04-04,-1.0,0.0,0.0035938925149628,300.0085754394531,0.25791958763259826,0.5009013867643834,0.24117902932830854
2022-04-05,-1.0,0.0,0.0177777378575073,305.3897399902344,0.2692814408876303,0.485490876283787,0.24522766792742157
2022-04-06,-1.0,0.0,-0.0130705444882862,301.4241027832031,0.30162162445041235,0.3933504617224835,0.30502790637652344
2022-04-07,-1.0,0.0,-0.0372921988670728,290.3903503417969,0.3100676101723583,0.3788639996506361,0.3110684050781668
2022-04-08,-1.0,0.0,0.0062241848365356,292.20343017578125,0.32889573276931605,0.3454844361739318,0.32561982360617153
2022-04-11,-1.0,1.0,-0.0147074316094721,287.93731689453125,0.3631797697948152,0.23118090752632958,0.40563932267885516
2022-04-12,0.0,1.0,-0.0402301667130138,276.5834655761719,0.32625808098393305,0.1009689346863023,0.5727729861924097
2022-04-13,0.0,1.0,-0.0112815402821472,273.480712890625,0.3355392537129104,0.1297464770277239,0.5347142804352365
2022-04-14,-1.0,1.0,0.0195202966224836,278.87158203125,0.3492837115342847,0.13620260090690764,0.5145136838335173
2022-04-18,-1.0,1.0,-0.0274578322965075,271.31854248046875,0.35003546687590326,0.159891636900273,0.49007290739969467
2022-04-19,-1.0,1.0,0.0024626125730516,271.9875183105469,0.3547259208246266,0.16751352958474655,0.47776054959062686
2022-04-20,-1.0,1.0,0.0168966927427543,276.62225341796875,0.38608042737713927,0.19144500296067243,0.4224745733874786
2022-04-21,-1.0,-1.0,0.0037082164554621,277.6499328613281,0.4206875293632043,0.18868663803700442,0.3906258251492106
2022-04-22,-1.0,1.0,-0.0195713886603785,272.2687683105469,0.38028784817394495,0.1838672459174485,0.4358448947327357
2022-04-25,1.0,1.0,-0.0244406352778224,265.69500732421875,0.3473060643505393,0.1847161470833001,0.4679777773902899
2022-04-26,-1.0,1.0,0.0241201294071814,272.1815185546875,0.38557650249566167,0.2019189315006581,0.4125045660036804
2022-04-27,1.0,1.0,-0.0381210767330575,262.0009460449219,0.34601665200785464,0.19886863507389843,0.45511470919295677
2022-04-28,0.0,-1.0,0.0469875161187683,274.60552978515625,0.41469538162674835,0.2156500611904957,0.3696545460068851
2022-04-29,-1.0,0.0,0.0223800288041511,280.82049560546875,0.33810477348304097,0.3654340934638654,0.2964611181519324
2022-05-02,1.0,-1.0,-0.0427113994571113,269.07879638671875,0.39351639803714605,0.23842146975992923,0.36806213965350526
2022-05-03,-1.0,0.0,0.0247351727470611,275.8175048828125,0.33822235842833726,0.34426814100088277,0.3175094931201995
2022-05-04,-1.0,0.0,-0.0095016380604312,273.2091979980469,0.3273075811025933,0.33771488526840887,0.33497752617841725
2022-05-05,-1.0,1.0,0.0286855778586804,281.15985107421875,0.3695950316671747,0.25907963440370196,0.3713253339291233
2022-05-06,-1.0,1.0,-0.0445316278085625,268.9140319824219,0.4155914939765273,0.15898160093015773,0.42542691626918594
2022-05-09,-1.0,1.0,-0.0094915807566329,266.3736877441406,0.4057792919222273,0.13843705618302005,0.4557836630706235
2022-05-10,-1.0,1.0,-0.0376452729106147,256.5323791503906,0.3670833314396303,0.108264516449954,0.5246521539730609
2022-05-11,-1.0,1.0,0.0184248626179636,261.3027648925781,0.35438301644358583,0.10646637485631302,0.5391506180133268
2022-05-12,0.0,1.0,-0.0337736988444449,252.62496948242188,0.3312261466953797,0.11617917895557281,0.5525946855249183
2022-05-13,1.0,1.0,-0.0201594661003394,247.5831756591797,0.3265768446640528,0.1579554543882571,0.5154677046729803
2022-05-16,-1.0,1.0,0.0223447387905688,253.17762756347656,0.3484131896974278,0.16430629517258083,0.48728050767941083
2022-05-17,-1.0,1.0,0.0014543203150276,253.5460968017578,0.3649164279852559,0.17507631222592746,0.46000725233823603
2022-05-18,-1.0,1.0,0.0201398854682146,258.7042541503906,0.38990229264188303,0.20059628457322853,0.40950142651017873
2022-05-19,0.0,1.0,-0.0465985878209664,246.92556762695312,0.3384950117458007,0.18467852188125003,0.47682647382352983
2022-05-20,1.0,1.0,-0.0037065330894274,246.01202392578125,0.34400264315232587,0.18932400317774983,0.46667335366992435
2022-05-23,1.0,1.0,-0.0022937540943571,245.4483795166016,0.3542272584955236,0.20682342567531536,0.43894930465329024
2022-05-24,1.0,-1.0,0.0315295958676539,253.31056213378903,0.39331486332420473,0.24398692317671833,0.36269821722436724
2022-05-25,1.0,-1.0,-0.0039594065811146,252.30958557128903,0.36576584822092356,0.27067436193600913,0.36355978611777706
2022-05-26,1.0,0.0,0.01110825672843,255.1279296875,0.29327414480459685,0.45206687144874674,0.25465899492252725
2022-05-27,0.0,0.0,0.0127930093356233,258.4127502441406,0.28561876213313536,0.4390362882401386,0.27534493845085506
2022-05-31,0.0,0.0,0.0272302770137023,265.54608154296875,0.26433605373077435,0.4791778256827191,0.25648611686121625
2022-06-01,0.0,0.0,-0.005026625003182,264.2146301269531,0.2697045469366809,0.4584410019821532,0.27185445108116585
2022-06-02,0.0,0.0,0.0020209911809154,264.7491455078125,0.2797462843782768,0.44027363451006607,0.279980077386367
2022-06-03,-1.0,0.0,0.0078975644109594,266.8482971191406,0.3142900991361023,0.3600085403240613,0.3257013605398365
2022-06-06,-1.0,1.0,-0.0167465562066555,262.4167175292969,0.321970488010928,0.3367140927633996,0.34131541922567243
2022-06-07,-1.0,-1.0,-0.0047142702989068,261.1825256347656,0.3478746685291951,0.318567934789987,0.33355738923023726
2022-06-08,-1.0,1.0,0.0138571568651034,264.82696533203125,0.32645084148324555,0.3309130831162176,0.34263607540053687
2022-06-09,-1.0,-1.0,-0.0076993207573914,262.7958068847656,0.3497129273235534,0.31687512870948775,0.3334119365163781
2022-06-10,-1.0,1.0,-0.0210023024549921,257.33404541015625,0.36199034458458346,0.26776653337859874,0.37024312203681775
2022-06-13,-1.0,1.0,-0.0455872502350524,245.86627197265625,0.3920084230051263,0.15424589411714276,0.45374568101508583
2022-06-14,1.0,1.0,-0.0433384689995268,235.4384002685547,0.3753347685209004,0.1557912433670543,0.4688739732108841
2022-06-15,1.0,1.0,0.0091628725629834,237.6056060791016,0.37365667907492556,0.16920216600138593,0.45714116237426905
2022-06-16,-1.0,1.0,0.0293019164082942,244.67091369628903,0.4109872671980452,0.1679088485735733,0.4211038954042524
2022-06-17,1.0,1.0,-0.0273405385888783,238.0720977783203,0.37587840649265014,0.16923112756724504,0.45489047339068545
2022-06-21,1.0,1.0,0.0108805222810676,240.6765899658203,0.4002915541999179,0.17632026936855394,0.42338818015681845
2022-06-22,1.0,-1.0,0.0242939184621175,246.5951690673828,0.4373726997258777,0.19480093921080252,0.3678263647886101
2022-06-23,1.0,-1.0,-0.0024069742719592,246.00233459472656,0.42767826683469423,0.21585774591594095,0.3564639835240745
2022-06-24,1.0,0.0,0.0223841657014993,251.57098388671875,0.33893525555642295,0.3955304184110065,0.26553431113140935
2022-06-27,-1.0,0.0,0.0335797425065161,260.162109375,0.321258322856047,0.4393297952486761,0.23941188189527693
2022-06-28,-1.0,0.0,-0.0105525009559087,257.4311828613281,0.3012801666648565,0.46279084814616145,0.23592898891427233
2022-06-29,1.0,0.0,-0.0322639463766164,249.25799560546875,0.31024159327625,0.41828305112759345,0.27147534814557595
2022-06-30,1.0,0.0,0.0146305287639349,252.93157958984372,0.3111035157159028,0.4200350243824176,0.2688614561763894
2022-07-01,1.0,0.0,-0.0132668741840357,249.59812927246097,0.2984287273893116,0.40229977983794074,0.29927148904745726
2022-07-05,1.0,0.0,0.0106505397475183,252.27069091796875,0.3028103857374739,0.40601959272077415,0.2911700178164617
2022-07-06,-1.0,0.0,0.0125186862683283,255.4486389160156,0.30256632511272263,0.40631718162724073,0.29111649698532693
2022-07-07,-1.0,0.0,0.0127019133214887,258.7140197753906,0.3170437253627596,0.39086683498363345,0.29208943220302647
2022-07-08,-1.0,0.0,0.0081929063351566,260.84234619140625,0.34008462895232816,0.3777093139146834,0.2822060496824079
2022-07-11,-1.0,0.0,-0.0027608243627684,260.1231994628906,0.33427367047037126,0.37606526425306985,0.2896610764524298
2022-07-12,-1.0,0.0,-0.0118386099353323,257.0618591308594,0.3320129620297114,0.37086088727094974,0.29712615814991955
2022-07-13,0.0,1.0,-0.0418447660411615,246.5271148681641,0.3318062564180245,0.3234666300611764,0.3447271135207991
2022-07-14,1.0,1.0,-0.0037520473570563,245.60386657714844,0.38531981171282914,0.14884526817257787,0.46583491266401233
2022-07-15,1.0,1.0,0.0053670060330306,246.92556762695312,0.38846390215753,0.12271809098429878,0.48881799568230017
2022-07-18,1.0,1.0,0.010336864612545,249.49124145507807,0.35892605145160494,0.21055251467452557,0.4305214413244501
2022-07-19,1.0,1.0,-0.0096678475687993,247.0908203125,0.38789828376483965,0.1112903164352463,0.5008114035252043
2022-07-20,-1.0,-1.0,0.020554052932079,252.2220916748047,0.40540943098736315,0.20265087746448976,0.3919396878228569
2022-07-21,-1.0,-1.0,0.0105021864806933,254.8849334716797,0.40365107083739654,0.23355180748298354,0.3627971142290396
2022-07-22,-1.0,-1.0,0.0097516059841807,257.38262939453125,0.3751367673901514,0.2528682629076565,0.3719949846033534
2022-07-25,-1.0,1.0,-0.0170607593333544,253.0287322998047,0.3567003191805006,0.25109758594825987,0.39220210232182023
2022-07-26,-1.0,1.0,-0.0058937734022948,251.5418243408203,0.345510977132266,0.23860346809967065,0.4158855473174829
2022-07-27,1.0,1.0,-0.0271392270148164,244.80697631835932,0.3380982515890733,0.1035168321958708,0.5583849143524107
2022-07-28,1.0,1.0,0.0647122895311505,261.1728210449219,0.3639398920387288,0.26112639772816565,0.3749337102331056
2022-07-29,0.0,1.0,0.0281409471466691,268.6268615722656,0.32669185626303443,0.30571144817120244,0.3675967030163439
2022-08-01,0.0,0.0,0.0155434531839295,272.8348693847656,0.30333709743108733,0.3682662111163766,0.328396676551375
2022-08-02,0.0,0.0,-0.0097718104543964,270.1817626953125,0.28668380311935815,0.4133556453515326,0.29996054407852873
2022-08-03,1.0,0.0,-0.011540797257667,267.0815734863281,0.29201836510072166,0.4287421993173888,0.2792394504830508
2022-08-04,0.0,0.0,0.0274559404592289,274.5161437988281,0.2909229638688291,0.4418519249483527,0.2672251186333987
2022-08-05,0.0,0.0,0.004168903229271,275.6629638671875,0.27163688578226597,0.4783399148352217,0.2500231993825123
2022-08-08,1.0,0.0,-0.0026123096182086,274.9437866210937,0.28453127252602445,0.4920401148487761,0.22342862007578007
2022-08-09,1.0,0.0,-0.0091969771997141,272.4267272949219,0.2816951308451878,0.49720825149391906,0.22109662883676393
2022-08-10,1.0,0.0,0.0070385580107152,274.3509826660156,0.300330326957657,0.4756014165644287,0.22406826765378518
2022-08-11,0.0,0.0,0.0240099550563165,281.0178527832031,0.2963189156056883,0.4844709664618561,0.2192101291083264
2022-08-12,0.0,0.0,-0.0074283792409174,278.9380798339844,0.3102526289385016,0.4581259936841453,0.2316213848279337
2022-08-15,0.0,0.0,0.0168935710698691,283.6903686523437,0.30934622299520903,0.46497037086900045,0.22568339868520987
2022-08-16,-1.0,0.0,0.005329916776694,285.2064514160156,0.3060812046940007,0.4679530303690468,0.22596577611282342
2022-08-17,-1.0,0.0,-0.0025930143534575,284.4678649902344,0.31586801268380266,0.4498830825709308,0.23424889729468584
2022-08-18,-1.0,0.0,-0.0026399833576258,283.7178649902344,0.3296198881435277,0.42905345251258115,0.24132665934389114
2022-08-19,-1.0,0.0,-0.0039551626498803,282.5979309082031,0.3557122925255256,0.39470756148589287,0.24958015343916207
2022-08-22,-1.0,-1.0,-0.0139508205612451,278.6828308105469,0.3700550180285569,0.32921527774137443,0.30072970423006873
2022-08-23,-1.0,-1.0,-0.0297946708948199,270.5020446777344,0.37870074681608545,0.27947696773030384,0.34182227800303006
2022-08-24,-1.0,1.0,-0.0047277524808706,269.2261962890625,0.43681247163732617,0.10404280595849218,0.4591447242668268
2022-08-25,-1.0,1.0,-0.0023539348016009,268.5932006835937,0.43433506824958457,0.09153761168626492,0.47412731075092474
2022-08-26,-1.0,-1.0,0.0110343512743674,271.5733642578125,0.45024653981509066,0.10256787451535564,0.4471855800816183
2022-08-29,-1.0,1.0,-0.0393516140673202,261.09405517578125,0.37747132679811857,0.09618434053459962,0.5263443289419913
2022-08-30,-1.0,1.0,-0.0107251463755754,258.3087463378906,0.3805920511187834,0.10681167489328128,0.5125962851638062
2022-08-31,-1.0,1.0,-0.0085576342513683,256.107666015625,0.3787707911153514,0.12384746274940461,0.49738174240995364
2022-09-01,-1.0,1.0,-0.005720240802578,254.6468505859375,0.38747766080447205,0.14869097712315452,0.4638313657976637
2022-09-02,-1.0,1.0,-0.0041005462038041,253.60479736328125,0.3899378559401203,0.15572508242930022,0.45433706908116
2022-09-06,1.0,1.0,-0.0168071754246023,249.37803649902344,0.3765235957068447,0.15568557104100886,0.46779084070272703
2022-09-07,1.0,1.0,-0.0110346767877872,246.641357421875,0.3783804811020483,0.15357732557581144,0.46804220077272085
2022-09-08,1.0,-1.0,0.01893128183429,251.3550720214844,0.4157218169123572,0.16940311217127646,0.4148750820922371
2022-09-09,1.0,-1.0,0.0016646928635078,251.7738494873047,0.41895087575877404,0.17270514538602713,0.4083439900310697
2022-09-12,-1.0,-1.0,0.0227168102600333,257.5588073730469,0.46577700352853324,0.17703304844633694,0.357189962926291
2022-09-13,-1.0,-1.0,0.0082470125097883,259.6916809082031,0.3952815901940534,0.2912138139500918,0.3135046070317256
2022-09-14,-1.0,-1.0,-0.0565473791917565,245.41427612304688,0.4136319450385208,0.1783337472559095,0.4080343077055697
2022-09-15,-1.0,-1.0,0.0009121357088798,245.6382293701172,0.41455426895193287,0.1746120758997488,0.41083365514831827
2022-09-16,-1.0,1.0,-0.0274936565788632,238.9767303466797,0.38990014937278145,0.1676326789442404,0.4424671716829782
2022-09-19,-1.0,1.0,-0.0026115733279512,238.3534393310547,0.3898083812883832,0.1627544513310958,0.4474371599299404
2022-09-20,-1.0,1.0,-0.0008992738110677,238.13919067382807,0.38994163145553096,0.16078429058418295,0.44927407423499577
2022-09-21,-1.0,1.0,-0.0085017016714859,236.1231842041016,0.3917711741676251,0.16026233952779662,0.447966482579288
2022-09-22,0.0,1.0,-0.0145411552691683,232.7145233154297,0.3869281604656371,0.1627994984773489,0.45027233733172367
2022-09-23,-1.0,1.0,0.008459590895749,234.6915435791016,0.40178484983668267,0.16424745247283826,0.4339676939651888
2022-09-26,-1.0,1.0,-0.0127793942477184,231.71141052246097,0.38817862353928095,0.1544152009480176,0.45740617178741105
2022-09-27,-1.0,1.0,-0.0019773987949335,231.2536773681641,0.3954920042007762,0.15345656282350342,0.45105142925042996
2022-09-28,1.0,1.0,-0.0043894326437646,230.24082946777344,0.4022054559769947,0.16197228742440734,0.4358222603238884
2022-09-29,-1.0,-1.0,0.0195197399056856,234.7792205810547,0.4171874466231601,0.17203547042942505,0.4107770903979955
2022-09-30,-1.0,1.0,-0.0149198439489241,231.30235290527344,0.4032551697816265,0.17915340879711794,0.4175914214212555
2022-10-03,1.0,1.0,-0.0195583290071667,226.82241821289065,0.39439027696015233,0.18068372510184771,0.4249259904874193
2022-10-04,1.0,-1.0,0.0331083070108934,234.45782470703125,0.41012740719317203,0.22099508585401056,0.3688774995022368
2022-10-05,-1.0,0.0,0.0332533913878843,242.3854217529297,0.34616205338102274,0.3907826151981426,0.2630553388714153
2022-10-06,-1.0,0.0,0.0012847920086225,242.6970367431641,0.3405682685267637,0.3945544097475547,0.2648773329015527
2022-10-07,-1.0,0.0,-0.0097180008062424,240.3499298095703,0.3302585463371527,0.39803940132436333,0.27170205233848405
2022-10-10,-1.0,-1.0,-0.0521914759714027,228.12744140625,0.41717511480067476,0.20393706425482452,0.3788878321203717
2022-10-11,1.0,-1.0,-0.0215331989030912,223.26763916015625,0.443403164266884,0.1598758181949938,0.3967210175381223
2022-10-12,1.0,1.0,-0.0168920665305847,219.52786254882807,0.40430764326414237,0.12306549131747009,0.4726268616930972
2022-10-13,1.0,1.0,0.0015072414641085,219.85899353027344,0.4111145680381513,0.12386902809447586,0.4650163964167922
2022-10-14,-1.0,-1.0,0.0369180239695676,228.12744140625,0.45295172828484465,0.13273247757655746,0.41431579972653326
2022-10-17,1.0,-1.0,-0.0245476335481098,222.5956268310547,0.4436718512213926,0.13181439096209313,0.42451376712974
2022-10-18,1.0,-1.0,0.0384954035371423,231.33160400390625,0.421292187594285,0.25557717263407354,0.3231306360463512
2022-10-19,1.0,-1.0,0.0040753101048791,232.2762756347656,0.4137957860072235,0.2631591099391242,0.3230451040536524
2022-10-20,1.0,-1.0,-0.0085056622457829,230.3089904785156,0.40557623993435454,0.26486564456290096,0.32955813040390575
2022-10-21,1.0,-1.0,-0.0013965395621921,229.98757934570312,0.4043289278000334,0.2656981519979197,0.3299729351032082
2022-10-24,1.0,-1.0,0.0249663322615471,235.8018035888672,0.4080579077758374,0.2973782891060917,0.294563803118071
2022-10-25,-1.0,0.0,0.020966471268553,240.7979278564453,0.36019582547480444,0.36728656176561086,0.27251761648487516
2022-10-26,-1.0,0.0,0.0136975291560957,244.11895751953125,0.3529338110280571,0.38846651606936927,0.2585996691772834
2022-10-27,-1.0,-1.0,-0.0802953140751673,225.28366088867188,0.40951887801387465,0.24190405935697873,0.3485770589038564
2022-10-28,1.0,-1.0,-0.019954149965411,220.83287048339844,0.4152208619339511,0.23019072477137387,0.3545884170199654
2022-10-31,-1.0,-1.0,0.0394328887992821,229.7149200439453,0.3641803457541256,0.35605117692534943,0.2797684847711056
2022-11-01,-1.0,-1.0,-0.0159833420750808,226.0724945068359,0.44225713940907585,0.23161381246360233,0.3261290593031927
2022-11-02,-1.0,-1.0,-0.0172065781263749,222.21583557128903,0.4293767963987701,0.1953746934501325,0.37524851760167816
2022-11-03,1.0,1.0,-0.0360089513516638,214.35643005371097,0.4017950037239791,0.17501841525259007,0.42318656984756
2022-11-04,1.0,1.0,-0.0269385007103783,208.65907287597656,0.38727379071255036,0.17153453419520498,0.4411916713669544
2022-11-07,1.0,-1.0,0.0327823425238042,215.61276245117188,0.42406967940572027,0.1803076755340664,0.3956226376096328
2022-11-08,1.0,-1.0,0.0288493490319977,221.92364501953125,0.3840524380939161,0.29404711848545784,0.3219004620470777
2022-11-09,1.0,-1.0,0.0043789471266075,222.89756774902344,0.37437454067207493,0.3168413738744605,0.308784078002884
2022-11-10,1.0,-1.0,-0.0192340071440137,218.6513214111328,0.44923236978996317,0.2055737142348265,0.3451939085246297
2022-11-11,0.0,0.0,0.0790590957990156,236.6393890380859,0.3546974708376088,0.39540797670247474,0.2498945450093359
2022-11-14,0.0,0.0,0.016854341074489,240.66159057617188,0.3083593867104642,0.4642845432059788,0.22735605890768615
2022-11-15,0.0,0.0,-0.0227570549043737,235.24668884277344,0.30507314116764256,0.468017873207431,0.2269089893502167
2022-11-16,0.0,0.0,0.0017371410838943,235.65570068359372,0.3044918238273022,0.4679385480622318,0.2275696355610466
2022-11-17,0.0,0.0,0.0018219034282897,236.08543395996097,0.2992274616251168,0.4754177296932708,0.225354816132193
2022-11-18,0.0,0.0,-0.0002069099996397,236.03659057617188,0.3111887396332693,0.4662893447396771,0.22252192680292454
2022-11-21,0.0,0.0,-0.0019051170777568,235.58734130859372,0.31340442181927536,0.4633896470113438,0.22320592371880027
2022-11-22,0.0,0.0,0.0034350187968713,236.39797973632807,0.32068968058236896,0.4553754948516918,0.22393483574181006
2022-11-23,0.0,0.0,0.0122362740957238,239.30838012695312,0.3222295644485022,0.4465300300744887,0.23124039802642835
2022-11-25,-1.0,0.0,0.0103530780683972,241.798828125,0.3246018073935254,0.45791925258416644,0.21747894374759832
2022-11-28,-1.0,0.0,-0.0003634895121164,241.71095275878903,0.31699946836813436,0.4679261139056423,0.21507442890209422
2022-11-29,1.0,0.0,-0.0234247676928975,236.11473083496097,0.3244038196548891,0.4554022998609658,0.22019388793472566
2022-11-30,1.0,0.0,-0.0059325109788173,234.71812438964844,0.3544758412503242,0.41842259450189845,0.22710156424777728
2022-12-01,-1.0,0.0,0.0597996042577426,249.18234252929688,0.3475714867199363,0.4376524304378003,0.21477608284226335
2022-12-02,-1.0,0.0,-0.0017653828325708,248.74282836914065,0.3384235761540497,0.4462430794695763,0.21533334437637403
2022-12-05,-1.0,0.0,0.0012948002812251,249.0651092529297,0.3515794081824412,0.4004242249585293,0.2479963705843199
2022-12-06,0.0,0.0,-0.0190814113535098,244.3576507568359,0.3665527279927397,0.3754337688075597,0.2580134920238298
2022-12-07,1.0,-1.0,-0.0205126546100403,239.3962860107422,0.3744352974796857,0.3476351839628113,0.27792951110692254
2022-12-08,1.0,-1.0,-0.0030644631595318,238.66378784179688,0.41334042786565617,0.25725001575332845,0.3294095601063058
2022-12-09,1.0,-1.0,0.012322911798752,241.62301635742188,0.4255785217445489,0.21923877561983166,0.35518271381149036
2022-12-12,1.0,-1.0,-0.0080352243505731,239.68930053710932,0.4257206358989591,0.20430375196977063,0.36997562330714123
2022-12-13,-1.0,-1.0,0.0284796756410763,246.61370849609372,0.43630185525306975,0.2351430262527582,0.3285551184941722
2022-12-14,-1.0,-1.0,0.017313956490243,250.92074584960932,0.42842950496303556,0.2555755940448907,0.31599490099207395
2022-12-15,-1.0,-1.0,0.0011670152363666,251.2137451171875,0.42411506869827864,0.2638284040785036,0.3120565272232178
2022-12-16,-1.0,-1.0,-0.0324387733304847,243.1954345703125,0.41343547898278604,0.2480293668956123,0.3385351466710211
2022-12-19,-1.0,-1.0,-0.0175008530794763,238.9763336181641,0.4688492237771583,0.12546862776835915,0.4056821540424179
2022-12-20,0.0,-1.0,-0.017480056511173,234.83531188964844,0.45055908289696106,0.10385814815279612,0.4455827652249523
2022-12-21,-1.0,-1.0,0.0055989206850566,236.15382385253903,0.4593193209278073,0.10234808844988126,0.43833258689702104
2022-12-22,-1.0,-1.0,0.0108180326257205,238.722412109375,0.4710671551452065,0.11768033044184989,0.41125252372616944
2022-12-23,0.0,1.0,-0.0258603252743504,232.62811279296875,0.4332360348193364,0.10398270443051079,0.4627812682007333
2022-12-27,0.0,1.0,0.0022645268516571,233.1555023193359,0.44712937787634016,0.10563184602867753,0.4472387649191113
2022-12-28,-1.0,1.0,-0.0074419166252819,231.42681884765625,0.42914999329537096,0.10596081742847094,0.46488919300144826
2022-12-29,1.0,1.0,-0.0103078507972583,229.05355834960932,0.4240714512464425,0.11236983404172812,0.4635587016733133
2022-12-30,-1.0,-1.0,0.0272549241338263,235.3822479248047,0.46829596316726924,0.12299416256341916,0.40870988544518244
2023-03-16,1.0,-1.0,0.017673226135771,259.89111328125,0.5779493009253677,0.16771159662031287,0.25433911735548054
2023-03-17,0.0,-1.0,0.0397366290091397,270.4262390136719,0.5290303692887105,0.2351351907129234,0.2358344362730759
2023-03-20,-1.0,-1.0,0.0116264483103688,273.58868408203125,0.4634592656240774,0.3308828629880868,0.2056578788384163
2023-03-21,1.0,-1.0,-0.0261046732070342,266.5391540527344,0.44963136901943396,0.35011024232988674,0.2002583849253889
2023-03-22,1.0,-1.0,0.0056777206967842,268.0567932128906,0.4530667722183264,0.34798852005849307,0.19894471517376108
2023-03-23,1.0,-1.0,-0.0054572263535284,266.5979309082031,0.4595400558971075,0.3303666118506991,0.21009332852690316
2023-03-24,1.0,-1.0,0.0195295870414829,271.85565185546875,0.4400504677281387,0.3731224079698956,0.18682711685138512
2023-03-27,-1.0,-1.0,0.0104258454547421,274.7048034667969,0.4297719041573065,0.3876110251557604,0.18261706323635246
2023-03-28,1.0,-1.0,-0.0150464315053363,270.6024169921875,0.4718552938067989,0.3237099098619139,0.20443479260599695
2023-03-29,1.0,-1.0,-0.0041694542037262,269.4765014648437,0.5036744354903301,0.2850538638463289,0.21127170066334106
2023-03-30,1.0,-1.0,0.0190022324661286,274.6461181640625,0.5146108716751321,0.27780672190112643,0.20758241387432202
2023-03-31,1.0,-1.0,0.0125408117597683,278.1120910644531,0.5111975632776125,0.28871854777185524,0.20008388149995188
2023-04-03,0.0,-1.0,0.0148512431810434,282.2732238769531,0.4897667594308198,0.31748128853469243,0.19275194458390713
2023-04-04,0.0,-1.0,-0.0037181196461381,281.22564697265625,0.4934025986857833,0.3122443416345738,0.19435305967964292
2023-04-05,0.0,-1.0,-0.0001742924312334,281.1766357421875,0.5023035433121709,0.2965417183020016,0.2011547346605373
2023-04-06,1.0,-1.0,-0.009938303048439,278.39605712890625,0.5045666510412787,0.26797406321698825,0.22745927829115253
2023-04-10,-1.0,-1.0,0.0252121211826169,285.5042419433594,0.49250327279298944,0.2744224173847807,0.23307430982222999
2023-04-11,-1.0,-1.0,-0.0076075866009091,283.3404846191406,0.5594527257272306,0.20765772371969046,0.23288953937720802
2023-04-12,1.0,-1.0,-0.0229293021516721,276.9176025390625,0.5638042087671283,0.14499490928840686,0.29120088566975516
2023-04-13,1.0,-1.0,0.0023307526999725,277.56378173828125,0.5587177459092526,0.1497768953571258,0.2915053587336217
2023-04-14,0.0,-1.0,0.0221524063161995,283.7810974121094,0.555153033877643,0.1504071158294713,0.29443985774346626
2023-04-17,0.0,-1.0,-0.0128478309851858,280.158447265625,0.5725854912214894,0.14172464346183877,0.2856898802178329
2023-04-18,-1.0,-1.0,0.0092529030571664,282.76275634765625,0.5668210336394839,0.14315532210011847,0.29002364426039756
2023-04-19,-1.0,-1.0,-0.0014899546940487,282.3417663574219,0.5701391613394124,0.1432618736613469,0.28659896499924054
2023-04-20,-1.0,-1.0,0.0002775298435341,282.4201354980469,0.5709445775109581,0.14075452206561942,0.2883009078740032
2023-04-21,-1.0,-1.0,-0.0081456009010009,280.1289978027344,0.5444736513456161,0.1269039940410009,0.32862235088809266
2023-04-24,-1.0,-1.0,-0.0012239400598274,279.7863464355469,0.5163313117258991,0.11192489257093868,0.3717437808020011
2023-04-25,-1.0,-1.0,-0.0140613633838935,275.87969970703125,0.5494771702058789,0.08527838103579063,0.3652444375824595
2023-04-26,1.0,-1.0,-0.0227938135101435,269.6624755859375,0.4828666521379132,0.11104043234387861,0.40609292669407904
2023-04-27,1.0,-1.0,0.0699315116633998,289.1954040527344,0.5219906168461175,0.13368956702431822,0.3443198124042741
2023-04-28,0.0,-1.0,0.0315255226073882,298.4576721191406,0.5776687072587156,0.16174407391212392,0.26058721510387023
2023-05-01,0.0,-1.0,0.0079400818947671,300.8368835449219,0.56850958022856,0.18948386326984662,0.2420065714027546
2023-05-02,0.0,-1.0,-0.0055480235850006,299.1724548339844,0.5616699259048765,0.20590723680686196,0.23242284101355204
2023-05-03,0.0,-1.0,-0.0004909764806419,299.0256042480469,0.5533537223855634,0.21971087774659487,0.22693539241726118
2023-05-04,0.0,-1.0,-0.0033126293387931,298.03668212890625,0.560683994270913,0.20689291370287632,0.2324231032020816
2023-05-05,0.0,-1.0,0.0033126293387931,299.0256042480469,0.5631567372511164,0.21059416294203012,0.22624908490569223
2023-05-08,0.0,-1.0,0.0170115442838387,304.156005859375,0.5343295517194413,0.2570293216439339,0.208641130361915
2023-05-09,0.0,-1.0,-0.0064586246810278,302.1979064941406,0.5460068993929119,0.24424704028773186,0.20974605659406592
2023-05-10,0.0,-1.0,-0.0053603062018781,300.5823669433594,0.569203779843596,0.21229771015471388,0.21849851000169018
2023-05-11,0.0,-1.0,0.0171484603744436,305.7813415527344,0.5486634787388271,0.23987765592816446,0.21145886905829875
2023-05-12,1.0,-1.0,-0.0070692503258082,303.6273193359375,0.5647417781805651,0.21775013764616324,0.2175080878985619
2023-05-15,1.0,-1.0,-0.0036829264547627,302.5111389160156,0.5712822573035585,0.2031530166686768,0.22556472602776473
2023-05-16,1.0,-1.0,0.0015846914154007,302.99090576171875,0.5532236272354499,0.2122817107444388,0.23449466574540156
2023-05-17,1.0,-1.0,0.0073404394301299,305.2231750488281,0.5496093182278297,0.22172339746629768,0.22866728803116299
2023-05-18,0.0,-1.0,0.0094073440030784,308.1080627441406,0.5481975157687446,0.223317935649244,0.2284845597578823
2023-05-19,0.0,-1.0,0.0142923616475401,312.54327392578125,0.5773111326355378,0.20846939252524838,0.21421947856450418
2023-05-22,1.0,-1.0,-0.0005652181770982,312.3666687011719,0.5808789036560998,0.19258126044112173,0.2265398321774882
2023-05-23,-1.0,-1.0,0.0088816304204425,315.1533508300781,0.5831878590976933,0.1733133968018603,0.2434987291992853
2023-05-24,1.0,-1.0,-0.0186040599194637,309.34442138671875,0.5799468618907975,0.13404328060494347,0.2860098575042591
2023-05-25,1.0,-1.0,-0.0044824389397232,307.9609069824219,0.5343693736460176,0.14221051877224167,0.32342010385645054
2023-05-26,1.0,-1.0,0.0377368449491216,319.804443359375,0.588153585296328,0.14446427295240163,0.26738213616333484
2023-05-30,-1.0,-1.0,0.0211602087626678,326.6436767578125,0.5893383828718937,0.16504929674994695,0.24561233527932064
2023-05-31,0.0,-1.0,-0.0050596511678483,324.9951477050781,0.5794836057332609,0.17581312869434362,0.24470328047355672
2023-06-01,1.0,-1.0,-0.0085507030015879,322.2280578613281,0.5888416140454584,0.16412597778357257,0.24703241562154965
2023-06-02,-1.0,-1.0,0.0126785390971557,326.3394470214844,0.5850753113966219,0.1720236190909758,0.24290107696298308
2023-06-05,-1.0,-1.0,0.00844343043035,329.1065368652344,0.5734210243845432,0.19067193661339626,0.23590704645264116
2023-06-06,-1.0,-1.0,0.0016086588246889,329.6363830566406,0.5786652054322189,0.18756736676119223,0.2337674240812987
2023-06-07,-1.0,-1.0,-0.0067500210424878,327.4188232421875,0.5977739587846008,0.16714010411636365,0.23508592964845504
2023-06-08,1.0,-1.0,-0.0313545063088969,317.3120422363281,0.6044078421166449,0.1270552835950063,0.26853687428834894
2023-06-09,1.0,-1.0,0.005796770230178,319.1567687988281,0.5898469366376438,0.15806559978346355,0.2520874635788927
2023-06-12,1.0,-1.0,0.004693062243674,320.6581115722656,0.607976937027994,0.13167320892711787,0.26034984659430754
2023-06-13,1.0,-1.0,0.015365025576461,325.6230773925781,0.6047867095290635,0.1404997135818737,0.2547135694384823
2023-06-14,1.0,-1.0,0.0073261324444482,328.01739501953125,0.5920767947237738,0.13806774635626312,0.26985545891996315
2023-06-15,1.0,-1.0,0.0090822519154918,331.0101013183594,0.5867312532035582,0.14106699185898258,0.27220174748687864
2023-06-16,-1.0,-1.0,0.0313985829726376,341.5682373046875,0.5973078156597699,0.1502276326573059,0.2524645665840854
2023-06-20,-1.0,-1.0,-0.016714736328717,335.9064636230469,0.5996290147897568,0.14490261890418138,0.25546837375664255
2023-06-21,-1.0,-1.0,-0.0125812397982047,331.7068176269531,0.6138676841611073,0.1295460019268109,0.25658632136266246
2023-06-22,0.0,-1.0,-0.0133709984759076,327.30108642578125,0.6029265102943113,0.12041616984872752,0.2766573049558
2023-06-23,-1.0,-1.0,0.0182692032993327,333.3355712890625,0.6042193997567776,0.13791638178354637,0.2578642110090954
2023-06-26,-1.0,-1.0,-0.0139019711547023,328.7336120605469,0.5592824702792191,0.11070845253149642,0.33000906601341357
2023-06-27,1.0,-1.0,-0.0193489198148558,322.4341125488281,0.5690463621711389,0.0839991854067262,0.34695446173536065
2023-06-28,0.0,-1.0,0.0180048981438651,328.2920837402344,0.5617589035399893,0.11249924706765373,0.3257418531176473
2023-06-29,0.0,-1.0,0.0038186902770365,329.5481262207031,0.5570374894856736,0.11201158478827976,0.3309509257260467
2023-06-30,0.0,-1.0,-0.0023850880375241,328.7630615234375,0.5561501149410625,0.11273653474176354,0.3311133540424643
2023-07-03,-1.0,-1.0,0.0162528447767305,334.1500549316406,0.5711709213863578,0.13152127581303413,0.2973077990753177
2023-07-05,-1.0,-1.0,-0.007516237985558,331.6479187011719,0.558714917493808,0.11719822647062449,0.32408685603556747
2023-07-06,-1.0,-1.0,0.0004733205752408,331.804931640625,0.5418609962746255,0.1132225691000343,0.34491642344946927
2023-07-07,-1.0,-1.0,0.0091843875824802,334.86639404296875,0.5596747117015608,0.1290106652569039,0.3113146230415354
2023-07-10,-1.0,-1.0,-0.0119385810293816,330.892333984375,0.5393091131755083,0.10417779942193596,0.3565130874025556
2023-07-11,1.0,-1.0,-0.0161127097740332,325.6034851074219,0.5370919236162086,0.07921107375784836,0.38369699331271734
2023-07-12,1.0,-1.0,0.001926933787818,326.23150634765625,0.5360646255357231,0.07966365069136058,0.38427171445969055
2023-07-13,1.0,-1.0,0.0141266560132805,330.8727722167969,0.5441049113552313,0.08869013317949714,0.36720495546527165
2023-07-14,1.0,-1.0,0.0160622808608058,336.2302551269531,0.5581288074379129,0.1066185806190995,0.3352526082176974
2023-07-17,1.0,-1.0,0.0075011176542459,338.7618408203125,0.5413797169519823,0.11662098347298588,0.3419993070256126
2023-07-18,1.0,-1.0,0.0014183830041724,339.24267578125,0.5205035431309795,0.13029889762039235,0.3491975480727573
2023-07-19,-1.0,-1.0,0.0390282226587973,352.7444763183594,0.5670415894496155,0.16949643628953082,0.26346196867291843
2023-07-20,-1.0,-1.0,-0.0123432151292688,348.417236328125,0.5611146705395631,0.1899453739606169,0.2489399629504005
2023-07-21,-1.0,-1.0,-0.0233931128003455,340.3612670898437,0.6175456093837675,0.13199292499422924,0.2504614656220034
2023-07-24,1.0,-1.0,-0.008977266292901,337.3194274902344,0.6298948353760815,0.11864906198417953,0.25145610263973905
2023-07-25,-1.0,-1.0,0.0038903596576377,338.63427734375,0.6029879115682855,0.12064386466932686,0.27636821631180714
2023-07-26,-1.0,-1.0,0.0168663101072406,344.39422607421875,0.6136952038999359,0.12510990658316873,0.2611948932421857
2023-07-27,-1.0,-1.0,-0.0383642341569358,331.4320373535156,0.6093228524124255,0.08505096078000147,0.3056262035713794
2023-07-28,1.0,-1.0,-0.021093036800522,324.51434326171875,0.5682831679548928,0.08715545904237859,0.34456136927743836
2023-07-31,-1.0,-1.0,0.0228679203933086,332.02081298828125,0.5818206224556706,0.10294390422039376,0.3152354751865809
2023-08-01,-1.0,-1.0,-0.0072670096479141,329.61676025390625,0.5969346135200753,0.0882833836347911,0.314781995394553
2023-08-02,-1.0,-1.0,0.001249487330612,330.02886962890625,0.5962637941817234,0.09079525442280204,0.31294094394489397
2023-08-03,0.0,-1.0,-0.0266345238034424,321.354736328125,0.5664868623405727,0.0897270497216318,0.34378610656424696
2023-08-04,0.0,-1.0,-0.0025681200743513,320.530517578125,0.5725089940070411,0.08673615105207594,0.3407548735673344
2023-08-07,-1.0,-1.0,0.0034227282062608,321.6294860839844,0.5902181740433893,0.0839523758922775,0.32582945565226856
2023-08-08,-1.0,-1.0,0.0070832987548155,323.915771484375,0.5990514617699648,0.08589577601263157,0.31505275476682293
2023-08-09,0.0,-1.0,-0.0123751182497,319.9319763183594,0.5823807984933709,0.0842988028065483,0.3333204042880162
2023-08-10,0.0,-1.0,-0.0117851683988929,316.18365478515625,0.5647734703508855,0.08789612299550446,0.3473304085162551
2023-08-11,0.0,-1.0,0.0021698898762176,316.8704833984375,0.5817521407788853,0.08647874998296226,0.33176911296344275
2023-08-14,0.0,-1.0,-0.0059632073653778,314.9865417480469,0.5715908226521127,0.09008267361250576,0.33832650746067183
2023-08-15,-1.0,-1.0,0.0093946887336884,317.9596862792969,0.5829439822924447,0.08804344721276414,0.32901256676950097
2023-08-16,0.0,-1.0,-0.0067502152163917,315.82061767578125,0.5756664417881674,0.08089069025234129,0.3434428698221365
2023-08-17,1.0,-1.0,-0.0024316390766453,315.0535888671875,0.5707788260094113,0.08129614442629185,0.34792502583900653
2023-08-18,1.0,-1.0,-0.0110469969780025,311.59234619140625,0.5560927872566943,0.08560454280403873,0.35830266621397666
2023-08-21,1.0,-1.0,-0.0012630572953767,311.19903564453125,0.5561089083198628,0.08338793597074019,0.36050315198410676
2023-08-22,0.0,-1.0,0.0169187993743542,316.5089416503906,0.5834179508589428,0.07691158879056668,0.3396704640757808
2023-08-23,1.0,-1.0,0.0018001666308636,317.0792236328125,0.5663900053424288,0.08688598004364106,0.3467240164765752
2023-08-24,-1.0,-1.0,0.0139811395917933,321.5434875488281,0.580601438171719,0.11066087988429989,0.30873768008133584
2023-08-25,1.0,-1.0,-0.021733013409249,314.6307678222656,0.5731560564886187,0.08603818560892382,0.34080576721568334
2023-08-28,1.0,-1.0,0.0093631751803269,317.5905456542969,0.534726662522707,0.11101792663637132,0.3542554182915024
2023-08-29,1.0,-1.0,0.0022268288795925,318.2985534667969,0.5128417298682785,0.10868892042579936,0.37846936274443815
2023-08-30,1.0,-1.0,0.0144456745684475,322.9299621582031,0.5308835878254344,0.128960318371862,0.3401560826268327
2023-08-31,1.0,-1.0,0.0011564155094238,323.3036193847656,0.5275763925787844,0.13647686400690945,0.3359467322384353
2023-09-01,1.0,-1.0,-0.0031378193839122,322.2907409667969,0.5282683295070991,0.13130247937090236,0.3404291799461277
2023-09-05,1.0,-1.0,0.0027422347452623,323.1757507324219,0.5262905538483117,0.13686397959264626,0.3368454553831712
2023-09-06,-1.0,-1.0,0.0147690235756071,327.9841613769531,0.5080309943722374,0.17702805303383717,0.3149409674950867
2023-09-07,1.0,-1.0,-0.0020106015276964,327.32537841796875,0.5195829968784229,0.17908896216753056,0.3013280521299175
2023-09-08,1.0,-1.0,-0.0089621739207082,324.4049377441406,0.5414842532399665,0.15422327539389874,0.3042924601902638
2023-09-11,-1.0,-1.0,0.01312911352208,328.6921691894531,0.5472499525404135,0.1759160032851624,0.2768340478997143
2023-09-12,-1.0,-1.0,0.0109193287749769,332.3009338378906,0.5509506500182193,0.19561978898983823,0.25342956099194236
2023-09-13,1.0,-1.0,-0.0184265110776721,326.2338562011719,0.5940680857890768,0.14483967522620506,0.2610922278088472
2023-09-14,-1.0,-1.0,0.0128478506967127,330.4523010253906,0.5905118541903963,0.1500049265887362,0.2594832117702869
2023-09-15,-1.0,-1.0,0.0078250440467344,333.0482482910156,0.5927675411962172,0.1556100523621911,0.2516224138921723
2023-09-18,-1.0,-1.0,-0.0253555771583104,324.70977783203125,0.5779546450704331,0.11647774438276742,0.3055676198600254
2023-09-19,-1.0,-1.0,-0.0035191250735038,323.569091796875,0.5467105719894465,0.11381379712184084,0.3394756271634224
2023-09-20,-1.0,-1.0,-0.0012466844390059,323.1659545898437,0.49970425487120945,0.11503924656408453,0.38525649483941576
2023-09-21,-1.0,-1.0,-0.0242690799167992,315.4174194335937,0.4947882151644972,0.08251162936396325,0.4227001554715395
2023-09-22,-1.0,-1.0,-0.003873062805114,314.1981506347656,0.48993035323671685,0.08875557282959068,0.4213140739336924
2023-09-25,-1.0,-1.0,-0.0079178995601427,311.7201843261719,0.48152953559994316,0.10475810297883835,0.4137123502453476
2023-09-26,-1.0,-1.0,0.0016705494824781,312.2413635253906,0.5379229176237297,0.09776117395640463,0.36431591028251065
2023-09-27,1.0,-1.0,-0.0171519330982892,306.9314880371094,0.469924098489119,0.12310718946883062,0.4069687083167601
2023-09-28,1.0,-1.0,0.0020800559585403,307.5705871582031,0.4831851888214806,0.11262251572617676,0.4041923066282135
2023-09-29,1.0,-1.0,0.0027138884496746,308.40643310546875,0.5451944273846111,0.09155802127685655,0.3632475438879518
2023-10-02,1.0,-1.0,0.0067048547235436,310.481201171875,0.5757491023823503,0.08045826751344977,0.34379264314271596
2023-10-03,-1.0,-1.0,0.0189795371192362,316.4302673339844,0.5645436250190634,0.11328776696059534,0.3221686117456316
2023-10-04,1.0,-1.0,-0.026481672775069,308.16064453125,0.5495632520702698,0.08145986378261641,0.3689768897350491
2023-10-05,1.0,-1.0,0.0176170683829112,313.6376342773437,0.560699150760793,0.09596634402705023,0.34333450707480184
2023-10-06,1.0,-1.0,0.0012533400903455,314.0309753417969,0.5490403489245995,0.1123003048181576,0.3386593499825332
2023-10-09,0.0,-1.0,0.0244359126410866,321.79913330078125,0.627578611163914,0.12130295381632328,0.2511184424703433
2023-10-10,0.0,-1.0,0.0077920604960576,324.31640625,0.6176826345510099,0.1397831975369657,0.24253417536260502
2023-10-11,0.0,-1.0,-0.0043449987198446,322.9103088378906,0.6148664081599313,0.14564117454887868,0.23949242101648033
2023-10-12,0.0,-1.0,0.0121972566123924,326.873046875,0.5930234625788506,0.17243967969678403,0.2345368651749459
2023-10-13,0.0,-1.0,-0.0037974252600486,325.6341247558594,0.5943239361218631,0.1650182352272102,0.24065782120034598
2023-10-16,0.0,-1.0,-0.0104117536147824,322.26129150390625,0.6083803002734597,0.14568034061420237,0.24593937401349916
2023-10-17,-1.0,-1.0,0.0148709910013753,327.0894470214844,0.5943735164352809,0.16525245050994966,0.24037402560418888
2023-10-18,-1.0,-1.0,-0.0017454002090778,326.51904296875,0.6012148569025793,0.16028548274608395,0.2384996678019174
2023-10-19,1.0,-1.0,-0.0058897088742391,324.6015930175781,0.6145276597814979,0.1434160065337499,0.24205633368475218
2023-10-20,-1.0,-1.0,0.003658680802421,325.7913818359375,0.6182707262213717,0.14120977934186216,0.24051949071147583
2023-10-23,1.0,-1.0,-0.0141340332404057,321.2190246582031,0.6215824665971517,0.11314815828612904,0.2652693825672999
2023-10-24,1.0,-1.0,0.0080793199216095,323.82476806640625,0.6277557198529182,0.12067574153658576,0.25156853861049594
2023-10-25,1.0,-1.0,0.0036672537644685,325.0144958496094,0.632236047035891,0.11668718676879927,0.2510767810964711
2023-10-26,-1.0,-1.0,0.0302171113418972,334.9853820800781,0.6003063136466941,0.16189435552038664,0.23779931220646783
2023-10-27,1.0,-1.0,-0.0382358802247292,322.418701171875,0.6038333241968226,0.10340885637579514,0.2927578138394468
2023-10-30,1.0,-1.0,0.0058384748333808,324.306640625,0.5790919266275223,0.11777646633627133,0.3031316182120773
2023-10-31,1.0,-1.0,0.0224853691151976,331.681396484375,0.6014056513166546,0.14072753745444475,0.25786680005302987
2023-11-01,1.0,-1.0,0.0023690840926292,332.4681091308594,0.5647383773199438,0.1548125903104453,0.2804490360949013
2023-11-02,1.0,-1.0,0.0232697022702679,340.2952575683594,0.5440844993524974,0.19368430433865108,0.26223120003414185
2023-11-03,1.0,-1.0,0.0064804658816069,342.5076904296875,0.5553065611101893,0.1991047705867313,0.24558866830307946
2023-11-06,1.0,-1.0,0.0127799006043412,346.9129943847656,0.5489284739532785,0.21502232750756048,0.23604917991270957
2023-11-07,1.0,-1.0,0.0105169647988409,350.5807189941406,0.5282669593898943,0.22866136474844756,0.24307167958694859
2023-11-08,1.0,-1.0,0.0111567960379826,354.51397705078125,0.4944210879659189,0.2720093389458887,0.23356957681348273
2023-11-09,1.0,-1.0,0.0073784210848253,357.139404296875,0.47524146745273865,0.31011641977422943,0.21464209787187066
2023-11-10,1.0,-1.0,-0.0069346763123723,354.6713256835937,0.4719493909463832,0.3178991701356463,0.2101514463685511
2023-11-13,0.0,-1.0,0.0245918093238324,363.50146484375,0.44700743529490916,0.3428859831942295,0.21010658151086142
2023-11-14,1.0,-1.0,-0.0081211464204311,360.5613708496094,0.459134277821674,0.3541524340589655,0.18671330302052172
2023-11-15,1.0,-1.0,0.009742922680486,364.0914611816406,0.44094539148468254,0.37341242785896755,0.18564219183222092
2023-11-16,1.0,-1.0,0.0004059341187132,364.2392883300781,0.45441215858309764,0.35694533178128574,0.18864250963561668
2023-11-17,-1.0,-1.0,0.0174303709178607,370.6437683105469,0.45185701061592587,0.36115077338368673,0.18699221600038746
2023-11-20,1.0,-1.0,-0.016943701870508,364.4165954589844,0.47875189280567165,0.32657563655954336,0.1946724855359463
2023-11-21,0.0,-1.0,0.0203141488403772,371.8951110839844,0.4940515950053721,0.3142069009407884,0.19174150777912982
2023-11-22,1.0,-1.0,-0.0116455878743509,367.58929443359375,0.5199016438148325,0.2715420801101947,0.20855629097613396
2023-11-24,0.0,-1.0,0.012731221786452,372.299072265625,0.5214719804678306,0.2757117849216747,0.2028162495116559
2023-11-27,0.0,-1.0,-0.001112221588206,371.8852233886719,0.5673402695005128,0.2130624678479001,0.21959726637687746
2023-11-28,-1.0,-1.0,0.003121514205598,373.0478820800781,0.5900121788950821,0.18872213952628486,0.2212656704027623
2023-11-29,-1.0,-1.0,0.010744803185551,377.0778198242187,0.5975006763290189,0.1770877370883922,0.2254115903078792
2023-11-30,-1.0,-1.0,-0.0101110070971743,373.2843933105469,0.6138510849863109,0.1372394909693197,0.24890942404436944
2023-12-01,-1.0,-1.0,0.0001583454061048,373.343505859375,0.5831961015147906,0.14820178051106642,0.26860211797414285
2023-12-04,-1.0,-1.0,-0.0116801974658771,369.0081481933594,0.5780238422700054,0.12277705930479449,0.2991991058757807
2023-12-05,0.0,-1.0,-0.0144425201328334,363.717041015625,0.5851804415567445,0.10446265245518833,0.31035690040013175
2023-12-06,0.0,-1.0,0.0091146063577646,367.0473327636719,0.5599650719944642,0.11692314425282911,0.3231117874779968
2023-12-07,0.0,-1.0,-0.0100361369022772,363.3820190429687,0.5411696594189801,0.11666690285681353,0.34216344144949656
2023-12-08,-1.0,-1.0,0.0058128566762322,365.5004577636719,0.5309044288437785,0.1007243038115258,0.36837125989411507
2023-12-11,-1.0,-1.0,0.0088032915883605,368.7322692871094,0.5402279498464894,0.09807599575040621,0.361696046952524
2023-12-12,-1.0,-1.0,-0.0078603226889106,365.8452758789063,0.5367956075187637,0.11722140025907894,0.3459829810462866
2023-12-13,-1.0,-1.0,0.0082610660761431,368.8800659179687,0.5396766672599425,0.09514675579805176,0.36517656949142535
2023-12-14,-1.0,-1.0,-2.6722261105155112e-05,368.8702087402344,0.5403051728904179,0.0920214152648843,0.36767341556998817
2023-12-15,1.0,-1.0,-0.0228024696962763,360.5542297363281,0.5017217462177485,0.1097078578081137,0.38857039597413784
2023-12-18,0.0,-1.0,0.0130317466914952,365.28363037109375,0.5441029372980883,0.08596162706597335,0.3699354337732932
2023-12-19,0.0,-1.0,0.0051657488956352,367.1754760742187,0.5230854118636666,0.085324885297357,0.39158968607517003
2023-12-20,0.0,-1.0,0.0016356832315534,367.7765502929687,0.5288800490372823,0.08636392233346267,0.384756037942481
2023-12-21,0.0,-1.0,-0.0070978933119957,365.1753540039063,0.5486044689017422,0.08076267945208343,0.37063284605823904
2023-12-22,0.0,-1.0,0.0078475726928772,368.0523681640625,0.5427306696992757,0.0876602607818746,0.36960906951884964
2023-12-26,-1.0,-1.0,0.002780463705686,369.0771484375,0.530008407023271,0.0892111553736547,0.3807804450536549
2023-12-27,-1.0,-1.0,0.0002134729199683,369.1559448242187,0.5316617138064323,0.09051213555071602,0.37782614319227104
2023-12-28,-1.0,-1.0,-0.0015759939937635,368.5746154785156,0.5078407671331401,0.09719517007647328,0.39496405161451587
2023-12-29,-1.0,-1.0,0.003229567325892,369.7668762207031,0.4914355829404351,0.1087942930768132,0.39977011280688096
