Date,Actual,Predicted,Log_Return,Close,Proba
2016-03-16,1,0,0.0198944015083464,23.707489013671875,0.4634277647283273
2016-03-17,0,1,0.0132039120054667,24.02259635925293,0.6003650172998684
2016-03-18,1,1,-0.0016058449870679,23.984050750732425,0.6042877749408503
2016-03-21,0,1,0.0011335529431365,24.011253356933597,0.5982635699131428
2016-03-22,1,1,-9.397674602798252e-05,24.008996963500977,0.5468420985227944
2016-03-23,0,1,0.0076184145615257,24.19260597229004,0.5155431367494131
2016-03-24,0,1,-0.0055436086139227,24.058862686157227,0.5286078039727737
2016-03-28,0,1,-0.0043434116626352,23.954591751098636,0.5473115843997123
2016-03-29,1,1,-0.0045529497300971,23.845775604248047,0.5367468718651782
2016-03-30,1,1,0.0233954890847016,24.41023635864257,0.5585614463527016
2016-03-31,0,1,0.0173083290705948,24.836414337158203,0.5149137981859822
2016-04-01,1,1,-0.0052162337184688,24.707199096679688,0.5687718006512351
2016-04-04,1,1,0.0091332351916874,24.93388938903809,0.5873895114550596
2016-04-05,0,1,0.010221561072888,25.19005966186523,0.5137151349744127
2016-04-06,1,1,-0.0118590790191083,24.89309310913086,0.5591596138991477
2016-04-07,0,1,0.0104181821283824,25.153789520263672,0.5782296817685455
2016-04-08,1,1,-0.0220511543875087,24.60519027709961,0.5399477725834206
2016-04-11,1,1,0.001105262785171,24.632400512695312,0.5382530264904289
2016-04-12,1,1,0.003307319917066,24.71400260925293,0.5111731008884788
2016-04-13,1,0,0.0129410377318997,25.03590583801269,0.4859507845750147
2016-04-14,1,1,0.0143836874935894,25.398616790771484,0.5899437703971071
2016-04-15,0,1,0.0005354452566845,25.412220001220703,0.5668097493520065
2016-04-18,0,1,-0.0202757413506531,24.902156829833984,0.557249700714716
2016-04-19,0,1,-0.0218109014612522,24.364898681640625,0.5332589322878396
2016-04-20,1,1,-0.0053173697461024,24.235685348510746,0.5390062676257044
2016-04-21,0,1,0.0020554191892712,24.285551071166992,0.5283793652598514
2016-04-22,0,1,-0.0108866650037537,24.02259635925293,0.550171686801844
2016-04-25,0,1,-0.0027406843308205,23.95684814453125,0.5404108168513002
2016-04-26,0,1,-0.0056936754548451,23.82083320617676,0.5565213600087694
2016-04-27,0,1,-0.0069711683061394,23.655351638793945,0.5660913234776247
2016-04-28,0,1,-0.0646219021796899,22.1750431060791,0.5870249043381675
2016-04-29,0,1,-0.0310430029284643,21.497238159179688,0.6090799534144468
2016-05-02,0,1,-0.0115607522461999,21.250144958496097,0.6197338999154897
2016-05-03,1,1,-0.0010675106944229,21.22747230529785,0.622488859497545
2016-05-04,0,1,0.0163119979768593,21.576574325561523,0.5617980700661676
2016-05-05,0,1,-0.010455500755906,21.352155685424805,0.631079399779946
2016-05-06,0,1,-0.0040670625922007,21.265491485595703,0.6300635435052926
2016-05-09,1,1,-0.0055924000373264,21.14689826965332,0.6232668686733485
2016-05-10,1,1,0.0007544687164571,21.16285896301269,0.636800017098342
2016-05-11,0,1,0.0067664260238001,21.306541442871097,0.6370392341357766
2016-05-12,0,1,-0.0097885358514931,21.0989990234375,0.6395266115068794
2016-05-13,1,1,-0.0237365681273107,20.60407829284668,0.6282056409421886
2016-05-16,1,1,0.0019906170626793,20.64513397216797,0.5928961172712123
2016-05-17,0,1,0.0364463286768369,21.411453247070312,0.5033405524964016
2016-05-18,1,1,-0.0041628450188666,21.32250595092773,0.5800981626058226
2016-05-19,0,1,0.0113797194532359,21.56653594970703,0.5082415627795189
2016-05-20,1,1,-0.0038140841097325,21.48443603515625,0.5799395472688407
2016-05-23,1,1,0.0107698023809879,21.71706962585449,0.5021532989898337
2016-05-24,1,0,0.0126277336741799,21.99304580688477,0.4893486942016879
2016-05-25,1,1,0.0151289915001475,22.32830810546875,0.5977480128444632
2016-05-26,1,1,0.0174163766028892,22.720592498779297,0.5991033426585082
2016-05-27,0,1,0.0078991206895253,22.900775909423828,0.59215995348934
2016-05-31,0,1,-0.0005981832071899,22.88708114624023,0.5811698092291869
2016-06-01,0,1,-0.0048946946824426,22.77532958984375,0.5464957486952631
2016-06-02,0,1,-0.0141188293474882,22.45602798461914,0.5688788214065502
2016-06-03,1,1,-0.007544124741903,22.287254333496097,0.572491140883291
2016-06-06,1,1,0.0020444745584911,22.33286666870117,0.5475367216621918
2016-06-07,1,1,0.0072245919681153,22.494796752929688,0.5480502636136957
2016-06-08,0,1,0.004047420127171,22.586027145385746,0.5182438591445485
2016-06-09,1,1,-0.0009090753800879,22.56550407409668,0.549041734700924
2016-06-10,0,1,0.007150795830138,22.72744369506836,0.5199606848164442
2016-06-13,0,1,-0.0082635097424312,22.54040908813477,0.5662545831474408
2016-06-14,1,1,-0.0151910444966197,22.200584411621097,0.5899692491923585
2016-06-15,0,1,0.0012319398494912,22.227951049804688,0.5442885438827549
2016-06-16,1,1,-0.0032887811347411,22.15496826171875,0.5564651886928446
2016-06-17,0,1,0.0042119125272854,22.24847984313965,0.5472870696499248
2016-06-20,0,1,-0.0230205029016758,21.742158889770508,0.5657969800735114
2016-06-21,1,1,-0.0024155504893529,21.6897029876709,0.5185989166963481
2016-06-22,0,1,0.008481253114244,21.874441146850582,0.509601648044726
2016-06-23,1,1,-0.0037603834200247,21.79233932495117,0.5617861841602098
2016-06-24,0,1,0.0057390659568366,21.91776657104492,0.526526168951987
2016-06-27,0,1,-0.02849749509687,21.30198097229004,0.5304450843814901
2016-06-28,1,1,-0.0146681718242274,20.99180030822754,0.5486495211791785
2016-06-29,1,1,0.0167004214154779,21.34531593322754,0.5179951278663446
2016-06-30,1,1,0.0086174138272927,21.530052185058597,0.5329073868013272
2016-07-01,1,0,0.012631758767331,21.80373954772949,0.4903828486624939
2016-07-05,0,1,0.0030287974434896,21.8698787689209,0.5535270117829905
2016-07-06,1,1,-0.0094300658870597,21.664613723754883,0.5819068089523026
2016-07-07,1,1,0.0056688965187064,21.787776947021484,0.5687206067464035
2016-07-08,1,1,0.0042827444706858,21.881288528442383,0.5609089508833585
2016-07-11,1,1,0.0076835553073923,22.05006217956543,0.6067532116033371
2016-07-12,1,1,0.0030979809927731,22.118478775024418,0.5756062172155949
2016-07-13,0,1,0.0045268154764786,22.21883201599121,0.5419478998283991
2016-07-14,1,1,-0.005661771658236,22.0933895111084,0.5741575755397702
2016-07-15,0,1,0.0196267348784417,22.531293869018555,0.5196976963749042
2016-07-18,1,1,-0.000101589133504,22.52900505065918,0.5858740884557019
2016-07-19,1,1,0.0105737954962634,22.76848602294922,0.5142079447676462
2016-07-20,1,1,0.0004007659750817,22.777612686157227,0.6060089371813723
2016-07-21,0,1,0.0009009483919238,22.79814338684082,0.5735047944910521
2016-07-22,0,1,-0.0053165505431295,22.6772575378418,0.5236827109933047
2016-07-25,0,1,-0.0077743420435409,22.50164031982422,0.5811677798700292
2016-07-26,0,1,-0.0134695962768327,22.200584411621097,0.5649621817294052
2016-07-27,1,1,-0.0069070844466536,22.047771453857425,0.5599005697357867
2016-07-28,1,1,0.0629406146094909,23.480073928833008,0.5154674075694551
2016-07-29,0,0,0.0134112631907826,23.79709243774414,0.48432023972047034
2016-08-01,1,1,-0.0012467162035566,23.76744270324707,0.6315847197474185
2016-08-02,0,0,0.0175027990552617,24.187101364135746,0.4582042103926547
2016-08-03,1,1,-0.0149154230268213,23.82901763916016,0.5825634369974982
2016-08-04,1,1,0.0124604774987189,24.127796173095703,0.5855524543560668
2016-08-05,1,1,0.0061587454423939,24.27685165405273,0.6024190971495283
2016-08-08,1,1,0.015092870096568,24.64603805541992,0.6173004332235754
2016-08-09,1,1,0.0082464438177891,24.850120544433597,0.528409336301284
2016-08-10,0,1,0.0040519182528595,24.95101547241211,0.5659747308379683
2016-08-11,0,1,-0.007472089753557,24.76527404785156,0.5815643742838217
2016-08-12,1,1,-0.0006482316116389,24.74922561645508,0.6080859960110634
2016-08-15,1,1,0.0023135703914578,24.80655097961425,0.5790353295982906
2016-08-16,0,1,0.0119454890172483,25.10465431213379,0.5409772438408299
2016-08-17,0,1,-0.0009140277587883,25.08171844482422,0.5829070102049572
2016-08-18,0,1,-0.0014635751158939,25.04503631591797,0.6073105765150509
2016-08-19,1,1,-0.0012826927573141,25.01293182373047,0.6019130919068727
2016-08-22,0,1,0.0025633620250614,25.077131271362305,0.5801195886230246
2016-08-23,1,1,-0.0078026314982983,24.882225036621097,0.5478236199036866
2016-08-24,0,1,0.0031281481464376,24.960182189941406,0.5435121792705426
2016-08-25,0,1,-0.0075616488770984,24.77215385437012,0.5352064939666697
2016-08-26,0,1,-0.0042667965135281,24.66668128967285,0.5556127633403178
2016-08-29,0,1,-0.0058740382369608,24.52221298217773,0.5256910337797351
2016-08-30,0,1,-0.0011230021491528,24.49468994140625,0.515520100313194
2016-08-31,1,1,-0.0077059040395726,24.30666160583496,0.5252329376633371
2016-09-01,1,1,0.0009428456729369,24.32958984375,0.5006359781456432
2016-09-02,1,0,0.0059202511276848,24.47405433654785,0.494201710081214
2016-09-06,0,0,0.0093259326308873,24.70336532592773,0.4754514236149069
2016-09-07,1,0,-0.0002786127512389,24.696483612060547,0.49833046209151
2016-09-08,0,1,0.0061095478755924,24.847829818725582,0.5014222426211962
2016-09-09,0,0,-0.0265586858415859,24.196590423583984,0.4867267510448757
2016-09-12,1,1,-0.0229100892613069,23.64854621887207,0.5107402183734684
2016-09-13,1,0,0.0221513264891913,24.178237915039062,0.49719348682076203
2016-09-14,1,0,0.0235264833380902,24.75381088256836,0.4633067541742143
2016-09-15,1,1,0.0347748274679048,25.629762649536133,0.5006595398488929
2016-09-16,0,1,0.0334335656565401,26.50114250183105,0.5280218188220123
2016-09-19,0,1,-0.0056402972809074,26.352088928222656,0.6177835793345509
2016-09-20,0,1,-0.0117286178402561,26.04482078552246,0.5904985282048253
2016-09-21,0,1,-8.832328142988875e-05,26.04252052307129,0.5712693547650609
2016-09-22,1,1,-0.0001759374423144,26.037939071655277,0.5848658774702715
2016-09-23,0,1,0.0093790296563401,26.28329849243164,0.6017089714238073
2016-09-26,1,1,-0.0168043902234964,25.845314025878903,0.5720735160459978
2016-09-27,1,1,0.0015071599574266,25.884296417236328,0.5329924884032823
2016-09-28,1,1,0.0018588801381041,25.932456970214844,0.5678451093239765
2016-09-29,0,1,0.0075757052701441,26.12965965270996,0.5568278473362993
2016-09-30,1,1,-0.0156553591805087,25.72377586364746,0.57206053514152
2016-10-03,0,1,0.0077259599231826,25.92328643798828,0.5408506735605307
2016-10-04,1,1,-0.0046992549312774,25.8017520904541,0.5455636855585293
2016-10-05,1,1,0.0042566670167406,25.911815643310547,0.5431170798217029
2016-10-06,1,1,0.0004425879145367,25.92328643798828,0.5718265267353575
2016-10-07,1,1,0.0074023055600431,26.115890502929688,0.5266268043867635
2016-10-10,1,1,0.0014918482057012,26.15488052368164,0.5457017534600264
2016-10-11,1,1,0.0172965985239543,26.6112060546875,0.5320487643462335
2016-10-12,1,1,0.0021517213635541,26.668527603149418,0.5277351105600935
2016-10-13,0,1,0.0089028280102753,26.907012939453125,0.5136145487521704
2016-10-14,1,1,-0.0030726199948409,26.824464797973636,0.5530650167486518
2016-10-17,0,1,0.0055409640996608,26.9735107421875,0.6041848531959721
2016-10-18,0,1,-0.0006804093484447,26.95516395568848,0.5771099047880881
2016-10-19,0,1,-0.0006803769629971,26.936830520629883,0.5884541664884266
2016-10-20,0,1,-0.0029841281832957,26.8565673828125,0.5711848818138343
2016-10-21,0,1,-0.000512539340977,26.84280586242676,0.5614668936689812
2016-10-24,1,1,-0.0039372926994941,26.73732566833496,0.5331145917770691
2016-10-25,1,1,0.0089646528350862,26.97809410095215,0.5337646084417277
2016-10-26,0,1,0.0050871175422577,27.115684509277344,0.5779010304608622
2016-10-27,0,1,-0.022751688702462,26.50572204589844,0.5320403363308566
2016-10-28,0,1,-0.009648871586661,26.251201629638672,0.5265984326388342
2016-10-31,0,1,-0.0066610031854066,26.076923370361328,0.5464741478575041
2016-11-01,0,1,-0.0015842185256559,26.03564453125,0.5196510548808656
2016-11-02,1,1,-0.0182205079814789,25.5655574798584,0.5192945855977665
2016-11-03,0,1,0.0008968116882023,25.5884952545166,0.5396097594089463
2016-11-04,0,1,-0.0107768376390786,25.314212799072266,0.5317595061535618
2016-11-07,1,1,-0.0090545488250037,25.08603858947754,0.5458257637897171
2016-11-08,1,1,0.0143216454065015,25.44789695739746,0.5130960758826997
2016-11-09,0,1,0.0058695520787002,25.59770393371582,0.5536553210943976
2016-11-10,0,1,-0.0016214388701645,25.55623245239257,0.5620613203147301
2016-11-11,1,1,-0.0282642583774847,24.844017028808597,0.5885465108405541
2016-11-14,0,1,0.005920138557476,24.991533279418945,0.5846825763913843
2016-11-15,1,1,-0.025405088368069,24.3646183013916,0.602719705170462
2016-11-16,1,1,0.0131567655245325,24.68729591369629,0.5360796103132297
2016-11-17,0,0,0.0265329306912191,25.351089477539062,0.48577582059166957
2016-11-18,1,1,-0.0003635376793485,25.341875076293945,0.5301679933404007
2016-11-21,1,1,0.0009996927430232,25.36722183227539,0.5518164102118965
2016-11-22,1,0,0.0150597965458401,25.752138137817383,0.4888788725184505
2016-11-23,0,1,0.0006261770409335,25.76826858520508,0.5519677401867555
2016-11-25,1,1,-0.0051112660959424,25.63689613342285,0.5521480993490021
2016-11-28,0,1,0.0050219948622647,25.765968322753903,0.5548170153630557
2016-11-29,0,1,-0.0019700655355034,25.71525764465332,0.5296247332842133
2016-11-30,0,1,-0.0009864529936738,25.689903259277344,0.5266799462840096
2016-12-01,0,1,-0.0084691107555491,25.47325134277344,0.551177864297722
2016-12-02,1,1,-0.0093633566109129,25.235849380493164,0.5485862193999292
2016-12-05,0,1,0.0037374368546262,25.33034324645996,0.5245432890084024
2016-12-06,1,1,-0.00721399763327,25.14826774597168,0.5314685358534668
2016-12-07,1,1,0.0076691515781642,25.341875076293945,0.5336537829585152
2016-12-08,1,0,0.0097745678613733,25.590795516967773,0.47904811346119214
2016-12-09,1,0,0.0097694829065551,25.842029571533203,0.4932279957073095
2016-12-12,0,1,0.0161899138802283,26.26381492614746,0.6272598571189145
2016-12-13,1,1,-0.0057205522437607,26.11400032043457,0.5452252699951243
2016-12-14,0,1,0.016543554094533,26.54961204528809,0.5077897884209943
2016-12-15,1,1,0.0,26.54961204528809,0.5827883046717709
2016-12-16,1,1,0.0054544903288292,26.694822311401367,0.6234203375547367
2016-12-19,1,1,0.0012941244892349,26.72939109802246,0.6326776972554161
2016-12-20,1,1,0.0057607109684871,26.88381576538086,0.6476647810747586
2016-12-21,1,1,0.0026543928728285,26.95527076721191,0.5634483344419324
2016-12-22,0,1,0.0009400967707574,26.98062324523925,0.5682287239069603
2016-12-23,1,1,-0.0065995262540724,26.803150177001957,0.550631650159767
2016-12-27,1,1,0.0019759054667232,26.856163024902344,0.5832803487199373
2016-12-28,0,1,0.0063309603092901,27.0267276763916,0.5909946756207001
2016-12-29,0,1,-0.0042732599194893,26.911481857299805,0.5812243617404909
2016-12-30,0,1,-0.0002570254219804,26.904565811157227,0.579464614885593
2017-03-16,1,1,0.0105208758299878,32.51435089111328,0.5624141900293982
2017-03-17,0,1,0.0016359105331455,32.56758499145508,0.54659504255129
2017-03-20,1,1,-0.0049880580620602,32.405540466308594,0.528250004032224
2017-03-21,0,1,0.010446115375348,32.745826721191406,0.5858887501983517
2017-03-22,1,1,-0.0115183896297551,32.370811462402344,0.5541141703326532
2017-03-23,0,1,0.0112358514046774,32.736576080322266,0.5072636917942777
2017-03-24,0,0,-0.003542280388052,32.620819091796875,0.48153848868012483
2017-03-27,1,0,-0.0019886795020369,32.55601119995117,0.47428446596245655
2017-03-28,1,1,0.0017047074753495,32.61155700683594,0.5114613803841541
2017-03-29,1,0,0.0205150557409575,33.28749465942383,0.49818734424533456
2017-03-30,0,0,0.0022232589744271,33.3615837097168,0.49162546907353766
2017-03-31,0,1,-0.0013192562727903,33.31760025024414,0.5667069985850973
2017-04-03,1,1,-0.0018779912108167,33.255088806152344,0.5739430618033503
2017-04-04,1,1,0.0002784775416913,33.26435089111328,0.5426276476028449
2017-04-05,0,1,0.0074188146711087,33.51205062866211,0.6013468306263389
2017-04-06,0,1,-0.0051942394240569,33.33843231201172,0.5225488239480949
2017-04-07,0,1,-0.0025030527887431,33.255088806152344,0.5549062789763539
2017-04-10,0,1,-0.0022299267397884,33.18101501464844,0.5058357338976227
2017-04-11,0,1,-0.0011866958038209,33.14166259765625,0.509431302938239
2017-04-12,1,0,-0.0108146219199248,32.785179138183594,0.4578673107890098
2017-04-13,0,0,0.0011997075952851,32.82453536987305,0.4759946754446731
2017-04-17,1,0,-0.0053032057758192,32.65092086791992,0.4918036622932599
2017-04-18,0,0,0.0055148105618518,32.83148193359375,0.4873869612122287
2017-04-19,0,0,-0.0044520804929223,32.685638427734375,0.46305005056150483
2017-04-20,1,0,-0.0036896570922856,32.56526184082031,0.4839790918717102
2017-04-21,0,0,0.0124334125201808,32.972686767578125,0.4912290673518272
2017-04-24,1,0,-0.0011943139026693,32.93333053588867,0.48069989145864056
2017-04-25,1,1,0.0095834179186658,33.25046157836914,0.5256499118482405
2017-04-26,0,1,0.0061766704788455,33.45647430419922,0.5026427919865349
2017-04-27,1,0,-0.0058982688830348,33.25971984863281,0.4677837045830102
2017-04-28,0,0,0.0007650617234967,33.28517532348633,0.4835941343245813
2017-05-01,1,0,-0.000973826974155,33.252777099609375,0.463044070216662
2017-05-02,1,1,0.0201916576037004,33.9310302734375,0.5730539433764674
2017-05-03,0,1,0.0063244404974481,34.14630508422852,0.5165453119518075
2017-05-04,0,1,-0.0030551863431606,34.04214096069336,0.5518502942679322
2017-05-05,1,1,-0.0036107472876853,33.9194450378418,0.5383602039789174
2017-05-08,1,0,0.0164479580815576,34.481964111328125,0.49697080448868336
2017-05-09,1,1,0.026825310132353,35.419471740722656,0.5546057623433922
2017-05-10,0,0,0.0063845283028968,35.646331787109375,0.4717232092237523
2017-05-11,1,1,-0.0047521514217836,35.47733688354492,0.5284735481679899
2017-05-12,1,0,0.0086113661821865,35.78416442871094,0.49910352494882104
2017-05-15,0,0,0.0138690044377498,36.283912658691406,0.47096385144404107
2017-05-16,0,1,-0.0025660522688185,36.19092559814453,0.54974064133806
2017-05-17,0,0,-0.0014780237933972,36.137474060058594,0.4966486643715475
2017-05-18,1,0,-0.0341526283912099,34.92412185668945,0.49505498390471053
2017-05-19,1,1,0.0151267085113495,35.456424713134766,0.5024298361697582
2017-05-22,1,1,0.0034030315324336,35.57728958129883,0.5060697701199842
2017-05-23,0,1,0.0060581439066667,35.79347610473633,0.5086336017478901
2017-05-24,0,0,-0.001234583000952,35.74931335449219,0.4575402097781065
2017-05-25,1,1,-0.0029955825008333,35.64238357543945,0.506522703745495
2017-05-26,0,0,0.0034502637895703,35.76557159423828,0.4856951410253575
2017-05-30,1,0,-0.0016912177246366,35.705135345458984,0.46707792329364295
2017-05-31,0,0,0.0003905267407163,35.71908187866211,0.47222475477725706
2017-06-01,1,0,-0.0059394002790092,35.50756072998047,0.4910845223385341
2017-06-02,1,0,0.0027456622787576,35.605186462402344,0.48790560831611046
2017-06-05,0,0,0.0147104939313401,36.13282775878906,0.4530668664292387
2017-06-06,1,0,-0.0098261979853955,35.779518127441406,0.4783748143725315
2017-06-07,1,0,0.003372247242023,35.9003791809082,0.4552798184501847
2017-06-08,0,0,0.0059391436391965,36.11423110961914,0.46964655208762296
2017-06-09,0,0,-0.0024488271859379,36.025901794433594,0.4471717087738556
2017-06-12,0,0,-0.039548408571738,34.62894058227539,0.48211872742139283
2017-06-13,1,1,-0.0241857607670739,33.80146026611328,0.5471306206612033
2017-06-14,0,1,0.0080129751605174,34.07339859008789,0.5196706879800481
2017-06-15,0,1,-0.009802666009581,33.74102020263672,0.5049798340016103
2017-06-16,0,1,-0.0060112438187053,33.53880310058594,0.5111361303343434
2017-06-19,1,1,-0.0140988154845931,33.06926345825195,0.5360200287439228
2017-06-20,0,0,0.0282058544845445,34.015289306640625,0.4528494207045791
2017-06-21,1,0,-0.0091296809323741,33.706153869628906,0.49547374763216645
2017-06-22,0,0,0.005912634656761,33.906036376953125,0.47415021590371054
2017-06-23,1,0,-0.0016462199108037,33.85026550292969,0.4915334413614666
2017-06-26,0,0,0.0044535109093469,34.0013542175293,0.480258895680544
2017-06-27,0,0,-0.0031497111856626,33.89442825317383,0.4758524152567585
2017-06-28,1,1,-0.0144363816159302,33.40863037109375,0.5036151787968547
2017-06-29,0,0,0.0145049200496154,33.896751403808594,0.48097909672311107
2017-06-30,1,1,-0.0148530103757166,33.397003173828125,0.5149616325397861
2017-07-03,0,0,0.0023641269010791,33.476051330566406,0.4627125028738758
2017-07-05,1,0,-0.0036171355053661,33.35518264770508,0.49258308126348094
2017-07-06,0,0,0.0041024575978672,33.49230194091797,0.4788051957655153
2017-07-07,1,0,-0.0094833020437341,33.17618560791016,0.4912903999264286
2017-07-10,1,1,0.0101077222209065,33.513221740722656,0.5060955782349001
2017-07-11,1,0,0.0060848339715679,33.71776580810547,0.47476539600965295
2017-07-12,1,0,0.0032348675671496,33.8270149230957,0.46252668063199864
2017-07-13,1,0,0.0014419741539154,33.87582778930664,0.4649289332482568
2017-07-14,1,1,0.0138327357813569,34.347679138183594,0.5840830584770365
2017-07-17,1,1,0.0085579752435696,34.64288711547852,0.5771031414899883
2017-07-18,1,1,0.0034829174837533,34.763755798339844,0.5119258716771464
2017-07-19,1,1,0.0034710475646736,34.8846321105957,0.5277772890060549
2017-07-20,0,1,0.0062432664009943,35.10310745239258,0.5249290727196232
2017-07-21,0,0,-0.0045125231595173,34.94506072998047,0.4948022062748082
2017-07-24,1,1,-0.0004656873413547,34.92879104614258,0.539989348524234
2017-07-25,1,1,0.0120388061551483,35.35183334350586,0.5098261866145424
2017-07-26,1,1,0.0042647509752747,35.50292205810547,0.5335363096717833
2017-07-27,0,1,0.0047026433961314,35.67027282714844,0.5032098718260891
2017-07-28,0,0,-0.0190782567774072,34.99619674682617,0.47136163400327424
2017-07-31,0,0,-0.0070653079859238,34.74980926513672,0.46468100197803297
2017-08-01,1,0,-0.0051640034395418,34.570823669433594,0.4564820279934628
2017-08-02,1,0,0.0088362873329579,34.877655029296875,0.460640087235031
2017-08-03,0,0,0.0461681781830881,36.52564239501953,0.48383847854689266
2017-08-04,1,1,-0.0100413921273973,36.16070938110352,0.5452392973851186
2017-08-07,1,1,0.0052573186335358,36.351318359375,0.5797842767327558
2017-08-08,1,0,0.0153554904244046,36.913818359375,0.49881487703757776
2017-08-09,1,1,0.0079651055127699,37.209014892578125,0.5005417802692768
2017-08-10,0,1,0.006103670643444,37.43682098388672,0.511023109796559
2017-08-11,1,1,-0.0323702721012243,36.244384765625,0.5092980868144261
2017-08-14,1,1,0.0138111999411575,36.74843597412109,0.5203965483538684
2017-08-15,1,1,0.0149374224831426,37.30148315429688,0.5323522537210514
2017-08-16,0,1,0.0108881519239926,37.70984649658203,0.561072029686322
2017-08-17,0,1,-0.0040304026094252,37.55816650390625,0.5362641750238388
2017-08-18,0,1,-0.0193853218429218,36.837100982666016,0.5108810972791704
2017-08-21,0,1,-0.0022831112219484,36.75309371948242,0.5187964466578845
2017-08-22,1,1,-0.0018428730673256,36.6854248046875,0.5141564618831092
2017-08-23,1,0,0.0162152482316543,37.28513717651367,0.49822873247355465
2017-08-24,0,0,0.0012509980346136,37.331809997558594,0.48372023857335966
2017-08-25,1,0,-0.0044478110790656,37.166133880615234,0.4950135027628043
2017-08-28,1,1,0.0036972978132048,37.303802490234375,0.5084509768635547
2017-08-29,1,0,0.0100209304778238,37.679500579833984,0.4601072117771636
2017-08-30,1,1,0.0088787561048318,38.01553726196289,0.5225086810256964
2017-08-31,1,1,0.0026972650793228,38.11821365356445,0.5912252854621408
2017-09-01,1,1,0.0039713038426013,38.26989364624024,0.5816532529637298
2017-09-05,0,1,0.000304771338146,38.28155899047851,0.58811561272761
2017-09-06,0,1,-0.0120813184629509,37.82184982299805,0.5119828644211818
2017-09-07,0,1,-0.001049187636878,37.782188415527344,0.521478732213108
2017-09-08,0,0,-0.0040225686439648,37.63051223754883,0.4645415746151097
2017-09-11,1,0,-0.0164441797478494,37.01676940917969,0.4784272422826291
2017-09-12,0,0,0.0179311199154197,37.68650817871094,0.4568500259244441
2017-09-13,0,0,-0.0039708090432617,37.53715896606445,0.46928919463397656
2017-09-14,0,0,-0.0075506847428508,37.25479507446289,0.47214169843710396
2017-09-15,1,0,-0.0086180200551803,36.93511199951172,0.47818016487744175
2017-09-18,0,0,0.0100579848190445,37.30847930908203,0.4867217375998133
2017-09-19,1,0,-0.0075973484274744,37.02610778808594,0.4843442793771624
2017-09-20,0,0,0.0003785534041645,37.04012680053711,0.4624820117705959
2017-09-21,0,1,-0.0169000442048453,36.41940689086914,0.516324839507771
2017-09-22,0,1,-0.0173212234005254,35.79401016235352,0.5097597268166665
2017-09-25,0,1,-0.0098270029384993,35.44398498535156,0.5044660783534645
2017-09-26,1,1,-0.0088611466411572,35.13129806518555,0.5153695486164511
2017-09-27,1,0,0.0170569895784663,35.73567199707031,0.4846106825682496
2017-09-28,0,0,0.0070926111674232,35.99003219604492,0.48581727879159314
2017-09-29,1,0,-0.0061787356739502,35.76834487915039,0.48873437203947523
2017-10-02,0,0,0.0054652532276213,35.96436309814453,0.4833265676048134
2017-10-03,1,0,-0.0020133021451422,35.89202880859375,0.47929041654432214
2017-10-04,0,0,0.0043466373140499,36.048377990722656,0.47736068195839865
2017-10-05,1,0,-0.0064947881403518,35.81501007080078,0.4798210873639914
2017-10-06,0,0,0.0123678559395948,36.26071548461914,0.49306750213900874
2017-10-09,1,0,-0.0005789886024594,36.23972702026367,0.47802207018444953
2017-10-10,1,0,0.0034706971177381,36.36572265625,0.47770594957922696
2017-10-11,1,1,0.0003854264387426,36.37974166870117,0.5115610551726156
2017-10-12,0,1,0.0041601634281892,36.53140258789063,0.5215420428740607
2017-10-13,1,0,-0.0035193734515599,36.40306091308594,0.4836495571992696
2017-10-16,1,1,0.0063262729759472,36.63408660888672,0.5238543543729879
2017-10-17,1,0,0.0182414930340286,37.30847930908203,0.49411965651205325
2017-10-18,0,1,0.0036832172230624,37.44614791870117,0.5211253814011082
2017-10-19,0,1,-0.0044336883740203,37.28049087524414,0.5961982887570098
2017-10-20,1,0,-0.0239456715392192,36.39838790893555,0.4884493457810156
2017-10-23,0,1,0.0017296560351964,36.46139907836914,0.5025562060155077
2017-10-24,1,1,-0.0005116322136411,36.4427490234375,0.5138453807546901
2017-10-25,0,0,0.0059368612545095,36.65974807739258,0.48180617710436374
2017-10-26,1,0,-0.0044015995720378,36.49874114990234,0.4987609570839808
2017-10-27,1,0,0.0063731965821172,36.73209762573242,0.4915227100044478
2017-10-30,1,1,0.0352033768695681,38.048221588134766,0.5706000888520343
2017-10-31,1,0,0.022258203872692,38.90460205078125,0.44490147455752155
2017-11-01,0,1,0.0138198846310277,39.44599151611328,0.551272659079843
2017-11-02,1,1,-0.0128006572111944,38.94427490234375,0.5540713349780695
2017-11-03,1,1,0.007283717905916,39.22896957397461,0.5785753586672547
2017-11-06,1,1,0.0257785722337007,40.25338363647461,0.5796327260517358
2017-11-07,1,1,0.0100939884271927,40.66175842285156,0.5037055997956832
2017-11-08,1,1,0.0032084922348588,40.79243087768555,0.5141137114771621
2017-11-09,0,1,0.0081473042693536,41.12613677978515,0.5040700299006549
2017-11-10,0,1,-0.0020450412804382,41.042118072509766,0.5078984836257159
2017-11-13,0,1,-0.0033150138286553,40.906288146972656,0.5173555677688291
2017-11-14,0,1,-0.0040155724225332,40.74235534667969,0.5158301402538551
2017-11-15,0,1,-0.0152328009086433,40.12643814086914,0.5207402158390391
2017-11-16,1,1,-0.0132782079130736,39.59715270996094,0.5115406514224144
2017-11-17,0,1,0.0118766050542814,40.07023620605469,0.5149269101092258
2017-11-20,0,1,-0.0055679326969011,39.847747802734375,0.5040921045659932
2017-11-21,1,0,-0.000999748278518,39.80792999267578,0.48696027488613625
2017-11-22,1,1,0.0184199509941117,40.5479850769043,0.5167203154032375
2017-11-24,1,0,0.0104568194994694,40.974212646484375,0.45488700760478845
2017-11-27,0,0,5.716173728920335e-05,40.97655487060547,0.4661115995945855
2017-11-28,0,0,-0.005042689032877,40.77044296264648,0.44811127002822637
2017-11-29,0,0,-0.0058756296387139,40.53159332275391,0.4999927567081758
2017-11-30,1,0,-0.020961663702639,39.690826416015625,0.4847013182878909
2017-12-01,0,0,0.01388755318409,40.245880126953125,0.45648747182188
2017-12-04,0,0,-0.0046664152931656,40.05851364135742,0.47055856478044356
2017-12-05,0,0,-0.0073345434398934,39.76577758789063,0.4894101499413874
2017-12-06,0,1,-0.0009426602814916,39.728309631347656,0.5144914918375894
2017-12-07,1,1,-0.0037207603838748,39.58076477050781,0.5198338585792344
2017-12-08,1,0,0.001832769800076,39.65337371826172,0.48481797431620943
2017-12-11,1,0,0.0002949090127041,39.665069580078125,0.4887465634787952
2017-12-12,0,0,0.0192968195121172,40.43791198730469,0.4616868166561343
2017-12-13,1,0,-0.005633752696618,40.21073532104492,0.4479146554719559
2017-12-14,0,0,0.0033145832333399,40.34423828125,0.470406839025177
2017-12-15,1,0,-0.0002902274371732,40.3325309753418,0.44828496413473673
2017-12-18,1,0,0.0101098596761037,40.74235534667969,0.4730895012703166
2017-12-19,0,1,0.0139846112549563,41.31612396240234,0.5179607318243705
2017-12-20,0,0,-0.010713580453887,40.8758430480957,0.4888920134861505
2017-12-21,1,1,-0.0010890306160325,40.83135223388672,0.5248931728179758
2017-12-22,0,0,0.0037779031428344,40.98590087890625,0.48135389813699186
2017-12-26,0,0,0.0,40.98590087890625,0.4910517763201525
2017-12-27,1,0,-0.0256969320152633,39.94610595703125,0.4907846796122559
2017-12-28,1,0,0.000175888344012,39.95313262939453,0.480902265647951
2017-12-29,0,0,0.002809538177344,40.0655403137207,0.4948717357251593
2018-03-15,1,1,-0.0085376066761647,41.959571838378906,0.519455870463271
2018-03-16,0,1,0.0011760942419914,42.00894927978515,0.5653220747525858
2018-03-19,0,1,-0.0035325315986828,41.86081314086914,0.5509946962224839
2018-03-20,0,1,-0.0153972007251359,41.22121047973633,0.541602032993123
2018-03-21,0,1,-0.000342279246188,41.20710372924805,0.5297010102800244
2018-03-22,0,1,-0.022915024942782,40.27357864379883,0.5236928469338064
2018-03-23,0,1,-0.0142305723468575,39.70452117919922,0.5579406323060261
2018-03-26,1,1,-0.0234287408720946,38.78510665893555,0.5443701423505983
2018-03-27,0,1,0.0463792422781681,40.62629699707031,0.5152395445339392
2018-03-28,0,1,-0.0259755457067841,39.5845947265625,0.5562697197791368
2018-03-29,1,1,-0.0111105939172706,39.147220611572266,0.5315258915357944
2018-04-02,0,1,0.0077784171332179,39.452911376953125,0.5204750927668644
2018-04-03,1,1,-0.0065779346341236,39.194244384765625,0.5860239681811776
2018-04-04,1,1,0.0102068815210368,39.59634399414063,0.5351243224289866
2018-04-05,1,1,0.0189418230871821,40.35351943969727,0.5331514438210522
2018-04-06,0,1,0.0069104595678723,40.63334655761719,0.5171550901670297
2018-04-09,1,1,-0.025911533284899,39.593997955322266,0.5816544480958714
2018-04-10,1,1,0.0098691217874767,39.98669052124024,0.5771193537301198
2018-04-11,0,1,0.0186430029970907,40.73915481567383,0.5643986964973441
2018-04-12,1,1,-0.0046859827464379,40.54869842529297,0.5502021430715154
2018-04-13,1,1,0.0098100457834262,40.94844055175781,0.5962832183928226
2018-04-16,1,1,0.0033823566102709,41.08717727661133,0.6003357624013609
2018-04-17,1,1,0.0062189026644083,41.34349060058594,0.6225715850388589
2018-04-18,0,1,0.013670180489918,41.91254425048828,0.6634596139355997
2018-04-19,0,1,-0.002246785918686,41.8184814453125,0.5912809594831407
2018-04-20,0,1,-0.0287493083825681,40.63334655761719,0.5634006886257902
2018-04-23,0,1,-0.0418355891239884,38.9684944152832,0.569820285427143
2018-04-24,0,1,-0.0029003317158472,38.85563659667969,0.5896790047021598
2018-04-25,1,1,-0.0140170006244473,38.31479644775391,0.5675373952835254
2018-04-26,1,1,0.0043478646836342,38.481746673583984,0.5417624853615901
2018-04-27,0,1,0.0034773766801491,38.61579513549805,0.5599819797934253
2018-04-30,1,1,-0.0116375590400074,38.16900634765625,0.5472401828050386
2018-05-01,1,1,0.0179502640177892,38.86033630371094,0.5096984707560908
2018-05-02,1,1,0.0229707084315078,39.7633171081543,0.5236104630634224
2018-05-03,1,1,0.0432270438779824,41.51985931396485,0.5170451642225696
2018-05-04,1,1,0.0018101642516799,41.59508514404297,0.567030479291716
2018-05-07,1,1,0.0384834010887162,43.22700500488281,0.620353592938706
2018-05-08,1,1,0.0072093165880252,43.53976821899414,0.5884159609552898
2018-05-09,1,1,0.0047951691025948,43.74905014038086,0.5785414918937224
2018-05-10,1,1,0.0070163220502382,44.05708694458008,0.6066272237411406
2018-05-11,0,1,0.0142025604329405,44.68727493286133,0.5326890580736829
2018-05-14,0,1,-0.0038104856700603,44.51731872558594,0.5994774344264073
2018-05-15,0,1,-0.0023360702189401,44.41344451904297,0.5274371949143496
2018-05-16,1,1,-0.0091299793433132,44.009796142578125,0.5157663378743343
2018-05-17,0,0,0.009289551340295,44.4205322265625,0.48890654412333834
2018-05-18,0,0,-0.0063437096933073,44.13963317871094,0.45546028490979507
2018-05-21,1,0,-0.0036433256172656,43.97911071777344,0.4773301430204697
2018-05-22,0,1,0.0070599354984549,44.29069900512695,0.5584598807836472
2018-05-23,1,1,-0.0025080214296967,44.17975616455078,0.5343492663606357
2018-05-24,0,1,0.0063914183020312,44.46303176879883,0.5893459492209218
2018-05-25,1,1,-0.0011158690571983,44.41344451904297,0.529533354280932
2018-05-29,0,1,0.0022831122825255,44.51496124267578,0.511115451051099
2018-05-30,0,0,-0.0036122933353822,44.35445022583008,0.4968160222466604
2018-05-31,0,1,-0.0021311470137948,44.26002502441406,0.5208702394903707
2018-06-01,1,0,-0.0033658823214424,44.11130142211914,0.44610307438527574
2018-06-04,1,1,0.0178732829701122,44.90680313110352,0.5876945621139938
2018-06-05,1,1,0.0083231991490823,45.28213119506836,0.5602613284158104
2018-06-06,1,1,0.0076853550533078,45.6314811706543,0.5006266312937898
2018-06-07,0,1,0.0034601440710446,45.78964614868164,0.5537528928748481
2018-06-08,0,1,-0.0026841548715526,45.66690444946289,0.5007662100228342
2018-06-11,0,0,-0.0091391394094185,45.25144958496094,0.4697604575694366
2018-06-12,1,0,-0.0024549607939967,45.14049530029297,0.4971086923153937
2018-06-13,0,1,0.0054759201498708,45.38835906982422,0.5202076402801712
2018-06-14,1,1,-0.008251351027303,45.015384674072266,0.5168548321920681
2018-06-15,0,1,0.0005244159363695,45.03899765014648,0.5191282811802262
2018-06-18,0,0,-0.0103255101770692,44.57633972167969,0.4628860272242271
2018-06-19,0,0,-0.0005296890486261,44.552734375,0.4596127826897793
2018-06-20,1,1,-0.0162921369693736,43.83275604248047,0.5649094553668481
2018-06-21,0,1,0.0043527276614704,44.023963928222656,0.5419188929669976
2018-06-22,0,0,-0.0055918229835878,43.77847671508789,0.49332685790138386
2018-06-25,0,1,-0.0029161708954837,43.650997161865234,0.5177362620595269
2018-06-26,1,1,-0.0149828080871644,43.00185775756836,0.5123360166961303
2018-06-27,0,1,0.0123296012057997,43.53533554077149,0.5269643700951498
2018-06-28,1,0,-0.0014649902501083,43.47160339355469,0.4772481660103213
2018-06-29,0,0,0.0072500072750938,43.78791809082031,0.4896917934101702
2018-07-02,1,1,-0.0021046216156724,43.69585800170898,0.5336354927847347
2018-07-03,0,1,0.0111201667559797,44.18447494506836,0.5020404448768521
2018-07-05,1,1,-0.0175696873184423,43.414947509765625,0.5511249940074205
2018-07-06,1,1,0.0080148260978315,43.76430892944336,0.5317607565246449
2018-07-09,1,1,0.0137665001591311,44.37095642089844,0.5432279675493845
2018-07-10,0,1,0.0137897842847069,44.987060546875,0.5599607669589187
2018-07-11,0,1,-0.0012071977867848,44.93278503417969,0.5136496804972828
2018-07-12,1,0,-0.0130613978990659,44.34971618652344,0.49022344576248467
2018-07-13,1,1,0.0166271952121194,45.093292236328125,0.6006095629287937
2018-07-16,0,1,0.0015689487852973,45.16409683227539,0.5727293658147619
2018-07-17,1,1,-0.002197522932806,45.06495666503906,0.5069967669866958
2018-07-18,0,1,0.0028248865435977,45.19244003295898,0.5589772133208306
2018-07-19,1,1,-0.005500149229722,44.944557189941406,0.5140927190327251
2018-07-20,0,0,0.007743192958083,45.293922424316406,0.4999397680187811
2018-07-23,1,1,-0.0022953793445236,45.1900749206543,0.5237378590520074
2018-07-24,1,0,0.0008875620527078,45.230201721191406,0.4949897000913917
2018-07-25,1,1,0.007227948938394,45.55830764770508,0.5041463633648765
2018-07-26,0,1,0.0093859849145513,45.98793029785156,0.528730616753334
2018-07-27,0,1,-0.0031360245644149,45.843936920166016,0.5185699887453572
2018-07-30,0,1,-0.0167712213835274,45.08148956298828,0.5182096351497426
2018-07-31,1,1,-0.0056184690244366,44.82891082763672,0.5374093733525485
2018-08-01,1,1,0.0019989147538458,44.91860961914063,0.5139030745176618
2018-08-02,1,0,0.0572400183822164,47.56476211547851,0.4831978883070873
2018-08-03,1,1,0.0288117664096055,48.95512008666992,0.6169133774515643
2018-08-06,1,1,0.0028889234917563,49.09675216674805,0.6092598434601567
2018-08-07,0,1,0.0051789378681741,49.351680755615234,0.6148746951968423
2018-08-08,1,1,-0.0094190119732136,48.88901901245117,0.5884997016283328
2018-08-09,1,1,0.0006758814825959,48.92207336425781,0.502927067986564
2018-08-10,0,0,0.007834178012322,49.30684280395508,0.4938202495143998
2018-08-13,1,0,-0.0029831322750944,49.15997314453125,0.49195904639378696
2018-08-14,1,0,0.0064360649843057,49.47739028930664,0.49704223880530296
2018-08-15,1,1,0.0042041918669487,49.68584060668945,0.5525877156658872
2018-08-16,1,0,0.002333655876096,49.80192565917969,0.47855310345451385
2018-08-17,1,1,0.0145438165288023,50.53152847290039,0.5456078993773117
2018-08-20,0,1,0.0197728935929012,51.540626525878906,0.5899654335729297
2018-08-21,0,1,-0.0097911984116821,51.03844451904297,0.5276862598677607
2018-08-22,1,0,-0.0019512392546123,50.9389533996582,0.4766117089568317
2018-08-23,1,1,4.650413410258106e-05,50.94132232666016,0.5410300799382503
2018-08-24,1,0,0.0020441933040204,51.04556274414063,0.48748179582455686
2018-08-27,1,1,0.0031040709366318,51.20425796508789,0.5301076195003872
2018-08-28,1,0,0.0082008716681642,51.62590408325195,0.4610314172555128
2018-08-29,1,1,0.0080431305810036,52.04281234741211,0.5221400749135388
2018-08-30,1,1,0.0148190180646813,52.81977844238281,0.5105549474646911
2018-08-31,1,1,0.0091517998682299,53.30539321899414,0.5059569600068706
2018-09-04,1,1,0.011488115797827,53.92130279541016,0.6191139895205375
2018-09-05,0,1,0.0032016278449314,54.094215393066406,0.5278153392558741
2018-09-06,0,1,-0.0065461258399933,53.74126434326172,0.5044686200894617
2018-09-07,0,0,-0.0167570828166108,52.84822082519531,0.49025143985387065
2018-09-10,0,0,-0.008100881551712,52.42183303833008,0.4701534529120124
2018-09-11,1,1,-0.013511779150406,51.7182846069336,0.5117211003795425
2018-09-12,0,1,0.0249686891973047,53.02587890625,0.5027058901898664
2018-09-13,1,0,-0.0124966680104436,52.36735534667969,0.48096575544290726
2018-09-14,0,0,0.023868115707261,53.632301330566406,0.48702482741612435
2018-09-17,0,0,-0.0114161955602402,53.02350616455078,0.4658443798173553
2018-09-18,1,1,-0.0269868248065423,51.6117057800293,0.5195811798444939
2018-09-19,1,0,0.0016509274770721,51.69698333740234,0.480178684806829
2018-09-20,1,0,0.0005952307140986,51.72776412963867,0.45873474672262476
2018-09-21,0,0,0.0075733195694775,52.121002197265625,0.44271218901751386
2018-09-24,1,0,-0.0108299144648294,51.5595817565918,0.44631230243330067
2018-09-25,1,0,0.0142776917484783,52.3010139465332,0.4281196590326184
2018-09-26,0,0,0.0063209349733816,52.63265228271485,0.44823466032659254
2018-09-27,1,0,-0.0079980031039585,52.213375091552734,0.4552566983195646
2018-09-28,1,0,0.0203433053474407,53.28644561767578,0.48350161195065117
2018-10-01,1,0,0.0035057651718681,53.47358322143555,0.481360367716357
2018-10-02,1,0,0.0067108805852137,53.83364486694336,0.4984015222586089
2018-10-03,1,1,0.0088490895955507,54.312137603759766,0.5299900199438821
2018-10-04,0,1,0.0120953193570326,54.97304916381836,0.6088264037228766
2018-10-05,0,0,-0.0177373643092918,54.006568908691406,0.4977831245406751
2018-10-08,0,0,-0.0163619864771202,53.130104064941406,0.46853107033077646
2018-10-09,1,0,-0.0023211587385168,53.00692367553711,0.4448768339973308
2018-10-10,0,0,0.0137585895454918,53.74126434326172,0.42271753493913244
2018-10-11,0,1,-0.0474335062062458,51.25164031982422,0.5446210535969256
2018-10-12,1,1,-0.0088671288169181,50.7991943359375,0.5023587274439625
2018-10-15,0,0,0.0350959911437002,52.61369705200195,0.4638929404673844
2018-10-16,1,1,-0.0216175111783007,51.488525390625,0.510187627149254
2018-10-17,0,0,0.0217976670952151,52.62317657470703,0.45741598136308803
2018-10-18,0,0,-0.0043306867139546,52.395774841308594,0.4300665725098543
2018-10-19,1,1,-0.0236510236727799,51.17110061645508,0.5416091165810206
2018-10-22,1,0,0.0151154653497509,51.9504508972168,0.4439296548588698
2018-10-23,1,0,0.0060911155933707,52.267852783203125,0.4417135050644908
2018-10-24,0,0,0.0093827011569333,52.76057434082031,0.42973853834670084
2018-10-25,1,1,-0.0349040156738609,50.95078659057617,0.5638573853843122
2018-10-26,0,0,0.0216616540086563,52.066505432128906,0.49529615370630165
2018-10-29,0,1,-0.0160516701250686,51.237422943115234,0.5195225062197488
2018-10-30,1,1,-0.0189485582055631,50.27568817138672,0.5206384619364823
2018-10-31,1,1,0.004982003710451,50.52678680419922,0.5287705364863433
2018-11-01,1,0,0.0257323787454619,51.84383392333984,0.4713734771936497
2018-11-02,0,0,0.0152356313177266,52.63975524902344,0.4831542025434362
2018-11-05,0,0,-0.0686327135013751,49.148136138916016,0.4997331561716611
2018-11-06,1,1,-0.0287991432961667,47.75289916992188,0.5609058006813566
2018-11-07,1,1,0.010756174242659,48.269309997558594,0.5190804010992119
2018-11-08,0,0,0.0298772248980684,49.73322296142578,0.4938182604942193
2018-11-09,0,0,-0.0034950991328868,49.5597038269043,0.4991685846163521
2018-11-12,0,0,-0.0194697352369529,48.604122161865234,0.49982223784496327
2018-11-13,0,1,-0.051687453787567,46.15571975708008,0.5645996650955055
2018-11-14,0,1,-0.0100411986533677,45.694580078125,0.5339242833819239
2018-11-15,1,1,-0.0286541044792758,44.40382385253906,0.5574312012637409
2018-11-16,1,1,0.0243792756787783,45.49966049194336,0.5287360703387893
2018-11-19,0,1,0.0110145646684956,46.00358963012695,0.5021603177478626
2018-11-20,0,1,-0.0404385895760531,44.18038177490234,0.5761720137679921
2018-11-21,0,1,-0.0489572833969116,42.069522857666016,0.5134146758425338
2018-11-23,0,1,-0.0011302804930096,42.02199935913086,0.5313461119688349
2018-11-26,1,0,-0.0257272449788788,40.95467758178711,0.48575447757342005
2018-11-27,0,1,0.0134331854350523,41.50854110717773,0.5485451086911525
2018-11-28,1,1,-0.002178598987156,41.41820907592773,0.537567837970696
2018-11-29,0,0,0.0377321240544736,43.0108642578125,0.46291322107908306
2018-11-30,0,1,-0.0077121181975265,42.68043518066406,0.5263355292872209
2018-12-03,1,1,-0.0054169270961323,42.44986343383789,0.5192450155252215
2018-12-04,0,0,0.0343456667566538,43.93315887451172,0.4775118509990939
2018-12-06,0,1,-0.044985938643414,42.000579833984375,0.5326206432845365
2018-12-07,0,1,-0.0112116416749507,41.53231430053711,0.5046662330773394
2018-12-10,1,1,-0.0363083625676539,40.0513916015625,0.6355043163350593
2018-12-11,0,1,0.0065663049860113,40.31524658203125,0.6006630136678514
2018-12-12,1,1,-0.0057358272546189,40.08466720581055,0.6075991705613379
2018-12-13,1,1,0.0027835343842518,40.1963996887207,0.5538510399063673
2018-12-14,0,1,0.010880641760267,40.63615036010742,0.5949850004435484
2018-12-17,0,1,-0.0325205989114487,39.33589553833008,0.6140700443466899
2018-12-18,1,1,-0.009350120331943,38.96981430053711,0.6353940905966429
2018-12-19,0,1,0.0129088677531314,39.47613143920898,0.6015363261427398
2018-12-20,0,1,-0.0316881050209331,38.24481964111328,0.6355315008775625
2018-12-21,0,1,-0.0255586296028198,37.27972030639648,0.6063034924956616
2018-12-24,0,1,-0.0396725286866625,35.82969284057617,0.6262654343779753
2018-12-26,1,1,-0.0262141225161418,34.90265274047852,0.610186210065746
2018-12-27,0,1,0.0680519863187509,37.36053085327149,0.5572200394608369
2018-12-28,1,1,-0.0065108417468287,37.118072509765625,0.591227177625925
2018-12-31,1,1,0.0005122897769262,37.13709259033203,0.6124560582261298
2019-03-15,1,1,0.0110549742945621,43.86136245727539,0.5239240026906067
2019-03-18,1,1,0.0129244751808307,44.43192672729492,0.6189646119705391
2019-03-19,0,1,0.0101567327084282,44.8855094909668,0.5046351511728899
2019-03-20,1,1,-0.0079562912178779,44.52980422973633,0.523161467963545
2019-03-21,1,1,0.0087005877015806,44.91893005371094,0.5483876086767685
2019-03-22,0,1,0.0361683379056184,46.57331085205078,0.5222218995686175
2019-03-25,0,1,-0.0209258196015824,45.60885238647461,0.5233459331376724
2019-03-26,0,1,-0.0121649406718061,45.0573844909668,0.5151770876966622
2019-03-27,1,1,-0.0103851762631737,44.59187698364258,0.5839288605221096
2019-03-28,1,1,0.0089538542176151,44.99293899536133,0.5391629901665713
2019-03-29,1,1,0.0013253182423613,45.05260848999024,0.5687479736687302
2019-04-01,1,1,0.0064965681835005,45.34624862670898,0.5626809898821501
2019-04-02,1,1,0.0067682710976391,45.654205322265625,0.5425618547594094
2019-04-03,1,1,0.0144323946748942,46.3178825378418,0.5434863313521082
2019-04-04,1,1,0.0068315212100511,46.6353874206543,0.5277319271783343
2019-04-05,1,1,0.0017387471812753,46.71654510498047,0.5383098491512748
2019-04-08,1,1,0.0066719528815935,47.02927780151367,0.5742439707724718
2019-04-09,0,1,0.0156134426021958,47.76932907104492,0.5223963960893296
2019-04-10,1,1,-0.0030028006347014,47.626102447509766,0.5408096173528667
2019-04-11,0,1,0.0055982833671399,47.89347457885742,0.6172432269783297
2019-04-12,0,1,-0.0083591020533824,47.49479675292969,0.5350776714520404
2019-04-15,1,1,-0.0004022341845234,47.4756965637207,0.5833524867275268
2019-04-16,1,1,0.0018086607727016,47.561641693115234,0.5422613659880613
2019-04-17,1,1,0.0001002516397198,47.56641006469727,0.5323099087644206
2019-04-18,1,1,0.0192857731643484,48.49266815185547,0.5415011072173637
2019-04-22,1,1,0.0035873884248364,48.66694259643555,0.5722235790994858
2019-04-23,1,1,0.0032811631765382,48.82688903808594,0.5408100722308621
2019-04-24,0,1,0.0143204610717051,49.53114318847656,0.5346961220272684
2019-04-25,0,1,-0.0015435928846827,49.45474624633789,0.5390255386475107
2019-04-26,0,1,-0.0091165294607871,49.00593948364258,0.5512790139634548
2019-04-29,1,1,-0.0047854530184504,48.7719841003418,0.5630953721200773
2019-04-30,0,1,0.0015160633844924,48.84598159790039,0.5363814881576621
2019-05-01,1,1,-0.0194438962979196,47.905399322509766,0.5198856761580983
2019-05-02,0,1,0.0479193442113043,50.25688552856445,0.6013923162577328
2019-05-03,1,1,-0.0065291232205693,49.9298210144043,0.5416719389062403
2019-05-06,0,1,0.0123545272390643,50.55050659179688,0.6174079470339637
2019-05-07,0,1,-0.0155631709316029,49.76987075805664,0.536415646800575
2019-05-08,1,1,-0.0273271183422917,48.428218841552734,0.5254759583274766
2019-05-09,0,1,0.0001972997196672,48.437774658203125,0.5376422653129402
2019-05-10,0,0,-0.010802389243739,47.9173469543457,0.49002943982468117
2019-05-13,0,0,-0.0139504999915636,47.253517150878906,0.48582084427009065
2019-05-14,1,0,-0.0598767517937814,44.507171630859375,0.44768920026333936
2019-05-15,1,0,0.0157062511812325,45.21173095703125,0.4916308409955578
2019-05-16,0,0,0.0119080767632248,45.75333404541016,0.4954941781786748
2019-05-17,0,1,-0.0044092535257178,45.552040100097656,0.5269961028614385
2019-05-20,0,1,-0.0056979627333035,45.2932243347168,0.5232701735354381
2019-05-21,1,1,-0.0317693818829887,43.87690353393555,0.5157191353441908
2019-05-22,0,1,0.018989370343279,44.71805953979492,0.5083306428334693
2019-05-23,0,1,-0.0206838922252481,43.802616119384766,0.5077196332009094
2019-05-24,0,1,-0.0172171183298977,43.05491638183594,0.5500815045810897
2019-05-28,0,1,-0.0038477921542067,42.88956832885742,0.5730351591109754
2019-05-29,0,1,-0.0041435897395058,42.71221923828125,0.5562314659267273
2019-05-30,1,1,-0.004780380119558,42.50852584838867,0.5347482724295857
2019-05-31,0,1,0.0051728276483561,42.72898483276367,0.5506442820968217
2019-06-03,0,1,-0.0182812874693312,41.95494079589844,0.5847039738348264
2019-06-04,1,1,-0.0101617134510311,41.53076553344727,0.5495365516401922
2019-06-05,1,1,0.0359307351795091,43.05012893676758,0.5074454600650483
2019-06-06,1,1,0.0160141630962291,43.74509048461914,0.5443432697919256
2019-06-07,1,1,0.0145753466304109,44.38735961914063,0.5216073693754679
2019-06-10,1,1,0.02626874485196,45.568809509277344,0.5496583885755405
2019-06-11,1,1,0.0126982281514094,46.15114212036133,0.5668271839645161
2019-06-12,0,1,0.0115131645004965,46.6855583190918,0.5625500446233953
2019-06-13,0,1,-0.0031877787148356,46.53697204589844,0.5298667893373484
2019-06-14,0,1,-0.0002057691950773,46.52739715576172,0.5517779206088922
2019-06-17,1,1,-0.0072889320799704,46.18949508666992,0.5774095937998469
2019-06-18,1,1,0.0059486751991891,46.46508026123047,0.5184412381247695
2019-06-19,0,1,0.0232462752211243,47.5578727722168,0.5383623272834743
2019-06-20,1,1,-0.0029267112948212,47.418888092041016,0.5607731240429784
2019-06-21,0,1,0.0080036345616601,47.79993438720703,0.5091042135756095
2019-06-24,0,1,-0.0034154357923635,47.63695526123047,0.5378078626493783
2019-06-25,0,1,-0.0010068535709712,47.58901596069336,0.5366918478482017
2019-06-26,1,1,-0.0152732670408522,46.8676986694336,0.509945309383862
2019-06-27,0,1,0.0213985114384243,47.88140487670898,0.5221690112538161
2019-06-28,0,1,-0.0003004795863223,47.86701965332031,0.5501864538745798
2019-07-01,1,1,-0.0091536998450984,47.43085861206055,0.5722021632610582
2019-07-02,1,1,0.0181745350733054,48.30077362060547,0.5997847790987989
2019-07-03,1,1,0.0058378010135592,48.58356857299805,0.5949163459639061
2019-07-05,0,1,0.0082524363828433,48.98616027832031,0.5762288003119769
2019-07-08,0,1,-0.0008808194854595,48.94303131103515,0.5089431683279956
2019-07-09,1,1,-0.0208292643816673,47.93412780761719,0.5012185539476575
2019-07-10,1,1,0.0060808827324806,48.22649765014648,0.5049581454816725
2019-07-11,0,1,0.0098400653967929,48.703392028808594,0.5529826027293967
2019-07-12,1,1,-0.007309235471342,48.34870529174805,0.5321041091962799
2019-07-15,1,1,0.0076536498727721,48.72016906738281,0.5446742199712169
2019-07-16,0,1,0.0093511320493948,49.17789459228515,0.5120336108924065
2019-07-17,0,1,-0.0034661360632381,49.00773239135742,0.5312944850086275
2019-07-18,1,1,-0.005639170131398,48.73214721679688,0.5140267366354436
2019-07-19,0,1,0.0112954812264044,49.28572082519531,0.5574308258513763
2019-07-22,1,1,-0.0150399859207125,48.55001068115234,0.5012508241824576
2019-07-23,1,1,0.0225967588047189,49.65957260131836,0.624448369311488
2019-07-24,0,1,0.0077876432602629,50.047813415527344,0.6182817301697027
2019-07-25,0,1,-0.0008143724056369,50.00707244873047,0.6270600577560711
2019-07-26,1,1,-0.007938788250516,49.61164855957031,0.5026997839731998
2019-07-29,1,1,0.0034720602015117,49.7842025756836,0.5489419935283587
2019-07-30,0,1,0.0092952182986622,50.249114990234375,0.5678490159686063
2019-07-31,1,1,-0.0043017412537313,50.03342056274414,0.556775973540837
2019-08-01,0,1,0.0201988463653743,51.05431365966797,0.5518237818978504
2019-08-02,0,1,-0.02187645475918,49.949554443359375,0.5682079801974127
2019-08-05,0,1,-0.0213853238803318,48.89270782470703,0.5001117966546762
2019-08-06,1,0,-0.0537677967459001,46.33327865600586,0.4588292007232189
2019-08-07,1,1,0.0187533310311779,47.21038055419922,0.5333018819017697
2019-08-08,1,1,0.0103019437123307,47.69925308227539,0.5179632536089908
2019-08-09,0,1,0.0218162977831945,48.75130844116211,0.5153570474718592
2019-08-12,0,1,-0.0082742886374587,48.34959030151367,0.5177615830162654
2019-08-13,1,1,-0.0025408290583527,48.226898193359375,0.535809339793275
2019-08-14,0,1,0.041476011228141,50.26921844482422,0.5298421979215788
2019-08-15,0,1,-0.0302168559151419,48.7729606628418,0.5530364295819741
2019-08-16,1,1,-0.0049937790461733,48.530006408691406,0.5795851912296835
2019-08-19,1,1,0.0233207062947328,49.6750602722168,0.564150358166789
2019-08-20,1,1,0.0184722917096415,50.601200103759766,0.5410720046364506
2019-08-21,1,1,4.734222056252965e-05,50.60359573364258,0.5626985020397415
2019-08-22,0,1,0.0107804564849199,51.152076721191406,0.6049780408225091
2019-08-23,0,1,-0.0008468662260983,51.1087760925293,0.5327659899565267
2019-08-26,1,0,-0.0473227865215393,48.74650192260742,0.49713459662336484
2019-08-27,0,1,0.0188211815675907,49.67265701293945,0.5450270870148091
2019-08-28,1,1,-0.0113481198879937,49.112152099609375,0.5496143876598372
2019-08-29,1,1,0.0066879276523512,49.44171142578125,0.565054453076745
2019-08-30,0,1,0.0167903214348543,50.27886199951172,0.5892385158317145
2019-09-03,0,1,-0.0012927631671178,50.213905334472656,0.5424214863462453
2019-09-04,1,1,-0.0146707937572003,49.48260498046875,0.5477776403609733
2019-09-05,1,1,0.0168242440869712,50.3221549987793,0.6144755083260448
2019-09-06,0,1,0.0193627827412675,51.30602645874024,0.5927498533417701
2019-09-09,1,1,-9.376206073433043e-05,51.30121612548828,0.5904962744070142
2019-09-10,1,1,0.0042580760528698,51.52012634277344,0.5117095803174126
2019-09-11,1,1,0.0117439365949005,52.12874221801758,0.5847838441192089
2019-09-12,0,1,0.0313001308397082,53.78618240356445,0.5578400898179957
2019-09-13,0,1,-0.0022387889691041,53.66590118408203,0.5921814978353703
2019-09-16,1,1,-0.0196456727711068,52.62188720703125,0.5506470623209605
2019-09-17,1,0,0.0052431761578071,52.89851760864258,0.4966549724267758
2019-09-18,1,1,0.0036313804130846,53.09096145629883,0.5024735259054914
2019-09-19,0,1,0.0093356449969004,53.58892059326172,0.5480190973039536
2019-09-20,0,1,-0.0081581795379047,53.15351104736328,0.5539995025864948
2019-09-23,1,1,-0.0147257959431025,52.37651824951172,0.5556342848563413
2019-09-24,0,1,0.0045363185026347,52.614654541015625,0.5463841076630003
2019-09-25,1,1,-0.0047661305112326,52.36448287963867,0.5323187889192651
2019-09-26,0,1,0.0152725549873522,53.17036056518555,0.5612057734391126
2019-09-27,0,1,-0.0051712975617448,52.89611053466797,0.5373969866817876
2019-09-30,1,1,-0.0048778128332254,52.63872146606445,0.5343191969681198
2019-10-01,1,1,0.0232625555784095,53.877586364746094,0.5628593802512434
2019-10-02,0,1,0.002764291738041,54.02672576904297,0.5331205319613501
2019-10-03,1,1,-0.0253873643174059,52.672393798828125,0.5529279516144312
2019-10-04,1,1,0.0084589156417929,53.11983489990234,0.5238561884446064
2019-10-07,1,1,0.0276460931094344,54.60887908935547,0.664011982034498
2019-10-08,0,1,0.0002202980570365,54.62091064453125,0.599139526465609
2019-10-09,1,1,-0.0117841794571794,53.98102569580078,0.5853277409695254
2019-10-10,1,1,0.0116521042350149,54.61369705200195,0.574480105181539
2019-10-11,1,1,0.01338819687534,55.34979248046875,0.6233427076782017
2019-10-14,0,1,0.0262508414533795,56.8220100402832,0.6276141723142583
2019-10-15,0,1,-0.0014405274758896,56.74021530151367,0.611713817199915
2019-10-16,0,1,-0.0023343582702684,56.60791778564453,0.5902140728594916
2019-10-17,1,1,-0.0040452543949531,56.37938690185547,0.5242872620266588
2019-10-18,1,1,0.0038749502884907,56.5982780456543,0.546561130579504
2019-10-21,1,1,0.0047915274899698,56.87012100219727,0.5143129529525158
2019-10-22,0,1,0.0171941132981731,57.856407165527344,0.5160769633455731
2019-10-23,1,1,-0.0022894694452054,57.724098205566406,0.5255642345484236
2019-10-24,1,1,0.0133295893945005,58.49868774414063,0.5762600128284808
2019-10-25,1,1,0.0016437001220901,58.59492111206055,0.5146300697593624
2019-10-28,1,1,0.0122409975391971,59.31658935546875,0.5813999454132672
2019-10-29,0,0,0.0099671483041078,59.910762786865234,0.4944990646665672
2019-10-30,0,1,-0.0233995867364179,58.525150299072266,0.5380557411403872
2019-10-31,1,1,-0.0001233290689025,58.5179328918457,0.5501403231882527
2019-11-01,1,1,0.022357785704628,59.84099960327149,0.5480611784640548
2019-11-04,1,1,0.0279854988111855,61.53933334350586,0.6009118562662723
2019-11-05,0,0,0.0065456580143123,61.9434700012207,0.4835830102656854
2019-11-06,1,1,-0.0014378384283347,61.854469299316406,0.527792866041098
2019-11-07,1,1,0.0004276048297376,61.88092422485352,0.564385073844776
2019-11-08,1,1,0.0114750453638332,62.59510040283203,0.5117080445247307
2019-11-11,1,1,0.0027333681161482,62.76642990112305,0.5711751088824377
2019-11-12,0,1,0.0078875088267523,63.263458251953125,0.5262467342160528
2019-11-13,1,1,-0.0009158121069941,63.20554733276367,0.5411632946631756
2019-11-14,0,1,0.0095356827619223,63.81113815307617,0.5299293527364936
2019-11-15,1,1,-0.0069432275745104,63.3696174621582,0.5111393119916829
2019-11-18,1,1,0.0118094427632218,64.1224136352539,0.570610940497023
2019-11-19,0,0,0.0050293008521094,64.44571685791016,0.4920059888961368
2019-11-20,0,1,-0.0030369155194377,64.25029754638672,0.5003678217887566
2019-11-21,0,1,-0.0117100447733179,63.50231170654297,0.5042711840639305
2019-11-22,0,0,-0.004493297201953,63.21761703491211,0.48563130529273335
2019-11-25,1,1,-0.0008785474981761,63.16210174560547,0.5028179066567595
2019-11-26,0,1,0.0173820315088941,64.26958465576172,0.5083624375218638
2019-11-27,1,0,-0.0078391030311868,63.76773834228515,0.4966489602530582
2019-11-29,0,0,0.0133427235671361,64.62427520751953,0.4633452642990906
2019-12-02,0,0,-0.0022055054367111,64.48190307617188,0.4892223474292507
2019-12-03,0,0,-0.011629253353989,63.73637008666992,0.49640671458263763
2019-12-04,1,1,-0.0179913236403713,62.59992218017578,0.5252590225434373
2019-12-05,1,0,0.0087877996883467,63.152462005615234,0.48137505380672657
2019-12-06,1,0,0.014564542440186,64.0789794921875,0.4662544396073305
2019-12-09,0,1,0.0191320113595144,65.31674194335938,0.6207428990566288
2019-12-10,1,1,-0.0140990731710684,64.40229797363281,0.518095934924552
2019-12-11,1,1,0.0058272045091815,64.77867889404297,0.5063246041435026
2019-12-12,1,1,0.0084935420869191,65.33122253417969,0.5780045050834132
2019-12-13,1,1,0.0025449033819549,65.49769592285156,0.5875057897744536
2019-12-16,1,1,0.0135017041051076,66.38802337646484,0.6525776477257728
2019-12-17,1,1,0.016973230845041,67.52445983886719,0.5866199438039108
2019-12-18,0,1,0.0019630310703292,67.65714263916016,0.5719554612123524
2019-12-19,1,1,-0.002391909161781,67.4955062866211,0.5555741581295031
2019-12-20,0,1,0.0010000908055486,67.56304168701172,0.532823514550754
2019-12-23,1,1,-0.0020732611823512,67.42311096191406,0.5587859737916308
2019-12-24,1,1,0.0161866521977211,68.52334594726562,0.532682751950757
2019-12-26,1,1,0.000950281246902,68.58849334716797,0.5455618823421257
2019-12-27,0,1,0.0196461650737203,69.9493179321289,0.501679546080317
2019-12-30,1,1,-0.0003795276568105,69.92277526855469,0.5243152169360972
2019-12-31,1,1,0.0059173717554819,70.33776092529297,0.5267211599090467
2020-03-16,0,0,0.1131574268316333,67.22760009765625,0.39185961731276325
2020-03-17,1,0,-0.1377078933337265,58.578983306884766,0.4477429608133129
2020-03-18,0,0,0.0430307539063004,61.15470123291016,0.3862411614167191
2020-03-19,0,0,-0.0247847348463533,59.65762710571289,0.4597538538753111
2020-03-20,0,0,-0.0076914286934578,59.20053482055664,0.4553244784427071
2020-03-23,0,0,-0.0655903014850317,55.44215774536133,0.49237434914318723
2020-03-24,1,0,-0.0214729953972941,54.26433944702149,0.4941992636223205
2020-03-25,0,0,0.0956058943063122,59.70842742919922,0.4101956346074791
2020-03-26,1,0,-0.0055241018341333,59.37950134277344,0.45017382722739474
2020-03-27,0,0,0.0512851098388517,62.50422668457031,0.4468543613783854
2020-03-30,1,0,-0.0422835905984663,59.91641998291016,0.47311477976614014
2020-03-31,0,0,0.0281381498370421,61.62630081176758,0.4790725622118522
2020-04-01,0,0,-0.0020426959278355,61.50054550170898,0.49537743226918385
2020-04-02,1,0,-0.0540519489493905,58.26456451416016,0.4683026386622375
2020-04-03,0,1,0.016548893985405,59.23680114746094,0.5176473376732822
2020-04-06,1,1,-0.0144755825461769,58.38549041748047,0.5226214862183391
2020-04-07,0,0,0.0836399940507958,63.47888946533203,0.46359869539135257
2020-04-08,1,1,-0.0116499862336901,62.74365234375,0.5285192461007389
2020-04-09,1,1,0.0252728558702536,64.34957122802734,0.5802006527939171
2020-04-13,1,1,0.0071899921053846,64.81391143798828,0.5719479093838726
2020-04-14,1,1,0.0194375625255406,66.0860595703125,0.5839484381872146
2020-04-15,0,1,0.0492691408099618,69.4236068725586,0.5881565149357856
2020-04-16,1,1,-0.009169011124789,68.78997039794922,0.5502090286441849
2020-04-17,0,1,0.0079140879549905,69.33654022216797,0.5036874294702678
2020-04-20,0,1,-0.0136615495121138,68.39573669433594,0.558214620178259
2020-04-21,0,1,-0.0209750392533356,66.97607421875,0.5540206211989047
2020-04-22,1,1,-0.03139811585857,64.90582275390625,0.5518936556175082
2020-04-23,0,1,0.0283965847762453,66.77534484863281,0.5603510525342419
2020-04-24,1,1,-0.0038825886569318,66.51658630371094,0.5471671463453098
2020-04-27,1,1,0.0284601095250404,68.43685150146484,0.5541735116209029
2020-04-28,0,1,0.0007067613796703,68.48523712158203,0.5697048533630472
2020-04-29,1,1,-0.0163421380610277,67.37513732910156,0.5641732639666813
2020-04-30,1,1,0.0323170210668205,69.58806610107422,0.5197806906353378
2020-05-01,0,1,0.0208768171124631,71.05611419677734,0.5021641923745758
2020-05-04,1,1,-0.0162303781253855,69.91215515136719,0.5514793145043138
2020-05-05,1,1,0.014049866295667,70.9013442993164,0.5668154505123205
2020-05-06,1,1,0.0148972299304265,71.96548461914062,0.6033662274705901
2020-05-07,1,1,0.0102644836863496,72.70797729492188,0.5471677723653409
2020-05-08,1,1,0.0102916860365475,73.46012878417969,0.6045088406797219
2020-05-11,1,1,0.0235228312388841,75.20860290527344,0.6204832104715421
2020-05-12,0,1,0.0156126311428855,76.39202117919922,0.555215949650925
2020-05-13,0,1,-0.0114937097665752,75.5190200805664,0.5489904666701655
2020-05-14,1,1,-0.0121480317870076,74.60716247558594,0.5203527213029093
2020-05-15,0,1,0.0061247327175121,75.06551361083984,0.5662688544131088
2020-05-18,1,1,-0.005929740220322,74.62171173095703,0.5169596776973275
2020-05-19,0,1,0.0232882402414676,76.37991333007812,0.5671180111444092
2020-05-20,1,0,-0.005795349329636,75.93854522705078,0.49873143873544246
2020-05-21,0,1,0.0192612004817226,77.41539001464844,0.575807035710764
2020-05-22,1,1,-0.0074830455105867,76.83824920654297,0.5170415735182206
2020-05-26,0,1,0.006417729011653,77.33296203613281,0.5628918572214308
2020-05-27,1,1,-0.0067965983182428,76.80914306640625,0.5383216425325359
2020-05-28,1,1,0.0043472173531249,77.1437759399414,0.5329714561337928
2020-05-29,0,1,0.0004402975446258,77.17774963378906,0.527214460402697
2020-06-01,1,1,-0.0009746893597214,77.1025619506836,0.5568121623270752
2020-06-02,1,1,0.0122233430692168,78.05079650878906,0.5315012016263201
2020-06-03,1,1,0.0046187143215507,78.41212463378906,0.5858815629319647
2020-06-04,0,1,0.0054899633309029,78.84378814697266,0.5769709238887415
2020-06-05,1,1,-0.0086494691217077,78.1647720336914,0.551525454765676
2020-06-08,1,1,0.0280828699349487,80.39097595214844,0.5990448967598878
2020-06-09,1,1,0.005895085237278,80.86628723144531,0.527423427482893
2020-06-10,1,0,0.0310897706897174,83.41989135742188,0.4943382368579521
2020-06-11,0,1,0.0254018678306425,85.56605529785156,0.5271970578458167
2020-06-12,1,1,-0.0492012893236751,81.4579849243164,0.5061313098893654
2020-06-15,1,1,0.008596567090709,82.16126251220703,0.561117408767432
2020-06-16,1,1,0.0122913615557528,83.1773681640625,0.5560663563450244
2020-06-17,0,0,0.0261571971046061,85.38175964355469,0.4982866307343804
2020-06-18,1,1,-0.0013926035823139,85.262939453125,0.506750132404097
2020-06-19,0,1,0.0003981996704106,85.2968978881836,0.5027517447242856
2020-06-22,1,0,-0.0057310422566856,84.80945587158203,0.4998575613681825
2020-06-23,1,1,0.0258272433415728,87.02838134765625,0.5886884179474672
2020-06-24,0,1,0.0211201223139881,88.88597869873047,0.5110924896993994
2020-06-25,1,1,-0.0178094822045596,87.31697845458984,0.5060063787408113
2020-06-26,0,1,0.0131880157808207,88.47614288330078,0.5635980129006618
2020-06-29,1,1,-0.0312078001489163,85.75763702392578,0.5035659416514071
2020-06-30,1,1,0.0227854226982776,87.73409271240234,0.5435152598722559
2020-07-01,0,1,0.0083125992434687,88.4664306640625,0.5423366190746185
2020-07-02,0,1,-0.0018931325689159,88.29911041259766,0.545564252381695
2020-07-06,1,1,0.0,88.29911041259766,0.5576409425296945
2020-07-07,0,1,0.0263984551936275,90.6611099243164,0.5395770914560547
2020-07-08,1,1,-0.0031073716801163,90.37982940673828,0.5166866860022741
2020-07-09,1,1,0.0230228845332284,92.48477172851562,0.5841975064594817
2020-07-10,1,1,0.0042910849091586,92.88248443603516,0.529411415297331
2020-07-13,0,1,0.0017476495203298,93.04495239257812,0.6064475070539769
2020-07-14,1,1,-0.0046235699587898,92.6157455444336,0.5193333399481768
2020-07-15,1,1,0.0164129263828856,94.14838409423828,0.5985218231151432
2020-07-16,0,1,0.0068534876643642,94.79584503173828,0.5867956078389989
2020-07-17,0,1,-0.0123809567469643,93.6294174194336,0.5264790972999515
2020-07-20,1,1,-0.0020224647635261,93.44024658203124,0.5830802057801946
2020-07-21,0,1,0.0208550379006181,95.40940856933594,0.5819470058338667
2020-07-22,1,1,-0.0138978138229648,94.09259796142578,0.5313764278410779
2020-07-23,0,1,0.0028052941792704,94.35692596435548,0.5213658638222801
2020-07-24,0,0,-0.0465846992778509,90.06214904785156,0.4915535901639023
2020-07-27,1,1,-0.0024805774007461,89.83901977539062,0.5140298517440163
2020-07-28,0,1,0.0234238047948553,91.96823120117188,0.5241650208069528
2020-07-29,1,0,-0.0165638734323817,90.45742797851562,0.48755845333501513
2020-07-30,1,1,0.0189868427616219,92.19133758544922,0.516542102474033
2020-07-31,1,0,0.0120274778176375,93.3068618774414,0.4899748116192513
2020-08-03,1,0,0.0995638636157541,103.07506561279295,0.49381381216711373
2020-08-04,1,1,0.0248853021995757,105.67230224609376,0.5199128022516265
2020-08-05,1,1,0.006655812334,106.37798309326172,0.5272209192064109
2020-08-06,1,1,0.0036182304708493,106.76358032226562,0.5779220957249787
2020-08-07,0,0,0.0342943984870523,110.4884796142578,0.4675208673694541
2020-08-10,1,1,-0.0229981994803766,107.9764404296875,0.5132831407872224
2020-08-11,0,0,0.0144302178586963,109.54586029052734,0.487497486118443
2020-08-12,1,0,-0.0301910107043421,106.2879867553711,0.492976016799459
2020-08-13,1,0,0.032693727401226,109.82036590576172,0.48310730996126205
2020-08-14,0,0,0.0175430331852921,111.76394653320312,0.45936631365076697
2020-08-17,0,0,-0.0008916452290969,111.66433715820312,0.46984633372022966
2020-08-18,1,0,-0.002614430118177,111.3727798461914,0.48511014860964774
2020-08-19,1,0,0.0082984104779692,112.30084228515624,0.452447820590899
2020-08-20,1,0,0.0012539439444573,112.4417495727539,0.43954505029350066
2020-08-21,1,0,0.0219471559165918,114.93680572509766,0.45735848917493394
2020-08-24,1,0,0.0502484371887496,120.8597640991211,0.44541104448182806
2020-08-25,0,0,0.0118892116480023,122.30526733398438,0.4618152848344666
2020-08-26,1,0,-0.0082376084121409,121.3019027709961,0.48433786269970436
2020-08-27,0,0,0.0135074658577117,122.95149993896484,0.4399619516650315
2020-08-28,0,1,-0.0120262324301157,121.4817123413086,0.50555581327999
2020-08-31,1,1,-0.0016213124476141,121.284912109375,0.5519357066783965
2020-09-01,1,0,0.0333497900111972,125.39794158935548,0.45433009762354315
2020-09-02,0,0,0.0390596247395055,130.39285278320312,0.43477307214013294
2020-09-03,0,0,-0.0209358516591412,127.69134521484376,0.4651256837697141
2020-09-04,1,0,-0.0834479322184569,117.46824645996094,0.4503877121694266
2020-09-08,0,0,0.0006617368209337,117.54600524902344,0.4628431766858833
2020-09-09,1,0,-0.0696664243781012,109.63573455810548,0.42275037746697186
2020-09-10,0,0,0.0391115735768707,114.00872039794922,0.38730660149318286
2020-09-11,0,0,-0.0331905182762246,110.2868194580078,0.41683727174206225
2020-09-14,1,0,-0.0132156357115351,108.83889770507812,0.4437223236137118
2020-09-15,1,0,0.0295586007946998,112.10404205322266,0.4231607642473765
2020-09-16,0,0,0.0015593162733509,112.27898406982422,0.43029249138748227
2020-09-17,0,0,-0.029957906622722,108.96522521972656,0.4410679487062873
2020-09-18,0,0,-0.0160925497956299,107.2257308959961,0.43742374893543967
2020-09-21,1,0,-0.0322341896629763,103.8245086669922,0.40592252686150276
2020-09-22,1,0,0.0298750468769501,106.97306823730467,0.3534481333116172
2020-09-23,0,0,0.015593658196718,108.65424346923828,0.3932132034747212
2020-09-24,1,0,-0.042851268892831,104.09661865234376,0.37008529221813163
2020-09-25,1,0,0.0102166467605893,105.16558837890624,0.3956727891902696
2020-09-28,1,0,0.0368293633492705,109.11097717285156,0.36602797293231515
2020-09-29,0,0,0.0235884539773326,111.71533203125,0.40538491421207323
2020-09-30,1,0,-0.0075964146643562,110.86991119384766,0.4411704144316747
2020-10-01,1,0,0.0149631785920664,112.54135131835938,0.47819252570503057
2020-10-02,0,0,0.0084265236036669,113.49369049072266,0.4921778089160366
2020-10-05,1,0,-0.0328126094632547,109.8301010131836,0.4900545525057843
2020-10-06,0,0,0.0303264356579792,113.21187591552734,0.4830479243741773
2020-10-07,1,0,-0.0290884254034071,109.96615600585938,0.47440137354878736
2020-10-08,0,1,0.0168248330529266,111.83197021484376,0.5159774632847918
2020-10-09,1,1,-0.0009565879448234,111.72504425048828,0.512585494235895
2020-10-12,1,1,0.0172462567680144,113.66859436035156,0.5120035133026201
2020-10-13,0,1,0.0615848637092317,120.88890838623048,0.5095885392525807
2020-10-14,1,1,-0.026885687392734,117.6820297241211,0.5008969009527617
2020-10-15,0,1,0.0007431360949467,117.76951599121094,0.5015245527494374
2020-10-16,0,1,-0.0039686620373662,117.30305480957033,0.5016009915823663
2020-10-19,0,1,-0.0140994491854212,115.66075134277344,0.5083910976871902
2020-10-20,1,0,-0.0258738052785145,112.70655059814452,0.48983134399453027
2020-10-21,0,1,0.0131058033204611,114.1933822631836,0.5014254560825552
2020-10-22,0,1,-0.0054612661244997,113.57144165039062,0.5191141194975855
2020-10-23,0,0,-0.0096296273161006,112.48303985595705,0.48860327030223116
2020-10-26,1,0,-0.006152898829817,111.7930679321289,0.4918108041291076
2020-10-27,1,0,8.721418252820209e-05,111.80281829833984,0.4794940477320278
2020-10-28,0,0,0.0133823531733604,113.3090591430664,0.4497285099739752
2020-10-29,1,0,-0.0474188191966207,108.0614776611328,0.48323388130455347
2020-10-30,0,0,0.0363803449491218,112.06517791748048,0.41306032137283816
2020-11-02,0,0,-0.0576481529099394,105.78751373291016,0.46989065215451953
2020-11-03,1,0,-0.0008271255501029,105.7000503540039,0.45509532561229893
2020-11-04,1,0,0.0152366673426037,107.3228988647461,0.45181666926228325
2020-11-05,1,0,0.0400251164593885,111.70563507080078,0.4280259837734084
2020-11-06,0,0,0.0348780979023954,115.6704559326172,0.46371729843361353
2020-11-09,0,1,-0.0011365747193493,115.5390625,0.5274461911195241
2020-11-10,0,0,-0.0201699797265764,113.23198699951172,0.4945009942912658
2020-11-11,1,1,-0.0030137251762153,112.89125061035156,0.5175747839285385
2020-11-12,0,1,0.0299012153945856,116.31781005859376,0.518194870323596
2020-11-13,1,0,-0.0023461832504971,116.04522705078124,0.4952829128568753
2020-11-16,1,1,0.0004194966483054,116.09391784667967,0.5372638638786504
2020-11-17,0,1,0.0086827676613701,117.1063232421875,0.5383199943310814
2020-11-18,0,1,-0.0075933718871077,116.220458984375,0.5182801427407151
2020-11-19,1,0,-0.0114565119552279,114.89657592773438,0.491375635708415
2020-11-20,0,1,0.0051547806620154,115.49037170410156,0.5262206257628411
2020-11-23,0,1,-0.0110177920395671,114.22490692138672,0.5219973392563418
2020-11-24,1,1,-0.030193957739951,110.82755279541016,0.5114095259053071
2020-11-25,1,1,0.0115274438263307,112.1125030517578,0.5078370139516233
2020-11-27,1,1,0.0074394527203296,112.94966888427734,0.5024929966994447
2020-11-30,1,1,0.0048148153439637,113.49481201171876,0.5013889355599334
2020-12-01,1,0,0.0208799225252746,115.88948822021484,0.4793720498901972
2020-12-02,1,1,0.0303619017012113,119.46207427978516,0.5260144351352095
2020-12-03,0,1,0.0029291335282492,119.81250762939452,0.5294936485917926
2020-12-04,0,1,-0.0011381236055239,119.6762237548828,0.5108159495818119
2020-12-07,1,1,-0.0056283215215131,119.0045394897461,0.5478460186445014
2020-12-08,1,1,0.0121953678990725,120.46472930908205,0.5137003674114885
2020-12-09,0,1,0.0050777939167862,121.0779800415039,0.5487695873557566
2020-12-10,1,1,-0.0211249976849933,118.54703521728516,0.5013868759843227
2020-12-11,0,1,0.0119173550398741,119.96825408935548,0.504421929517474
2020-12-14,0,0,-0.00675737486769,119.16031646728516,0.48589644297908074
2020-12-15,1,0,-0.005159980172184,118.54703521728516,0.4873151349511423
2020-12-16,0,1,0.0488759797228579,124.48506927490234,0.5461826452782851
2020-12-17,1,1,-0.0005475709767512,124.41692352294922,0.5098838618292518
2020-12-18,0,1,0.0069394399705936,125.28330993652344,0.5388859885321723
2020-12-21,1,1,-0.0159777605511637,123.29747009277344,0.5161685327300687
2020-12-22,1,0,0.0123190745800682,124.82577514648438,0.49869011423047005
2020-12-23,0,1,0.0280667734126302,128.3788604736328,0.5635988213945005
2020-12-24,1,1,-0.0070003100128318,127.48330688476562,0.5594985565571304
2020-12-28,1,1,0.0076827944870778,128.4665069580078,0.5655414415537227
2020-12-29,0,1,0.0351410858840144,133.06121826171875,0.5040579049711009
2020-12-30,0,1,-0.013404695752345,131.2894744873047,0.5131085352581495
2020-12-31,0,1,-0.0085629881739232,130.1700439453125,0.5106931357619293
2021-03-17,0,0,0.0126624462190569,122.41905975341795,0.48068986706908656
2021-03-18,0,1,-0.0064714032330209,121.62939453125,0.516921070077594
2021-03-19,0,1,-0.0344932641985152,117.50553131103516,0.6021103790162956
2021-03-22,1,1,-0.0044902251405021,116.97908782958984,0.5392461649921655
2021-03-23,0,1,0.027941650757918,120.29376983642578,0.500760594377567
2021-03-24,0,1,-0.0069127836630026,119.46507263183594,0.5778173795831709
2021-03-25,1,1,-0.0201959613251595,117.0765609741211,0.5348616718098728
2021-03-26,1,1,0.0041551279748882,117.56404113769533,0.501444545038425
2021-03-29,1,0,0.0051281859937643,118.1684799194336,0.4909899065606352
2021-03-30,0,1,0.001483928145063,118.34396362304688,0.5734269146461036
2021-03-31,1,1,-0.012350461109184,116.89134979248048,0.5180876750068262
2021-04-01,1,0,0.0185918782577645,119.08490753173828,0.4639672296761541
2021-04-05,1,1,0.0069344574795738,119.91356658935548,0.525325043024764
2021-04-06,1,0,0.0233034770772242,122.74078369140624,0.4885560651290991
2021-04-07,1,1,0.0024592619160331,123.04300689697266,0.5011552737818807
2021-04-08,1,1,0.0133015053268663,124.69059753417967,0.549885200321828
2021-04-09,1,0,0.019051254296342,127.08888244628906,0.45325807027785087
2021-04-12,0,0,0.0200493235056799,129.6626434326172,0.44368207644311797
2021-04-13,1,1,-0.0133212937324134,127.9468231201172,0.5234856490366636
2021-04-14,0,0,0.0240155662878094,131.05673217773438,0.43670995805183443
2021-04-15,1,0,-0.0180143775780396,128.7169647216797,0.4993187740238778
2021-04-16,0,0,0.018535144782081,131.125,0.4684746360950788
2021-04-19,1,0,-0.0025309516621829,130.79354858398438,0.4912313713752328
2021-04-20,0,0,0.0050555137762847,131.45645141601562,0.4818409104909088
2021-04-21,1,1,-0.0129128838251629,129.76988220214844,0.5212855282718547
2021-04-22,0,1,0.0029254257391371,130.1500701904297,0.5062721951023581
2021-04-23,1,1,-0.0117543538610924,128.6291961669922,0.5161919218372298
2021-04-26,1,1,0.017877885473279,130.94949340820312,0.5135472599144162
2021-04-27,0,0,0.0029737004711503,131.3394775390625,0.4849678963621226
2021-04-28,0,0,-0.0024526233686663,131.0177459716797,0.49463597400213194
2021-04-29,0,0,-0.006045340394777,130.22808837890625,0.4940484460068203
2021-04-30,0,0,-0.0007491122151958,130.1305694580078,0.48269045465423377
2021-05-03,1,0,-0.0152490520445655,128.1612548828125,0.49377604421567867
2021-05-04,0,1,0.0081821218313446,129.2141876220703,0.5217496415104815
2021-05-05,1,1,-0.0360269451398545,124.64185333251952,0.5216533782430566
2021-05-06,1,1,0.0019536445666495,124.8855972290039,0.5234211342216479
2021-05-07,1,1,0.0127212898777698,126.48445129394533,0.5098134638037057
2021-05-10,0,1,0.0053130391772783,127.15825653076172,0.5104209766213668
2021-05-11,0,1,-0.0261432345705424,123.87700653076172,0.5667778762207619
2021-05-12,0,1,-0.0074378547648368,122.95904541015624,0.5843665975860074
2021-05-13,1,1,-0.025254858030831,119.89261627197266,0.5408286271855162
2021-05-14,1,1,0.0177611417336591,122.04106903076172,0.5358961531120419
2021-05-17,0,0,0.0196504751077698,124.46295166015624,0.49625620715059926
2021-05-18,0,1,-0.0093017785315512,123.3105926513672,0.5023473615988326
2021-05-19,0,1,-0.0113094505025879,121.9238739013672,0.5312180948768224
2021-05-20,1,1,-0.0012823592355161,121.7676239013672,0.5376405633096469
2021-05-21,0,1,0.0207942695966159,124.32620239257812,0.5369839866402335
2021-05-24,1,1,-0.0148769702149967,122.49029541015624,0.5436653469286108
2021-05-25,0,1,0.0132262761444,124.12114715576172,0.5022586098733214
2021-05-26,0,0,-0.0015748027969399,123.92583465576172,0.4942800414311126
2021-05-27,0,0,-0.0003940885051853,123.87700653076172,0.49757139640367987
2021-05-28,0,1,-0.0124540484000424,122.34380340576172,0.512742319463038
2021-06-01,0,1,-0.005362558027402,121.68948364257812,0.515468806007144
2021-06-02,1,1,-0.002651523315781,121.36724853515624,0.5475955846023285
2021-06-03,0,0,0.0062562845977732,122.12893676757812,0.49177205330223267
2021-06-04,1,0,-0.0122284390811329,120.64458465576172,0.4979043781470712
2021-06-07,1,0,0.0188434491889293,122.9394989013672,0.48579935793957785
2021-06-08,1,0,7.943124255872665e-05,122.9492645263672,0.4879845762747078
2021-06-09,1,0,0.0066498620193535,123.76958465576172,0.49449677773420553
2021-06-10,0,0,0.0030723782901377,124.1504364013672,0.4931534521920403
2021-06-11,1,1,-0.0080556400120002,123.1543426513672,0.5290106677663219
2021-06-14,1,1,0.00978477853178,124.36529541015624,0.5085314576016368
2021-06-15,0,0,0.0242803259890286,127.42188262939452,0.46940740628990896
2021-06-16,1,1,-0.0064582783363351,126.6016082763672,0.5191878272632017
2021-06-17,1,1,0.0039259516159665,127.09961700439452,0.5190288045267636
2021-06-18,0,0,0.0125224108677602,128.7012176513672,0.4883595315691534
2021-06-21,1,1,-0.0101429568933439,127.40240478515624,0.555286630540835
2021-06-22,1,1,0.0140051618845946,129.19924926757812,0.5652897030342424
2021-06-23,0,1,0.0126188108628952,130.8399200439453,0.5336609006773689
2021-06-24,0,0,-0.0020922834831802,130.5664520263672,0.4948394088764423
2021-06-25,0,0,-0.0021711559148676,130.2832794189453,0.49569471510225693
2021-06-28,1,1,-0.0022513551960316,129.99029541015625,0.5081005678263377
2021-06-29,1,0,0.0124674959227797,131.62109375,0.487160515148512
2021-06-30,1,0,0.0114350561262789,133.13482666015625,0.46555834222916254
2021-07-01,1,0,0.0046106071709402,133.7500762939453,0.49145067793674524
2021-07-02,1,1,0.0022606479285138,134.0527801513672,0.5000795877694143
2021-07-06,1,1,0.0194072065896971,136.67977905273438,0.5028612418756583
2021-07-07,1,1,0.0146111055188726,138.6914825439453,0.5143851594795923
2021-07-08,0,0,0.0177961330216094,141.18174743652344,0.4377711484369779
2021-07-09,1,1,-0.0092428125784583,139.88284301757812,0.5156845809926691
2021-07-12,0,1,0.0129706352382284,141.7090301513672,0.5627202236740597
2021-07-13,1,1,-0.0042124584554086,141.11334228515625,0.5140486039020558
2021-07-14,1,1,0.0078584196541764,142.2266387939453,0.5035436459809001
2021-07-15,0,1,0.0238148845501261,145.65440368652344,0.5176917349778676
2021-07-16,0,1,-0.0045024490797554,145.0000762939453,0.5214172620191028
2021-07-19,0,1,-0.0141761818133246,142.9590301513672,0.5473846042500963
2021-07-20,1,1,-0.0272832233828752,139.1113739013672,0.5477120795684367
2021-07-21,0,1,0.025642529193304,142.72467041015625,0.5293663146804042
2021-07-22,1,1,-0.0051450317141092,141.9922332763672,0.5311197366073208
2021-07-23,1,0,0.0095826544437563,143.35943603515625,0.4967282696328355
2021-07-26,1,1,0.0119175854675043,145.07815551757812,0.5033897896401085
2021-07-27,0,0,0.0028906914387637,145.49813842773438,0.49264104216436433
2021-07-28,0,1,-0.0150126573765521,143.33013916015625,0.5404781649711174
2021-07-29,1,1,-0.0122709284927765,141.58209228515625,0.5095910758705937
2021-07-30,1,1,0.0045421267659385,142.2266387939453,0.5034373951014532
2021-08-02,0,0,0.0015092191933207,142.4414520263672,0.49882343418481684
2021-08-03,1,0,-0.0023335078483348,142.1094512939453,0.493575936262613
2021-08-04,0,1,0.0125648195279732,143.9062957763672,0.5112459011819656
2021-08-05,1,0,-0.0027858597686581,143.50595092773438,0.4958415529486525
2021-08-06,0,1,0.0007479546786532,143.6133270263672,0.5296692346826821
2021-08-09,0,1,-0.004778584613744,142.92869567871094,0.5080440756106772
2021-08-10,0,1,-0.0003421113105958,142.8798065185547,0.5068157896168246
2021-08-11,1,1,-0.0033595206900109,142.40060424804688,0.5333044791204093
2021-08-12,1,1,0.0017840213247184,142.65487670898438,0.5071513623742367
2021-08-13,1,1,0.020560455839612,145.6182861328125,0.5584288761702313
2021-08-16,1,0,0.0014096380218507,145.82369995117188,0.4959408037003269
2021-08-17,0,0,0.0134568194267012,147.79928588867188,0.4922751704214128
2021-08-18,0,1,-0.0061729396534132,146.88973999023438,0.5263660197106449
2021-08-19,1,1,-0.0258319930478385,143.1438751220703,0.5453932745682426
2021-08-20,1,1,0.0023204929847005,143.47642517089844,0.5101157445088521
2021-08-23,1,1,0.0101055578875839,144.93368530273438,0.51291538543021
2021-08-24,0,1,0.0102047724679038,146.42027282714844,0.5397498364496985
2021-08-25,0,1,-0.0006012771064663,146.33226013183594,0.5066641748414019
2021-08-26,0,1,-0.0084569039563653,145.09996032714844,0.5044132821806653
2021-08-27,1,1,-0.0055424635302226,144.2979736328125,0.5025898525359508
2021-08-30,1,0,0.0071588409562377,145.33468627929688,0.49014951207996693
2021-08-31,0,0,0.0299637376322205,149.75535583496094,0.4731409184477583
2021-09-01,1,1,-0.0084605838474699,148.49368286132812,0.522700074870462
2021-09-02,1,1,0.0044688759959571,149.1587677001953,0.5101897128946266
2021-09-03,1,0,0.0074470853084904,150.27371215820312,0.48437030931961733
2021-09-07,1,1,0.0042215367639904,150.90943908691406,0.5105000979870282
2021-09-08,0,1,0.0153704465652397,153.2469024658203,0.507872057447205
2021-09-09,0,0,-0.01013473351108,151.70162963867188,0.4992980084289962
2021-09-10,0,0,-0.0067273202465054,150.68450927734375,0.499421226046344
2021-09-13,1,1,-0.0336624944475351,145.69651794433594,0.5399060065235816
2021-09-14,0,0,0.0038858808032445,146.26377868652344,0.4985110823950041
2021-09-15,1,0,-0.0096080134369163,144.86520385742188,0.49406276165272994
2021-09-16,0,0,0.0061248429233046,145.7552032470703,0.4857470343829642
2021-09-17,0,0,-0.0016116054140028,145.52049255371094,0.47260998516863256
2021-09-20,0,1,-0.0185184362670528,142.85047912597656,0.5079058336990137
2021-09-21,1,1,-0.0215925073933555,139.79904174804688,0.5910881872895083
2021-09-22,1,1,0.0034222585024993,140.27828979492188,0.5516207702522764
2021-09-23,1,1,0.0167314641654063,142.6450958251953,0.5236132138060619
2021-09-24,1,0,0.0066967591565171,143.6035614013672,0.4886342959054184
2021-09-27,0,1,0.0006126988395625,143.6915740966797,0.5044289871881568
2021-09-28,0,1,-0.0106060410596232,142.17562866210938,0.5125530824407359
2021-09-29,1,1,-0.0240891803794643,138.79165649414062,0.542084392818039
2021-09-30,0,1,0.0064622509988771,139.69146728515625,0.5292729883145706
2021-10-01,1,1,-0.0093555523247546,138.3906707763672,0.535565757110244
2021-10-04,0,1,0.0080945471234197,139.5154266357422,0.5377785083033466
2021-10-05,1,1,-0.0249134931018617,136.08255004882812,0.5999472532484115
2021-10-06,1,1,0.0140593333417633,138.00929260253906,0.5328940709237767
2021-10-07,1,1,0.0062869582017049,138.8796844482422,0.5248493064473373
2021-10-08,0,0,0.0090437391698487,140.14137268066406,0.49727062209807693
2021-10-11,0,1,-0.0027258556896177,139.7598876953125,0.5055501659283321
2021-10-12,0,1,-0.0006297220486631,139.67190551757812,0.5139660885414787
2021-10-13,0,0,-0.0091447233532752,138.4004669189453,0.49800382371731755
2021-10-14,1,1,-0.0042490471601022,137.8136444091797,0.5017573764226543
2021-10-15,1,0,0.0200239243086761,140.6010284423828,0.4982419181821962
2021-10-18,1,1,0.0074843788533783,141.65728759765625,0.5115635801975071
2021-10-19,1,0,0.0117370875721919,143.32972717285156,0.4806003296077035
2021-10-20,1,1,0.0149673940265506,145.4911346435547,0.5292388310929527
2021-10-21,1,0,0.0033556966037918,145.9801788330078,0.47918273096051267
2021-10-22,0,1,0.0014727378566282,146.19532775878906,0.5072275774463094
2021-10-25,0,0,-0.00529892202271,145.42269897460938,0.485286190266391
2021-10-26,1,0,-0.0003361381432422,145.3738250732422,0.47917751312517737
2021-10-27,0,0,0.0045642502310636,146.0388641357422,0.48183505049092246
2021-10-28,1,0,-0.0031527675021959,145.57916259765625,0.4751397058906026
2021-10-29,0,0,0.02468464666608,149.2174530029297,0.48865516412124166
2021-11-01,0,0,-0.018322362385664,146.50833129882812,0.49747365253165465
2021-11-02,1,0,-0.0056235110765293,145.68675231933594,0.4964263713531111
2021-11-03,1,0,0.0070907357140261,146.72344970703125,0.4853211966293456
2021-11-04,0,1,0.0097509993175164,148.16114807128906,0.5233168818889972
2021-11-05,1,1,-0.0035046292390282,147.64280700683594,0.5001528771379108
2021-11-08,0,1,0.0035758942496374,148.1717071533203,0.5275645748251492
2021-11-09,1,1,-0.0055681794355676,147.3489532470703,0.5286272743378644
2021-11-10,0,0,0.0024564227657956,147.7113494873047,0.49732996944411034
2021-11-11,0,0,-0.0193491254362087,144.8807373046875,0.481193941630381
2021-11-12,1,1,-0.0003381332485771,144.83175659179688,0.5062229934618278
2021-11-15,1,1,0.0142352576605845,146.90821838378906,0.5055530422103444
2021-11-16,1,0,6.667983647830014e-05,146.9180145263672,0.4924556047562796
2021-11-17,1,0,0.0066443920884109,147.89744567871094,0.49718461404543846
2021-11-18,1,0,0.0163558117757405,150.33631896972656,0.4867056822562743
2021-11-19,1,0,0.0281363079476904,154.6262969970703,0.49067198886022423
2021-11-22,1,0,0.0168337307776602,157.2512664794922,0.46173002169294364
2021-11-23,1,1,0.0029230587761608,157.7115936279297,0.519791447027824
2021-11-24,1,1,0.0024191415529307,158.0935821533203,0.5150175402177698
2021-11-26,0,1,0.0032782407835629,158.61270141601562,0.5423843726944858
2021-11-29,1,1,-0.0321910191717364,153.58810424804688,0.5264947074722084
2021-11-30,1,1,0.0216377258864455,156.94761657714844,0.5163709534102091
2021-12-01,0,0,0.0310895334985304,161.9036865234375,0.47388381823590836
2021-12-02,0,1,-0.0032115920459237,161.38455200195312,0.5003793902328146
2021-12-03,0,1,-0.0061486817206691,160.39529418945312,0.5542608840498873
2021-12-06,1,1,-0.0117936749928354,158.51475524902344,0.5761929469703393
2021-12-07,1,1,0.0212747649454762,161.92324829101562,0.5322554232166686
2021-12-08,1,1,0.0348325308342699,167.66282653808594,0.5004535097457298
2021-12-09,0,1,0.0225276557921623,171.4827423095703,0.5465903437039017
2021-12-10,1,1,-0.0029748895128622,170.97335815429688,0.5129318914030542
2021-12-13,0,1,0.0276282344540233,175.76290893554688,0.52682299648509
2021-12-14,0,1,-0.0208909977861874,172.12913513183594,0.5438444600973598
2021-12-15,1,0,-0.0080552953359243,170.74815368652344,0.49593729215824633
2021-12-16,0,1,0.0281100925019772,175.61599731445312,0.5254071739187904
2021-12-17,0,1,-0.0400556169908579,168.72061157226562,0.5691436391536915
2021-12-20,0,1,-0.0065225568602345,167.6237030029297,0.504898761593909
2021-12-21,1,1,-0.0081555014877596,166.26220703125,0.5037615375899693
2021-12-22,1,1,0.0189072179409058,169.4356689453125,0.5220391872400133
2021-12-23,1,1,0.0152027371260647,172.03123474121094,0.5245598612887714
2021-12-27,1,1,0.0036370826985735,172.65806579589844,0.5137939567218685
2021-12-28,0,0,0.0227147503467185,176.6248321533203,0.44451449628031503
2021-12-29,1,0,-0.0057839828285395,175.60618591308594,0.47659349352114727
2021-12-30,0,1,0.0005018496744597,175.6943359375,0.5226959879810944
2021-12-31,0,0,-0.0066000720659687,174.53855895996094,0.4929581173145467
2022-03-16,1,0,0.0292455413005742,152.0969696044922,0.49202124990285545
2022-03-17,1,1,0.0286024726884719,156.5101318359375,0.5003435808597592
2022-03-18,1,1,0.006433263304923,157.52024841308594,0.5176580073390462
2022-03-21,1,1,0.0207031067863864,160.81539916992188,0.5138756205943831
2022-03-22,1,0,0.0085014119112324,162.18838500976562,0.4771272095842696
2022-03-23,1,0,0.0205870112580829,165.5619659423828,0.4886262725486895
2022-03-24,1,0,0.0082001836470732,166.92518615722656,0.4784922860755588
2022-03-25,1,1,0.02242445766373,170.71067810058594,0.517477060030824
2022-03-28,1,1,0.0037274152121348,171.34817504882812,0.5261621658165758
2022-03-29,1,0,0.0050236602700454,172.2111358642578,0.47967487910826123
2022-03-30,0,0,0.0189537792462627,175.50631713867188,0.4763932753575879
2022-03-31,0,0,-0.0066716688462955,174.33929443359375,0.459829006045401
2022-04-01,0,0,-0.0179359185350935,171.240234375,0.483493711514395
2022-04-04,1,0,-0.0017194700279176,170.946044921875,0.4673555944776001
2022-04-05,0,0,0.0234171546192172,174.99635314941406,0.4640747002383608
2022-04-06,0,1,-0.019123832697371,171.68154907226562,0.5161538390039192
2022-04-07,1,1,-0.0186230583998692,168.51390075683594,0.5040170859003976
2022-04-08,0,0,0.0018027468198717,168.81796264648438,0.48996451278123354
2022-04-11,0,0,-0.0119806580878154,166.80747985839844,0.49506416802945796
2022-04-12,1,1,-0.0258468753786777,162.55126953125,0.5522127809618341
2022-04-13,1,0,0.0114572960869497,164.42437744140625,0.47322106181772816
2022-04-14,0,1,0.0162105685987031,167.11151123046875,0.5015636795921263
2022-04-18,0,1,-0.0304470079203947,162.1001434326172,0.5333609611695298
2022-04-19,1,0,-0.0013320997071336,161.8843536376953,0.4988766026028526
2022-04-20,0,1,0.0140166264149784,164.16940307617188,0.5255098942303615
2022-04-21,0,1,-0.001015944273595,164.00270080566406,0.5165281407930407
2022-04-22,0,1,-0.004855517354883,163.20831298828125,0.5021344238795437
2022-04-25,1,1,-0.0282157224230585,158.66763305664062,0.5632380900151729
2022-04-26,0,0,0.0067147609104529,159.73663330078125,0.49502719578851617
2022-04-27,0,1,-0.0380424115875832,153.7740020751953,0.5621086649533756
2022-04-28,1,1,-0.0014681730628467,153.54840087890625,0.5182450072450923
2022-04-29,0,0,0.0441656355386699,160.48194885253906,0.41888246762167924
2022-05-02,1,1,-0.0372914378385954,154.60755920410156,0.5321050991946773
2022-05-03,1,0,0.0019645406112559,154.91159057617188,0.49734378178162064
2022-05-04,1,1,0.0095766574365711,156.40225219726562,0.5102102467996563
2022-05-05,0,1,0.0401896527897602,162.81602478027344,0.510847289285036
2022-05-06,1,1,-0.0573284051404675,153.7445526123047,0.5076932791065065
2022-05-09,0,1,0.0047160286931557,154.47132873535156,0.5157654767012154
2022-05-10,1,1,-0.0337523936944822,149.3445587158203,0.5239380980688164
2022-05-11,0,0,0.0159835477440751,151.75079345703125,0.4921679554915185
2022-05-12,0,1,-0.0532332810799157,143.88385009765625,0.5380496150008327
2022-05-13,1,1,-0.0272623801688974,140.01422119140625,0.5841501937519994
2022-05-16,0,1,0.031417445573543,144.48294067382812,0.5045334890528417
2022-05-17,1,1,-0.0107296321393007,142.94097900390625,0.5531035337408347
2022-05-18,0,0,0.0251047865927755,146.5749053955078,0.49897203070224394
2022-05-19,0,1,-0.0580730525262961,138.3052978515625,0.567622149661651
2022-05-20,1,1,-0.0249503003768054,134.89723205566406,0.5983953049585516
2022-05-23,1,1,0.001745862863664,135.13294982910156,0.5469770846402854
2022-05-24,0,0,0.0393353693135357,140.55438232421875,0.4157232083102371
2022-05-25,1,1,-0.0194030576580054,137.85348510742188,0.5000555964800606
2022-05-26,1,1,0.0011394416597522,138.01065063476562,0.5269742285404588
2022-05-27,1,0,0.0229341877500438,141.21238708496094,0.4741783598440318
2022-05-31,0,0,0.0399481821623822,146.96775817871094,0.4603815379098317
2022-06-01,0,1,-0.0053605543560243,146.18203735351562,0.5025074763929691
2022-06-02,1,1,-0.0008736422213018,146.05438232421875,0.5108771309692965
2022-06-03,0,1,0.0166714783459796,148.50973510742188,0.5195367444302286
2022-06-06,1,1,-0.0393187130302885,142.78382873535156,0.5074549313611971
2022-06-07,1,1,0.0052143909494919,143.53030395507812,0.5037524299266478
2022-06-08,0,1,0.0174328437348168,146.05438232421875,0.5305759534401348
2022-06-09,0,1,-0.0050563165858825,145.3177490234375,0.510308561140116
2022-06-10,0,1,-0.0366178468881879,140.0927734375,0.5464046361837415
2022-06-13,0,1,-0.0393946068401041,134.68116760253906,0.5374397382302383
2022-06-14,1,1,-0.039036987163187,129.52491760253906,0.525840665811977
2022-06-15,1,1,0.0066505929263934,130.3892059326172,0.5157802832539224
2022-06-16,0,1,0.0199119891539484,133.01153564453125,0.5226369721695188
2022-06-17,1,1,-0.0404591147994439,127.73741912841795,0.5892733807443032
2022-06-21,1,1,0.0114671376631522,129.21063232421875,0.5149263345828249
2022-06-22,0,0,0.0322351758618559,133.44361877441406,0.46432251560749455
2022-06-23,1,1,-0.0038340551339547,132.93296813964844,0.5394060450559778
2022-06-24,1,0,0.021344190555091,135.80081176757812,0.49389676691636086
2022-06-27,0,1,0.024221454609749,139.13026428222656,0.5245449202508383
2022-06-28,0,1,0.0,139.13026428222656,0.5125489226312443
2022-06-29,1,1,-0.0302422340157235,134.9856414794922,0.513663061258148
2022-06-30,0,0,0.0129396088924376,136.74365234375,0.4989023885665793
2022-07-01,1,1,-0.0181921090828705,134.2784881591797,0.5054571649773297
2022-07-05,1,1,0.0160351546573054,136.4490203857422,0.5275669854226023
2022-07-06,1,0,0.0187534769435226,139.0320587158203,0.4849250799857787
2022-07-07,1,1,0.0095613430604206,140.36776733398438,0.5119036673082902
2022-07-08,1,0,0.0237159525146968,143.73651123046875,0.4954066716640195
2022-07-11,0,1,0.004703718034404,144.41419982910156,0.5591270294992476
2022-07-12,1,1,-0.0148679218590384,142.28294372558594,0.5330705148759948
2022-07-13,0,1,0.0068105738187922,143.25527954101562,0.5006275040015352
2022-07-14,1,1,-0.0025399764307928,142.89187622070312,0.5028492660051294
2022-07-15,1,0,0.020275487571152,145.8186492919922,0.48079141608491727
2022-07-18,0,1,0.0113852088956063,147.48831176757812,0.5267618534948783
2022-07-19,1,1,-0.0208593635513231,144.44366455078125,0.5284239981354787
2022-07-20,1,1,0.0263710589532057,148.303466796875,0.5191701644020088
2022-07-21,1,1,0.0134193904031389,150.30702209472656,0.5279641984329655
2022-07-22,0,1,0.0149814426634282,152.57579040527344,0.5333206589838433
2022-07-25,0,1,-0.0081437133754709,151.3383026123047,0.5352103630626303
2022-07-26,0,1,-0.0074257898480268,150.21865844726562,0.5229003753030965
2022-07-27,1,1,-0.0088655296146812,148.8927764892578,0.5176790596204914
2022-07-28,1,1,0.0336616712537574,153.9900665283203,0.5088642406218286
2022-07-29,1,1,0.0035653154749002,154.54006958007812,0.5264727815247262
2022-08-01,0,1,0.0322667378230765,159.60789489746094,0.5126703306219563
2022-08-02,0,1,-0.0061722224531139,158.62579345703125,0.5489017227954777
2022-08-03,1,1,-0.0093306973608815,157.152587890625,0.5201865686876677
2022-08-04,0,1,0.0375342128241074,163.1632843017578,0.5019254624803602
2022-08-05,0,1,-0.001928058492001,162.8489990234375,0.5285089949143305
2022-08-08,0,1,-0.0013900534157481,162.62278747558594,0.5131988716949993
2022-08-09,1,1,-0.0029071137307497,162.1507110595703,0.5282040054911445
2022-08-10,1,1,0.0003031523349575,162.1998748779297,0.5185566899922516
2022-08-11,0,1,0.025857324905849,166.44862365722656,0.504763281889586
2022-08-12,1,1,-0.0044413046774655,165.7110137939453,0.5219571930415834
2022-08-15,1,0,0.0211992256475334,169.26145935058594,0.4861631581881937
2022-08-16,0,1,0.0063134617612098,170.33346557617188,0.5108883443376238
2022-08-17,1,1,-0.0009241951010482,170.17611694335938,0.5152643672540084
2022-08-18,0,0,0.0087460910444558,171.6710205078125,0.49255879917940704
2022-08-19,0,1,-0.0022942343402159,171.27761840820312,0.5142845450198767
2022-08-22,0,1,-0.0152168631754318,168.6910400390625,0.5072773858948515
2022-08-23,0,1,-0.0232988347920255,164.80616760253906,0.5656226135859118
2022-08-24,1,1,-0.0020309039217071,164.4718017578125,0.5219128897624505
2022-08-25,1,1,0.0017922806242092,164.766845703125,0.5630790798435168
2022-08-26,0,1,0.014812387881772,167.22560119628906,0.5153342297206545
2022-08-29,0,1,-0.0384282209313098,160.92132568359375,0.5636891186675165
2022-08-30,0,1,-0.013784797459367,158.71827697753906,0.5300606524930948
2022-08-31,0,1,-0.0154238232652185,156.2890167236328,0.5335675212154959
2022-09-01,1,1,-0.0106917985210136,154.6269073486328,0.531207479358287
2022-09-02,0,1,0.0046956628736039,155.3546905517578,0.5140278307620583
2022-09-06,0,1,-0.013704676554217,153.24012756347656,0.5225266654183386
2022-09-07,1,1,-0.0082490143801214,151.9812469482422,0.5413240994779509
2022-09-08,0,1,0.0092112362990477,153.3876495361328,0.5242416149735919
2022-09-09,1,1,-0.0096642394864028,151.91241455078125,0.5225248855239835
2022-09-12,1,1,0.018664627541002,154.77442932128906,0.5114655931404988
2022-09-13,0,0,0.0377848701817471,160.7344512939453,0.46776387164506295
2022-09-14,1,1,-0.060471544357334,151.30264282226562,0.5626630455879561
2022-09-15,0,1,0.0095098212777352,152.7483673095703,0.5169213883696384
2022-09-16,0,1,-0.0191111518965715,149.8568878173828,0.5278089202452433
2022-09-19,1,1,-0.0110207719684802,148.21441650390625,0.5289405253382916
2022-09-20,1,0,0.0247734131294138,151.9320526123047,0.45673158762742944
2022-09-21,0,0,0.0155441930758572,154.31216430664062,0.48310166866411
2022-09-22,0,1,-0.0204759794935929,151.18460083007812,0.5122768827860061
2022-09-23,0,1,-0.0063954358601895,150.22079467773438,0.5555197725659446
2022-09-26,1,1,-0.015239346983997,147.94888305664062,0.5385130426436846
2022-09-27,1,1,0.0022576650796217,148.2832794189453,0.511639394440653
2022-09-28,0,1,0.0065448765716231,149.2569580078125,0.512482856845238
2022-09-29,0,1,-0.0127324986993785,147.36859130859375,0.5303809962069674
2022-09-30,0,1,-0.0503662742775002,140.1300048828125,0.5499741425021407
2022-10-03,1,1,-0.0304997558868095,135.92059326171875,0.6116954678041897
2022-10-04,1,1,0.0302890310825497,140.10047912597656,0.5156557830391862
2022-10-05,1,1,0.0253002564708902,143.69027709960938,0.5156086733660362
2022-10-06,0,1,0.0020515454221738,143.98536682128906,0.5301100121339696
2022-10-07,0,1,-0.0066477904916321,143.03135681152344,0.5413474632465411
2022-10-10,1,1,-0.0374098917324059,137.7794189453125,0.5583573789614574
2022-10-11,0,1,0.0023527284442693,138.1039581298828,0.5412301914915709
2022-10-12,0,1,-0.0103076367781037,136.687744140625,0.543709145271783
2022-10-13,1,1,-0.0046158103328223,136.0582733154297,0.5371720821000079
2022-10-14,0,0,0.0330603726349746,140.631591796875,0.45030622620267247
2022-10-17,1,1,-0.0327710702609577,136.09764099121094,0.5515968745579449
2022-10-18,1,0,0.0287068058446111,140.06118774414062,0.4633557206718386
2022-10-19,1,0,0.0093653692373043,141.3790740966797,0.4946967374605755
2022-10-20,0,0,0.0007645947801878,141.48721313476562,0.48696907024428704
2022-10-21,1,1,-0.0032721019156873,141.02500915527344,0.5320197599893249
2022-10-24,1,0,0.0266994734447956,144.8410186767578,0.4951895531368789
2022-10-25,1,1,0.0146941383536142,146.98504638671875,0.5262754791656343
2022-10-26,0,1,0.0191529571818417,149.82737731933594,0.5554339928489626
2022-10-27,0,1,-0.0198223523388623,146.88668823242188,0.5499150963213147
2022-10-28,1,1,-0.0309387852782901,142.41177368164062,0.5390516824454193
2022-10-31,0,1,0.0728342950932686,153.1713104248047,0.5221193583565054
2022-11-01,0,1,-0.0155304536374987,150.8108673095703,0.5446555651793369
2022-11-02,0,1,-0.0176983972887028,148.1652374267578,0.5102110776498218
2022-11-03,0,1,-0.0380186993865615,142.63792419433594,0.5227655446589099
2022-11-04,0,1,-0.0433301779891738,136.58938598632812,0.55871512554631
2022-11-07,1,1,-0.0019491650097448,136.3234100341797,0.5431363605890566
2022-11-08,1,1,0.0038945381650062,136.85536193847656,0.5422602193001391
2022-11-09,0,1,0.0041663778453764,137.42674255371094,0.5176680361318545
2022-11-10,1,1,-0.0337532428420242,132.8655548095703,0.5816143575984984
2022-11-11,1,0,0.0852364896740066,144.6872100830078,0.45714447634917144
2022-11-14,0,1,0.0190855054122876,147.47515869140625,0.5454823735777867
2022-11-15,1,1,-0.0095310128279304,146.0762481689453,0.5299544996143964
2022-11-16,0,0,0.0117998446815078,147.8101348876953,0.4926726637050425
2022-11-17,1,1,-0.0083661633380215,146.5786895751953,0.5023753086798308
2022-11-18,1,0,0.0128879285694214,148.48001098632812,0.4937554679246639
2022-11-21,0,1,0.0037746785931116,149.04153442382812,0.5409690743237647
2022-11-22,1,1,-0.0219187503683483,145.81027221679688,0.5437542605068976
2022-11-23,1,1,0.0145547824906707,147.94802856445312,0.5306552094512331
2022-11-25,0,1,0.0059086093898257,148.8247833251953,0.5438325842337856
2022-11-28,0,1,-0.0197881155106764,145.9087677001953,0.5288954533411563
2022-11-29,0,1,-0.026615312431572,142.0765838623047,0.5825501080528593
2022-11-30,1,1,-0.0213749543869752,139.07192993164062,0.5289187877032822
2022-12-01,1,0,0.0474500822074722,145.82997131347656,0.4540448846184416
2022-12-02,0,1,0.0018895797670746,146.1057891845703,0.5305368607522234
2022-12-05,0,1,-0.0033769081710358,145.6132354736328,0.5049507231321588
2022-12-06,0,1,-0.0080151358860801,144.45079040527344,0.5679626380383922
2022-12-07,0,1,-0.0256972735456065,140.7860870361328,0.5594471967672461
2022-12-08,1,1,-0.0138806659178462,138.8453826904297,0.5636214137351883
2022-12-09,0,1,0.0120593696843587,140.5299072265625,0.5048188249263705
2022-12-12,1,1,-0.0034409618515172,140.04718017578125,0.5188269543189843
2022-12-13,1,1,0.0162571784192394,142.34255981445312,0.5614633227596334
2022-12-14,0,1,0.0067598182815121,143.3080291748047,0.5477387796687354
2022-12-15,0,1,-0.0156577808710179,141.0816192626953,0.5667455177695876
2022-12-16,0,1,-0.0479874623858141,134.47134399414062,0.5673746284016087
2022-12-19,0,1,-0.014686138619499,132.5109100341797,0.5565958648877539
2022-12-20,0,1,-0.0160376677443234,130.40269470214844,0.5522571889119212
2022-12-21,1,1,-0.0005290379323023,130.33372497558594,0.5545995185642735
2022-12-22,0,1,0.0235305818129216,133.43692016601562,0.5289919692993994
2022-12-23,0,1,-0.0240595483643454,130.26480102539062,0.5653764147123967
2022-12-27,0,1,-0.0028022011536683,129.90028381347656,0.5589702336735844
2022-12-28,0,1,-0.0139755063563978,128.0974884033203,0.5328999968326619
2022-12-29,1,1,-0.0311658903929647,124.16678619384766,0.6093742926274128
2022-12-30,1,1,0.027930703351525,127.6837387084961,0.5148847375857619
2023-03-16,1,1,0.0026178493099483,150.9463653564453,0.5156497415698416
2023-03-17,0,1,0.0185216213215612,153.7681884765625,0.5945265473681134
2023-03-20,1,1,-0.0054692388803639,152.9294891357422,0.5641099730670038
2023-03-21,1,1,0.0153653814704765,155.29745483398438,0.5556930961893737
2023-03-22,0,1,0.0118733359126629,157.15234375,0.5637007363394507
2023-03-23,1,1,-0.0091449760047843,155.72174072265625,0.5305787347911401
2023-03-24,1,1,0.0069450921491886,156.8070068359375,0.5353084809877067
2023-03-27,0,1,0.008271440014103,158.10940551757812,0.5388672954769884
2023-03-28,0,1,-0.0123695434513596,156.16571044921875,0.5086846222344561
2023-03-29,1,0,-0.0039881164363076,155.5441436767578,0.49230605345934875
2023-03-30,1,1,0.0195973841884944,158.62246704101562,0.5128238280644064
2023-03-31,1,0,0.0098411933301981,160.1912078857422,0.48944825316533935
2023-04-03,1,0,0.0155230568285812,162.697265625,0.4890571951681686
2023-04-04,0,1,0.0076722312947438,163.9503173828125,0.537668653338134
2023-04-05,0,1,-0.003254815957973,163.4175567626953,0.527373047726266
2023-04-06,1,0,-0.0113546044023744,161.572509765625,0.48703758175676676
2023-04-10,0,1,0.0054808457122774,162.4604949951172,0.5169069834512998
2023-04-11,0,0,-0.016101207695445,159.86563110351562,0.48640056069027715
2023-04-12,0,1,-0.0076201931655884,158.6520538330078,0.5029144669899404
2023-04-13,1,0,-0.0043626976343399,157.96141052246094,0.4736610982850518
2023-04-14,0,1,0.0335350682092858,163.34848022460938,0.5405247388237719
2023-04-17,1,0,-0.0021162558608721,163.00315856933594,0.4852076867801928
2023-04-18,1,0,0.0001209373092229,163.0228729248047,0.46926089979720736
2023-04-19,1,1,0.0074767526125892,164.24632263183594,0.5294990753374753
2023-04-20,0,1,0.006944031309968,165.3908233642578,0.5025149716479436
2023-04-21,0,0,-0.0058636091197267,164.4238739013672,0.4740862632735955
2023-04-24,1,0,-0.0098289649373761,162.815673828125,0.4746987131893535
2023-04-25,0,0,0.0018768186452964,163.1215362548828,0.4865696376977063
2023-04-26,0,1,-0.009480425047516,161.58238220214844,0.5147926351306236
2023-04-27,1,0,-6.110033777546974e-05,161.572509765625,0.49874791630828347
2023-04-28,1,1,0.0279996622860894,166.16041564941406,0.5731059419164045
2023-05-01,0,1,0.0075128330706254,167.4134521484375,0.5726016471974216
2023-05-02,0,1,-0.0005306920112088,167.3246307373047,0.5870749825346824
2023-05-03,0,1,-0.0062106853226236,166.2886505126953,0.5707713732909571
2023-05-04,0,1,-0.006488216460716,165.21322631835938,0.5200163104378266
2023-05-05,1,1,-0.0099629128840229,163.5753936767578,0.5306631097797747
2023-05-08,0,1,0.0458590234800381,171.25146484375,0.5473017591032013
2023-05-09,0,1,-0.0004033554306659,171.18240356445312,0.5455048087074255
2023-05-10,1,1,-0.0100212450045202,169.4755096435547,0.5129321007108003
2023-05-11,1,1,0.010367039108968,171.24160766601562,0.5476043978604654
2023-05-12,0,1,0.0010941671373296,171.4290771484375,0.5251053927139149
2023-05-15,0,1,-0.005432281657154,170.50035095214844,0.5236666184888239
2023-05-16,0,0,-0.0029015795842404,170.00634765625,0.487076249675475
2023-05-17,1,0,0.0,170.00634765625,0.4516420025214282
2023-05-18,1,0,0.0035967077036723,170.61891174316406,0.49232954555051434
2023-05-19,1,1,0.013573387131532,172.95057678222656,0.5583437116097956
2023-05-22,0,0,0.0006283267057429,173.0592803955078,0.49058528933748674
2023-05-23,0,1,-0.0054958647138759,172.11077880859375,0.5545803147955691
2023-05-24,1,1,-0.0152709120201318,169.50245666503906,0.5102147506821111
2023-05-25,1,1,0.0016306613574017,169.77908325195312,0.6026685662360775
2023-05-26,1,1,0.0066701107588117,170.91531372070312,0.5584812723342742
2023-05-30,1,1,0.014006221200995,173.32603454589844,0.5722023576504063
2023-05-31,0,1,0.0106031513711127,175.17361450195312,0.5286676796433301
2023-06-01,1,1,-0.0002819168973662,175.12423706054688,0.5733934933051905
2023-06-02,1,1,0.0158953828220362,177.93014526367188,0.5901946900684703
2023-06-05,0,1,0.0047639377093308,178.77981567382812,0.5850969335255587
2023-06-06,0,1,-0.007599742938567,177.42628479003906,0.5273227466921634
2023-06-07,0,1,-0.0020625309162736,177.0607147216797,0.5332538181083888
2023-06-08,1,0,-0.0077863672266504,175.68740844726562,0.4999335351163832
2023-06-09,1,1,0.0153464910981778,178.40438842773438,0.5001334883566041
2023-06-12,1,1,0.0021576256965294,178.78973388671875,0.5074824524117804
2023-06-13,0,1,0.0155176578068849,181.5857696533203,0.574767033657393
2023-06-14,1,1,-0.0026150921960198,181.1115264892578,0.5284097182000368
2023-06-15,1,1,0.0034853560443552,181.74386596679688,0.5609269405960868
2023-06-16,0,1,0.0111364509037634,183.77915954589844,0.537910312220881
2023-06-20,1,1,-0.0058773436690861,182.7021942138672,0.536800479740792
2023-06-21,0,1,0.0004867037258186,182.7911376953125,0.5422996892722434
2023-06-22,1,1,-0.0056914078789849,181.75375366210932,0.5188504755129634
2023-06-23,0,1,0.0163902687236682,184.75729370117188,0.518027492025704
2023-06-26,0,0,-0.0017127779365563,184.4411163330078,0.49573154102766925
2023-06-27,1,1,-0.0075818236700765,183.04800415039065,0.5056108494690033
2023-06-28,1,1,0.0149469616161565,185.8045654296875,0.5427868999781248
2023-06-29,1,1,0.0063078707226686,186.9803009033203,0.5755376003247509
2023-06-30,1,1,0.0017947900640547,187.31619262695312,0.5381848967094462
2023-07-03,0,1,0.0228397389777285,191.6436767578125,0.5143049901379917
2023-07-05,0,1,-0.0078152065628853,190.1517791748047,0.5296531331417214
2023-07-06,1,1,-0.0058883705661676,189.0353851318359,0.5071146433870493
2023-07-07,0,0,0.0025052896567515,189.5095672607422,0.49839979335258733
2023-07-10,0,1,-0.0059083842008496,188.39317321777344,0.5344657198369266
2023-07-11,0,0,-0.0109153576539241,186.3479766845703,0.49018681865434033
2023-07-12,1,0,-0.0028140270806917,185.82432556152344,0.48404056292020065
2023-07-13,1,1,0.0089454468316621,187.4940643310547,0.5106881951946085
2023-07-14,1,1,0.0040492109808018,188.2548065185547,0.5045827579873577
2023-07-17,1,1,0.0007870479256126,188.4030303955078,0.5538897404144083
2023-07-18,0,1,0.0171574540619829,191.66343688964844,0.533064113905749
2023-07-19,1,1,-0.0013411739770457,191.40655517578125,0.5091527146511241
2023-07-20,0,0,0.0070468487104651,192.7601318359375,0.4962195055270806
2023-07-21,0,1,-0.0101486679387264,190.8137664794922,0.5356289815804521
2023-07-24,1,1,-0.0061807525911373,189.63803100585932,0.5322766434790935
2023-07-25,1,1,0.0042111481772758,190.4383087158203,0.5185667632964004
2023-07-26,1,0,0.0045034220661433,191.29786682128903,0.45897675586936204
2023-07-27,0,1,0.0045346870447987,192.1673126220703,0.5227333246871319
2023-07-28,1,1,-0.0066025660577573,190.90269470214844,0.515306397654923
2023-07-31,1,0,0.0134174561460188,193.48138427734372,0.49260667967674554
2023-08-01,0,1,0.0031610092045826,194.0939483642578,0.5008738969333986
2023-08-02,0,1,-0.0042850637846174,193.26402282714844,0.5185715963672881
2023-08-03,0,1,-0.0156111847806905,190.27037048339844,0.5101544981306025
2023-08-04,0,0,-0.007348686085437,188.87725830078125,0.4888831996357223
2023-08-07,0,0,-0.0492112489790563,179.807373046875,0.48514491373716173
2023-08-08,1,1,-0.017404183240937,176.70504760742188,0.6097780450011068
2023-08-09,0,1,0.0052974395406046,177.64361572265625,0.5275549900878749
2023-08-10,0,1,-0.0089946804102131,176.0529327392578,0.5297036816016807
2023-08-11,1,1,-0.0012353997095784,175.8355712890625,0.5439640943886113
2023-08-14,1,1,0.0003375990785787,175.8949432373047,0.5974996496564602
2023-08-15,0,0,0.0093492161865847,177.54713439941406,0.49041051356181664
2023-08-16,0,1,-0.0112633517863103,175.55857849121094,0.56928603061337
2023-08-17,0,1,-0.0049713966236389,174.68797302246094,0.5813113662553533
2023-08-18,1,1,-0.0146622513632463,172.1453399658203,0.5853635234466777
2023-08-21,1,1,0.0028121914307216,172.630126953125,0.587066067251215
2023-08-22,1,1,0.0077069197187791,173.96571350097656,0.5084504289885001
2023-08-23,1,0,0.0078738287250155,175.3408966064453,0.46399312381013696
2023-08-24,0,0,0.0217114986471303,179.18943786621094,0.483655535060952
2023-08-25,1,0,-0.0265189915684062,174.49996948242188,0.4941267341191351
2023-08-28,1,1,0.0125639408449994,176.70620727539062,0.5186910085930703
2023-08-29,1,1,0.0088071763865603,178.2693634033203,0.5056150392027945
2023-08-30,1,1,0.0215758526419361,182.157470703125,0.5304255103640007
2023-08-31,1,1,0.0189907892045197,185.64984130859372,0.5382567139198591
2023-09-01,1,0,0.0011716069336424,185.8674774169922,0.48406273068664735
2023-09-05,1,0,0.0084277236711967,187.44053649902344,0.4807299274689375
2023-09-06,0,0,0.0012659574977451,187.677978515625,0.4847625447685017
2023-09-07,0,1,-0.0364496250792465,180.9603576660156,0.520877277444424
2023-09-08,1,1,-0.0296856175168153,175.66738891601562,0.5064873876683275
2023-09-11,1,1,0.0034856762558673,176.28077697753906,0.5137773496222591
2023-09-12,0,0,0.0066006675166961,177.4481964111328,0.4671098189217092
2023-09-13,0,0,-0.0172078177406649,174.4208221435547,0.46975331630597095
2023-09-14,1,0,-0.0119255968108277,172.3531036376953,0.4901171628157351
2023-09-15,0,0,0.0087442229362579,173.86680603027344,0.4605180321502848
2023-09-18,1,1,-0.0041625726532851,173.1445770263672,0.5045491637565834
2023-09-19,1,0,0.016771806494798,176.07301330566406,0.49720093290846445
2023-09-20,0,0,0.0061619495377533,177.16131591796875,0.47085831359325686
2023-09-21,0,0,-0.0201948080568644,173.6194610595703,0.4730001806783097
2023-09-22,1,1,-0.0089293696997149,172.0760498046875,0.5057983155072693
2023-09-25,1,0,0.0049325811090383,172.9269256591797,0.48227755231502
2023-09-26,0,1,0.00735315595345,174.2031707763672,0.5046615655159576
2023-09-27,0,1,-0.0236766072243534,170.1270751953125,0.5331306985962028
2023-09-28,1,1,-0.0089372092990569,168.61338806152344,0.5323968229030279
2023-09-29,1,0,0.0015243238906887,168.87060546875,0.49532054149843563
2023-10-02,1,1,0.0030420550846724,169.38510131835938,0.5030397622050254
2023-10-03,0,0,0.0147265086652808,171.89801025390625,0.4662790883967527
2023-10-04,1,0,-0.0078002545251667,170.5623779296875,0.4870697958635746
2023-10-05,1,1,0.0072819900416169,171.80894470214844,0.5357836868286938
2023-10-06,1,1,0.0071722081796934,173.04562377929688,0.533313393412358
2023-10-09,1,1,0.0146429205934689,175.59815979003906,0.5526497844783886
2023-10-10,0,1,0.0084156525227045,177.08216857910156,0.5783777026106092
2023-10-11,1,1,-0.0033579053466941,176.48854064941406,0.5559478492366552
2023-10-12,1,1,0.0078729738445966,177.88351440429688,0.5245529300808319
2023-10-13,0,1,0.0050484073757492,178.7838134765625,0.5178732887551969
2023-10-16,0,1,-0.0103460136840921,176.9436492919922,0.5171736812471824
2023-10-17,0,1,-0.0007271416653658,176.81503295898438,0.535163276771199
2023-10-18,0,0,-0.0088236080736837,175.26174926757812,0.4860916733996819
2023-10-19,0,0,-0.0074223356108414,173.96571350097656,0.49649635120769825
2023-10-20,0,1,-0.0021632857879265,173.58978271484375,0.5880325511012952
2023-10-23,1,1,-0.0148133277582094,171.03729248046875,0.558654789980929
2023-10-24,1,1,0.0006938381566481,171.156005859375,0.5126745364978879
2023-10-25,0,0,0.0025399031367829,171.59127807617188,0.4999721588286685
2023-10-26,0,1,-0.0135833016260158,169.27626037597656,0.547153752766123
2023-10-27,1,1,-0.0249133885959587,165.11111450195312,0.5744914849657343
2023-10-30,1,1,0.0079376596742541,166.4269256591797,0.5348983909733629
2023-10-31,1,1,0.0122303543472015,168.47488403320312,0.5135421344498061
2023-11-01,1,0,0.0028146675498656,168.9497528076172,0.4948600120678438
2023-11-02,1,0,0.0185652634010112,172.1156463623047,0.4878506686700114
2023-11-03,0,1,0.0204821296226914,175.6772918701172,0.5427676516821247
2023-11-06,1,1,-0.0051945707825183,174.76708984375,0.5038812377981479
2023-11-07,1,1,0.0144994694247748,177.319580078125,0.5372583043637925
2023-11-08,1,1,0.0143473748590133,179.88198852539062,0.5041713440346383
2023-11-09,0,1,0.0058676860757789,180.94058227539065,0.508687672034696
2023-11-10,1,1,-0.0026280649284558,180.46568298339844,0.5060607881252207
2023-11-13,0,0,0.0229545244889483,184.65609741210932,0.45000511237541085
2023-11-14,1,0,-0.0086206110448662,183.0710906982422,0.47229737316691484
2023-11-15,1,0,0.014184521120805,185.68637084960932,0.4879411691329726
2023-11-16,1,0,0.0030362740256304,186.2510223388672,0.46095962147806613
2023-11-17,0,0,0.0090015297889152,187.9351348876953,0.4759549114990159
2023-11-20,1,0,-0.0001053112901618,187.91534423828125,0.48893258340577456
2023-11-21,0,0,0.0092353354774323,189.65884399414065,0.4920905048646824
2023-11-22,1,1,-0.0042397224431961,188.8564453125,0.5136927459741598
2023-11-24,0,0,0.003508370702096,189.5201873779297,0.493505960581237
2023-11-27,0,1,-0.0070289312560189,188.19273376464844,0.5162285965133864
2023-11-28,1,0,-0.0009481199536778,188.0143890380859,0.4855762572712075
2023-11-29,0,1,0.0032090905210736,188.61871337890625,0.5064069160094578
2023-11-30,1,0,-0.0054244658428446,187.59832763671875,0.494660545173803
2023-12-01,1,1,0.0030580848757721,188.1728973388672,0.5133704890584587
2023-12-04,0,0,0.0067683442957299,189.45083618164065,0.49316454004824084
2023-12-05,1,0,-0.0095098321967624,187.65773010253903,0.4836779294063291
2023-12-06,0,1,0.020844570203085,191.6104278564453,0.5410987540206675
2023-12-07,1,1,-0.0057031664227871,190.520751953125,0.5232919261458461
2023-12-08,1,1,0.0100881648040472,192.45248413085932,0.5288392872062395
2023-12-11,0,1,0.0073851116313267,193.8790283203125,0.6107031694905637
2023-12-12,1,1,-0.0130116646275726,191.3726806640625,0.5269330328792534
2023-12-13,1,1,0.0078888760970965,192.88836669921875,0.5488205152339567
2023-12-14,1,1,0.0165537703050932,196.10797119140625,0.5679292013156563
2023-12-15,0,1,0.0007573306437522,196.2565460205078,0.5769263909244232
2023-12-18,0,1,-0.0027293749930607,195.72161865234372,0.5429204414031421
2023-12-19,1,1,-0.0085397984562443,194.05731201171875,0.5812076810733348
2023-12-20,0,1,0.0053459924117096,195.09751892089844,0.5911742713121146
2023-12-21,0,1,-0.0107717093147563,193.00726318359372,0.5288862210706029
2023-12-22,0,1,-0.0007704017134843,192.8586273193359,0.5262878873036863
2023-12-26,0,1,-0.0055628754896459,191.78875732421875,0.5250487884197744
2023-12-27,1,1,-0.0028449856790645,191.243896484375,0.5098000521759397
2023-12-28,1,1,0.0005180827544672,191.3430023193359,0.5193629426657607
2023-12-29,0,1,0.0022236282007712,191.7689514160156,0.506038037305629
