Date,Actual,Predicted,Log_Return,Close,Proba_0,Proba_1,Proba_2
2016-03-16,0.0,-1.0,0.0004397687233668,37.2470703125,0.44623870230553836,0.21838829295480156,0.33537300846495044
2016-03-17,0.0,-1.0,0.0090056332584709,37.58401870727539,0.4420752977674993,0.2305677401474302,0.3273569658103607
2016-03-18,0.0,-1.0,0.0014779340542998,37.63960647583008,0.44101428685959587,0.23563456378312972,0.3233511568078551
2016-03-21,0.0,-1.0,-0.0040557468421973,37.48725891113281,0.4405453714895864,0.23368087894367467,0.325773749566739
2016-03-22,0.0,-1.0,0.0088957445908832,37.82222366333008,0.43750182445871055,0.2436330041881818,0.31886517135310766
2016-03-23,0.0,-1.0,-0.0027723075428674,37.71751403808594,0.44016377542002727,0.23832764053229796,0.32150858404767474
2016-03-24,0.0,-1.0,-0.0032814602390104,37.59394836425781,0.4414510037970506,0.23122430376812578,0.3273246887095333
2016-03-28,1.0,-1.0,-0.0035968107979182,37.4589729309082,0.44077813944677485,0.22209427418755942,0.33712758636566564
2016-03-29,1.0,-1.0,-0.0020688120062987,37.38155746459961,0.4440758999314815,0.20670094944907086,0.34922316924589913
2016-03-30,0.0,-1.0,0.0166015172409714,38.00732803344727,0.4339297371923275,0.22114158019918864,0.34492868260848386
2016-03-31,-1.0,-1.0,0.0031937045753806,38.12890625,0.43012560039017966,0.2296123817461307,0.3402620253142702
2016-04-01,0.0,-1.0,-0.0071053363827044,37.85894775390625,0.4092008616205708,0.22643073956314166,0.36436840626686806
2016-04-04,-1.0,-1.0,0.0088349595801047,38.19491195678711,0.4076032507838405,0.23404452259155384,0.358352219174025
2016-04-05,-1.0,-1.0,-0.0059293143710943,37.96911239624024,0.4079041477663242,0.22193152578944092,0.3701643338948155
2016-04-06,1.0,1.0,-0.0085975677238074,37.64406967163086,0.40286121763601795,0.19289671123069427,0.4042420785838683
2016-04-07,-1.0,-1.0,0.0124458307467314,38.115509033203125,0.42177027081817964,0.1821910163113205,0.39603871287049974
2016-04-08,1.0,1.0,-0.0104044764559222,37.72099304199219,0.4159717198841221,0.16232369017769926,0.4217045973887592
2016-04-11,1.0,1.0,-0.0008555151297223,37.68873596191406,0.41623556676524,0.1605252590843832,0.42323916669979617
2016-04-12,1.0,1.0,-0.0025444606219986,37.592960357666016,0.4130961887025651,0.15548224379715544,0.43142156004969884
2016-04-13,1.0,-1.0,0.0089100671964628,37.92941284179688,0.4249850020923185,0.15908341526212538,0.415931593821427
2016-04-14,1.0,-1.0,0.0098814524992924,38.30606842041016,0.42875022007679897,0.16849345170447536,0.40275633939459643
2016-04-15,1.0,-1.0,0.0044981657600271,38.478763580322266,0.4319420609199254,0.17535837930333772,0.3926995523261564
2016-04-18,-1.0,-1.0,0.0059278832607081,38.70753860473633,0.4283707288617214,0.19100320919874153,0.3806260619395369
2016-04-19,-1.0,-1.0,0.0097979552479918,39.08865737915039,0.42657791638675147,0.20613670241886228,0.36728537374380554
2016-04-20,-1.0,-1.0,-0.0146173002437025,38.52144241333008,0.4362870899956752,0.17841187565368127,0.38530103435064345
2016-04-21,-1.0,-1.0,-0.0017148501146847,38.45544052124024,0.44907623508936784,0.17078102150154736,0.3801427620355361
2016-04-22,-1.0,-1.0,0.0065341951103952,38.70753860473633,0.4529818679851415,0.1777268887931834,0.3692912469469654
2016-04-25,-1.0,1.0,-0.0556617732273614,36.61187362670898,0.41621922327542826,0.16317565187297184,0.4206051211263096
2016-04-26,-1.0,1.0,0.0060000413733795,36.83220672607422,0.3998510758820827,0.17996848816727895,0.42018042477476747
2016-04-27,-1.0,1.0,-0.0229502444365841,35.996524810791016,0.3835538127189529,0.18504331500263946,0.43140287972898805
2016-04-28,-1.0,1.0,-0.005404950156004,35.802490234375,0.3669249893886086,0.19966158165173914,0.433413428959652
2016-04-29,0.0,1.0,-0.0229941270721386,34.9886360168457,0.33770787708366634,0.2409639776914942,0.4213281452248394
2016-05-02,1.0,1.0,0.0039916689957939,35.12857818603516,0.2965498230851382,0.2821993823847814,0.4212508057059512
2016-05-03,0.0,1.0,0.0091825286078951,35.452632904052734,0.2973507984160936,0.2902262738936599,0.41242292769024647
2016-05-04,1.0,1.0,-0.008391854096631,35.15636444091797,0.2827091743337367,0.31128385690605564,0.4060069799360784
2016-05-05,1.0,1.0,0.0041273081650963,35.30176544189453,0.2741696335029585,0.3348954207002236,0.39093494579681776
2016-05-06,1.0,1.0,0.0046844199077385,35.46752166748047,0.2700058350207437,0.35066689397950285,0.3793272784503339
2016-05-09,0.0,0.0,0.0145427914909139,35.98708724975586,0.26902572686048204,0.37264181325039253,0.3583324673397059
2016-05-10,0.0,0.0,0.0054322289572075,36.18310928344727,0.27520632990373867,0.3797511430115136,0.3450425345353283
2016-05-11,-1.0,0.0,0.0139601307391526,36.6917724609375,0.2822947040022623,0.39532346586553796,0.3223818301321997
2016-05-12,0.0,0.0,-0.0120144612923456,36.25357818603515,0.28871484799089536,0.38031626595618434,0.33096887860233964
2016-05-13,-1.0,0.0,-0.0034004679077706,36.13050842285156,0.2942392846354651,0.3707882773633,0.3349724305506544
2016-05-16,0.0,1.0,-0.0044600672971467,35.969722747802734,0.3098816443584871,0.3328298171145031,0.3572885310764291
2016-05-17,-1.0,1.0,0.007518397874645,36.24117660522461,0.3364301660238168,0.3133702711860499,0.3501995553395527
2016-05-18,0.0,1.0,-0.0139405474227038,35.73945999145508,0.3749903871319319,0.22704456427097888,0.39796504114650855
2016-05-19,1.0,-1.0,0.002205406403033,35.81836700439453,0.41612696121448545,0.18975880154977304,0.39411422605987056
2016-05-20,1.0,-1.0,-0.0090044070341227,35.497291564941406,0.43393198431372054,0.15330165391875256,0.4127663543169462
2016-05-23,1.0,-1.0,0.0089073797797725,35.81489181518555,0.4395506328080645,0.15506395985938698,0.4053854147831291
2016-05-24,1.0,-1.0,-0.0061988630862643,35.59356689453125,0.43424972048699184,0.1575894850605296,0.40816079817776874
2016-05-25,1.0,-1.0,0.0217622174589286,36.376651763916016,0.45582702977016487,0.15742196889182922,0.3867510013380059
2016-05-26,1.0,-1.0,0.0068925660100824,36.62824630737305,0.4495811361006014,0.18083143564089021,0.3695874357090889
2016-05-27,1.0,-1.0,-0.0015863646868025,36.57018661499024,0.45404469825202654,0.182037907301412,0.3639174093477226
2016-05-31,-1.0,-1.0,0.0143752647639817,37.09968948364258,0.45294988225231236,0.19101227726656156,0.3560378404811261
2016-06-01,-1.0,-1.0,0.0016705041110973,37.16171646118164,0.45392657181412505,0.19313686744751574,0.35293657191423017
2016-06-02,-1.0,-1.0,-0.0005209882177777,37.14236068725586,0.45415389755305724,0.19335532367283959,0.35249078994997407
2016-06-03,-1.0,-1.0,-0.0056139599209325,36.93442916870117,0.4554239055148901,0.18516027267642027,0.3594158329845604
2016-06-06,0.0,-1.0,-0.0113638943936465,36.517086029052734,0.42279080303437244,0.19001723081578592,0.38719195869926104
2016-06-07,1.0,-1.0,-0.0079131958580117,36.2292594909668,0.41878319628431876,0.17192342877303518,0.40929337121735565
2016-06-08,1.0,1.0,0.0014099354154822,36.28037643432617,0.41475832805984925,0.17010132353413238,0.41514034468072797
2016-06-09,-1.0,-1.0,0.0160652069821861,36.86793518066406,0.41348678137742384,0.1773402965853204,0.4091729294878363
2016-06-10,-1.0,-1.0,-0.00055195376002,36.84759140014648,0.41771134299585827,0.17639999302410067,0.405888663980041
2016-06-13,-1.0,1.0,-0.0126450216185341,36.38458633422851,0.4154578844432003,0.16860874731624995,0.4159333607899691
2016-06-14,-1.0,1.0,-0.0017882406644462,36.319580078125,0.41002688152964145,0.16704547849408008,0.4229276362509881
2016-06-15,-1.0,1.0,0.0018701202979711,36.38756561279297,0.4096140457624996,0.16511525963540077,0.42527068342622876
2016-06-16,-1.0,1.0,-0.0014467232359358,36.3349609375,0.4007985182420675,0.16353073502637583,0.4356707541821372
2016-06-17,-1.0,1.0,-0.0109033294441649,35.940940856933594,0.39437310280539617,0.16055204117594477,0.4450748448427881
2016-06-20,1.0,1.0,-0.0280032112802197,34.94844055175781,0.38250706331347484,0.16895829300343349,0.44853464368309165
2016-06-21,-1.0,1.0,0.0026659771435452,35.0417366027832,0.3665377967854438,0.19051360817593907,0.44294859503861694
2016-06-22,-1.0,1.0,0.0038868489898211,35.17820358276367,0.3617654657834772,0.19457942109573959,0.44365511312078315
2016-06-23,-1.0,1.0,0.0022404453345874,35.25710678100586,0.37091027337306076,0.17792043562199047,0.4511692984555293
2016-06-24,-1.0,1.0,0.006173856512305,35.4754524230957,0.3736431569439388,0.1816960497755568,0.44466080445637524
2016-06-27,1.0,1.0,-0.0423899127795672,34.00307846069336,0.34281042602279493,0.2001885481019704,0.45700102960052474
2016-06-28,1.0,1.0,-0.0059428831208576,33.80160140991211,0.3238660787913172,0.22701796035549177,0.44911595712790064
2016-06-29,1.0,1.0,0.0147482498495407,34.303810119628906,0.32317515496339,0.22739132000131496,0.4494335250352949
2016-06-30,1.0,1.0,0.0056692797004067,34.49884033203125,0.3263212629446328,0.22993213183329908,0.44374660149677764
2016-07-01,1.0,1.0,0.0119252964516398,34.91271209716797,0.335839170536566,0.22646842391631122,0.4376924055471227
2016-07-05,1.0,1.0,0.009506515140535,35.246192932128906,0.34313433467845966,0.22695763878574782,0.42990801163463116
2016-07-06,1.0,1.0,-0.0075753942215424,34.98019790649414,0.3455006736173275,0.2258587045299443,0.4286406069515668
2016-07-07,1.0,1.0,0.0057715214082545,35.18267059326172,0.3502798560637889,0.2324115454653729,0.41730858356967687
2016-07-08,1.0,1.0,-0.002414837747031,35.09781265258789,0.3592582101173134,0.222012849603233,0.4187289253782923
2016-07-11,1.0,1.0,0.0147647957238993,35.619869232177734,0.37044183554854293,0.22682437217366547,0.4027337922777915
2016-07-12,1.0,-1.0,0.0130383294943733,36.08733367919922,0.3856394005471447,0.23343366571454072,0.3809269262877339
2016-07-13,1.0,-1.0,0.0072755230368851,36.35084533691406,0.3931792319733611,0.237809494700638,0.3690112658754204
2016-07-14,1.0,-1.0,-0.0041450417005289,36.20048141479492,0.39413066366673377,0.234722407622769,0.37114692125991666
2016-07-15,1.0,-1.0,0.0086264636857886,36.51411437988281,0.39675231236194397,0.2403375184554203,0.36291016173205515
2016-07-18,1.0,-1.0,-0.0002312229452421,36.505672454833984,0.3963875273627866,0.2430080687535759,0.3606043964330569
2016-07-19,0.0,-1.0,0.0236035714760729,37.377586364746094,0.3812948843195755,0.2714642579199237,0.34724085030992025
2016-07-20,0.0,-1.0,0.0002788867589367,37.38801193237305,0.3714505032313265,0.29318692666006807,0.33536257755918597
2016-07-21,0.0,0.0,0.0048591872017138,37.57012939453125,0.3438097663718682,0.34381546259095647,0.31237477103717526
2016-07-22,0.0,0.0,-0.0035328614745051,37.4376335144043,0.33422483169454814,0.3541284701821277,0.3116467055739049
2016-07-25,1.0,0.0,0.0064346911268386,37.6793098449707,0.32546574476876977,0.36778699339000953,0.3067472692918013
2016-07-26,1.0,0.0,-0.002320708500543,37.59196853637695,0.3275780687782752,0.35920686585816025,0.3132150728141452
2016-07-27,1.0,0.0,0.0001714803957463,37.59841537475586,0.3364073731786282,0.3382127511637517,0.3253798682070395
2016-07-28,1.0,-1.0,0.0056856995361058,37.81279754638672,0.34024115307646136,0.3306464041953874,0.32911244272815116
2016-07-29,1.0,-1.0,0.0050662387906373,38.00485229492188,0.3664006419373628,0.2908357392102786,0.34276361885235856
2016-08-01,1.0,0.0,0.0327543221921124,39.270286560058594,0.32075699447322004,0.39704653554689834,0.282196462529301
2016-08-02,0.0,0.0,0.012058276364444,39.74668502807617,0.3144796811486511,0.4279577033642962,0.2575626229376333
2016-08-03,0.0,0.0,-0.0010243882677874,39.70598983764648,0.3014189556379677,0.4414771681648505,0.2571038761971818
2016-08-04,0.0,0.0,-0.0015009307557916,39.64643859863281,0.30130588590194857,0.4414430664164156,0.2572510476816357
2016-08-05,1.0,0.0,-0.0020924253657341,39.563568115234375,0.31423791442787147,0.41573040332386696,0.2700316822482617
2016-08-08,0.0,0.0,0.012068786157727,40.0439453125,0.30358912086071665,0.4365694598451988,0.25984141929408444
2016-08-09,0.0,0.0,-0.0021091494394788,39.95957565307617,0.3071373886451936,0.4268703234970792,0.2659922878577272
2016-08-10,0.0,0.0,0.0027903319960243,40.071231842041016,0.30674295033046384,0.4237198834431847,0.26953716622635165
2016-08-11,0.0,0.0,0.0012500236500629,40.12135314941406,0.30798355797443605,0.4167360112659503,0.2752804307596137
2016-08-12,0.0,0.0,-0.0003586071190323,40.10696792602539,0.3076151048441139,0.40427914132134357,0.2881057612851232
2016-08-15,0.0,0.0,-0.0014239049547052,40.04990005493164,0.3298295712067999,0.35515873835974787,0.3150116904334521
2016-08-16,-1.0,-1.0,-0.0013517289450674,39.99580001831055,0.352810170630924,0.3028796898670377,0.34431013950203837
2016-08-17,0.0,1.0,-0.0059358482573063,39.75909423828125,0.35037090807445226,0.269017516444577,0.3806115829315513
2016-08-18,-1.0,1.0,0.0052655016880377,39.968997955322266,0.3545918815856069,0.26319499796517104,0.3822131129986414
2016-08-19,-1.0,1.0,-0.0033202814275051,39.83650970458984,0.35824218398191526,0.23541587428447006,0.406341934283034
2016-08-22,-1.0,1.0,-0.0038693337826337,39.68266677856445,0.3670819579215645,0.20904367230835874,0.423874362319496
2016-08-23,0.0,1.0,-0.0033820890308696,39.54868316650391,0.37468636171183917,0.18389838550453436,0.4414152490583362
2016-08-24,0.0,1.0,-0.0004519972494028,39.53081130981445,0.3730920942489502,0.1871273089840758,0.4397805930416836
2016-08-25,0.0,1.0,-0.0037605002183397,39.3824348449707,0.3798204776371251,0.1710687085031299,0.44911082131032554
2016-08-26,0.0,1.0,-0.0029024431640826,39.26829528808594,0.383985240820891,0.1619571088096917,0.45405765036941725
2016-08-29,0.0,1.0,0.0024235351388395,39.36357879638672,0.3927530024710464,0.16070645292384322,0.4465405557809813
2016-08-30,-1.0,1.0,0.0032724034393095,39.49260330200195,0.38487296656961967,0.16396353319443582,0.4511635002359444
2016-08-31,1.0,1.0,-0.0049124840709768,39.299072265625,0.3861006748016509,0.16151932508491573,0.4523800001134333
2016-09-01,1.0,1.0,-0.0026173767389369,39.19634628295898,0.38551997975559393,0.15943719646948257,0.45504281632434285
2016-09-02,1.0,1.0,0.0019604934501727,39.27326583862305,0.38536386038962683,0.16010870511223918,0.4545274270475532
2016-09-06,1.0,1.0,0.00688785748738,39.544708251953125,0.38414036692983405,0.13710481060702762,0.47875482246313833
2016-09-07,-1.0,1.0,0.0138952267196451,40.098026275634766,0.4011804412029098,0.15584190171241818,0.44297765335938166
2016-09-08,-1.0,1.0,-3.691278584162475e-05,40.0965461730957,0.40237548283256264,0.15378403283559086,0.443840491782427
2016-09-09,-1.0,1.0,-0.0063943476475941,39.84097290039063,0.4115043278627247,0.1434601372058884,0.44503553865667717
2016-09-12,1.0,1.0,-0.0180484072094198,39.12835693359375,0.42254814900357124,0.13641206350141802,0.4410397986708816
2016-09-13,-1.0,1.0,0.013028682809503,39.641483306884766,0.4130131492646665,0.152173461786008,0.4348133926746157
2016-09-14,1.0,1.0,-0.0127242619940677,39.1402702331543,0.4084375701600017,0.15265712887715716,0.4389052935122605
2016-09-15,1.0,1.0,0.002203530121036,39.22661209106445,0.40685710867920033,0.1543985447207213,0.4387443577759493
2016-09-16,1.0,1.0,0.0135330947646654,39.761077880859375,0.40822625761827136,0.15867448814773433,0.4330992616845748
2016-09-19,1.0,1.0,-0.0040772327185424,39.59929275512695,0.41011245897600546,0.1568318120551355,0.43305573641943956
2016-09-20,1.0,1.0,-0.0032382511536491,39.47126770019531,0.4114920934246633,0.15496270749364735,0.43354520653226986
2016-09-21,1.0,1.0,0.0055040227772695,39.68911743164063,0.41433346024986184,0.15303969630495934,0.43262685089575936
2016-09-22,1.0,1.0,0.0065428764809786,39.949649810791016,0.42028645783026275,0.15719784982223345,0.42251569607279404
2016-09-23,-1.0,-1.0,0.0134736033049874,40.49155807495117,0.41830217776601375,0.1836312513334511,0.3980665709005352
2016-09-26,-1.0,-1.0,-0.0012140633161342,40.44242858886719,0.42378454892578665,0.17708052689277434,0.399134924181439
2016-09-27,0.0,1.0,-0.0152202154025026,39.83154678344727,0.4160032436142195,0.16488914539790087,0.41910760353729903
2016-09-28,-1.0,-1.0,0.0100162293909931,40.232513427734375,0.4149588010484808,0.173220281498766,0.4118209100021724
2016-09-29,-1.0,-1.0,-0.0008266654755635,40.19926834106445,0.41492153502693796,0.17174461102920768,0.4133338464932737
2016-09-30,0.0,1.0,-0.0092021099628958,39.83104705810547,0.40928711222303416,0.16352388184476163,0.4271889873057526
2016-10-03,0.0,1.0,0.0017675365481683,39.901512145996094,0.4102031241806052,0.15995000262268141,0.4298468657461327
2016-10-04,1.0,1.0,-0.0045872035666963,39.718894958496094,0.4152826465689259,0.15495468197904702,0.4297626751773173
2016-10-05,1.0,1.0,0.0030065006491821,39.8384895324707,0.41370991989047023,0.15432168099880472,0.43196840656130564
2016-10-06,1.0,1.0,-0.0019450275555954,39.761077880859375,0.413146901527304,0.15379506897185963,0.4330580369514169
2016-10-07,1.0,1.0,0.0023061466726296,39.85287857055664,0.42163974340625265,0.15157463415596148,0.42678561871249554
2016-10-10,1.0,1.0,-0.0029554908012755,39.73526763916016,0.4139762942141759,0.15382758794013313,0.4321961252962715
2016-10-11,-1.0,1.0,0.0166705545980379,40.403228759765625,0.41769597465406305,0.16225532287017896,0.4200487099263385
2016-10-12,1.0,-1.0,-0.0056660433136942,40.174949645996094,0.42872405044353223,0.1556914672482861,0.4155844785828914
2016-10-13,-1.0,-1.0,0.0027137496164815,40.284122467041016,0.4327810466712467,0.15488620856449503,0.4123327373136777
2016-10-14,1.0,-1.0,-0.0095182342731625,39.90250778198242,0.427608243852836,0.15101229150788636,0.42137946091398715
2016-10-17,1.0,-1.0,0.0006464323877086,39.92831039428711,0.42913622910755966,0.15086050305917048,0.42000326410797945
2016-10-18,1.0,-1.0,0.0027801284075859,40.03947067260742,0.42900657297483613,0.1494653709808897,0.42152805231898394
2016-10-19,1.0,-1.0,0.0179944282587954,40.7664794921875,0.431307768751312,0.1723613594139153,0.3963308792853532
2016-10-20,0.0,-1.0,0.0064913801262339,41.0319709777832,0.4311552709644661,0.18872281147032416,0.38012192501579023
2016-10-21,1.0,-1.0,-0.0063209021728215,40.77342987060547,0.4397230386297848,0.17342596177965341,0.3868510070411424
2016-10-24,1.0,-1.0,0.0029531101706522,40.89401626586914,0.42783777018045877,0.17731892785076453,0.3948433094193573
2016-10-25,-1.0,-1.0,0.014074120620512,41.4736328125,0.4262105429811964,0.21114925736280243,0.3626401922054204
2016-10-26,-1.0,-1.0,-0.0086402781897524,41.1168327331543,0.43139890170205064,0.191716245572052,0.37688483782473614
2016-10-27,-1.0,-1.0,-0.0078151935269549,40.79674911499024,0.43337333267094547,0.17741269495273954,0.38921398727747614
2016-10-28,-1.0,-1.0,-0.0057946131687223,40.561031341552734,0.44459518447168433,0.16398606768864654,0.39141874038908836
2016-10-31,-1.0,-1.0,0.0027004281472482,40.670711517333984,0.43977579846034653,0.1643385586202904,0.3958856503699436
2016-11-01,-1.0,-1.0,-0.0118571997710196,40.19131851196289,0.4321011263455744,0.15581994598924578,0.4120789276651797
2016-11-02,-1.0,1.0,-0.0054722800068088,39.971981048583984,0.4228024057257212,0.149019085748548,0.42817849734985985
2016-11-03,1.0,1.0,-0.0214073360444018,39.12538146972656,0.39747217468194135,0.16381391558499175,0.4387139171836474
2016-11-04,1.0,1.0,-0.0079333138672641,38.81621551513672,0.3799524630463601,0.1864069007648235,0.4336406287382357
2016-11-07,1.0,1.0,-0.0013943268761733,38.76213073730469,0.36647058626931056,0.18864561492618453,0.44488380252979504
2016-11-08,-1.0,1.0,0.0264426875556258,39.800777435302734,0.38940961162886767,0.18381398273976007,0.42677639445550125
2016-11-09,-1.0,-1.0,0.0123295403107415,40.29454040527344,0.4092973361540513,0.18336064542085403,0.40734202587567525
2016-11-10,-1.0,-1.0,-0.0079005985257327,39.97744369506836,0.42242931892644187,0.16772095862981865,0.4098497298943201
2016-11-11,-1.0,1.0,-0.0319092435867947,38.72193145751953,0.40143869844116903,0.17819836631959574,0.42036295014039626
2016-11-14,-1.0,1.0,-0.0110049733891585,38.298133850097656,0.38522510360413487,0.18860387980964766,0.426171024036798
2016-11-15,1.0,1.0,-0.0243033038559701,37.37858200073242,0.3496069376829226,0.2388796266920553,0.4115134318997317
2016-11-16,0.0,1.0,0.0287119631018474,38.46735000610352,0.3475674878649482,0.2538930236327296,0.39853949595290283
2016-11-17,0.0,1.0,0.0061989235545927,38.70654678344727,0.3521366158634912,0.25399405883212556,0.3938693327549639
2016-11-18,0.0,1.0,0.0078920499683044,39.01322937011719,0.3647398963293409,0.251308973874215,0.3839511260711538
2016-11-21,0.0,1.0,-0.0130464958084873,38.50754928588867,0.3680672693773319,0.24019358100535437,0.3917391570678943
2016-11-22,0.0,-1.0,0.0113150814081035,38.94573974609375,0.3951406357065427,0.21566584095479935,0.38919352333865787
2016-11-23,0.0,-1.0,0.0002546350447205,38.955657958984375,0.4106693510631,0.20222693275144232,0.38710373108661883
2016-11-25,-1.0,-1.0,-0.0076726282920739,38.65790939331055,0.4179048601910695,0.19057616852208392,0.39151898618800773
2016-11-28,-1.0,-1.0,0.0015780020137121,38.71895980834961,0.4246277919334486,0.18404767560935245,0.39132454735836003
2016-11-29,-1.0,-1.0,0.0071004860808261,38.9948616027832,0.43994251963247544,0.18281427926717675,0.3772432122762187
2016-11-30,-1.0,-1.0,0.0046344946023476,39.176002502441406,0.45058835456647983,0.18164454963343912,0.3677670883495004
2016-12-01,0.0,-1.0,-0.0173259820115694,38.50308609008789,0.443323098477594,0.16904489281783475,0.38763202360573246
2016-12-02,1.0,-1.0,-0.0149983456782222,37.92991256713867,0.4298923793819039,0.1661504565086436,0.4039571752853234
2016-12-05,1.0,-1.0,0.0001701537975202,37.93636703491211,0.4252570642602812,0.16490459039890518,0.4098383565166845
2016-12-06,1.0,-1.0,0.0178394007334017,38.61920166015625,0.43100057673850445,0.1753787915985226,0.393620620487102
2016-12-07,1.0,-1.0,-0.0026248905769132,38.51796340942383,0.43529718462221156,0.17181678458858257,0.39288601961333497
2016-12-08,1.0,-1.0,0.0195077977799054,39.27674102783203,0.45835334059980676,0.1792052095167114,0.36244144988348176
2016-12-09,1.0,-1.0,0.0046638589036554,39.46035003662109,0.4624233864828327,0.18876385785219926,0.3488127631155485
2016-12-12,0.0,-1.0,0.0177990557621316,40.16899490356445,0.4595352699518026,0.20182542601302808,0.3386393077604596
2016-12-13,0.0,-1.0,-0.0019167344510219,40.09207534790039,0.45916008472141,0.20931131178169415,0.33152860722218613
2016-12-14,0.0,-1.0,0.0091668895018079,40.46128463745117,0.45635728724222957,0.21569733580737466,0.3279453806756861
2016-12-15,0.0,-1.0,0.0031227698212081,40.587833404541016,0.455091466305263,0.22382110922109713,0.321087413297769
2016-12-16,0.0,-1.0,-0.0027427043628013,40.47666549682617,0.45273248385470966,0.22883689981082508,0.31843062378504583
2016-12-19,0.0,-1.0,-0.00714857292909,40.18834686279297,0.45243106519498416,0.2239745232749648,0.3235944189806316
2016-12-20,0.0,-1.0,0.0032792457598764,40.320350646972656,0.45191215383257954,0.21899021181871525,0.32909764179928575
2016-12-21,-1.0,-1.0,0.0033175627605912,40.45433807373047,0.4518193377528634,0.22083854474767284,0.32734212495004444
2016-12-22,-1.0,-1.0,-0.0036867980644757,40.30546569824219,0.4501604941719097,0.21886880251667584,0.3309707107619951
2016-12-23,-1.0,-1.0,-0.00310755949111,40.1804084777832,0.4476983652840305,0.21165638234247383,0.34064524864820533
2016-12-27,-1.0,-1.0,-0.0023244384208152,40.08712005615234,0.44514584864934414,0.20686316049393824,0.3479909945820079
2016-12-28,-1.0,-1.0,0.0026332280736801,40.19281768798828,0.4394945220759021,0.20593084938994138,0.35457462480886615
2016-12-29,-1.0,-1.0,-0.0066399699689929,39.92682266235352,0.43092913499278007,0.1970519138794308,0.37201895485307934
2016-12-30,-1.0,-1.0,-0.0021026090935331,39.842960357666016,0.4318065811522464,0.18419180839959243,0.3840016104481611
2017-03-16,-1.0,-1.0,0.0028598486719781,43.09389114379883,0.5095420672929935,0.132263073556833,0.35819485169959286
2017-03-17,-1.0,-1.0,0.0018523473920984,43.173789978027344,0.4965280843330002,0.12989179168682163,0.3735801370186942
2017-03-20,-1.0,-1.0,0.002720336200207,43.29139709472656,0.5433433854653569,0.14419388197565827,0.31246273628427523
2017-03-21,-1.0,-1.0,-0.0051256476196832,43.070068359375,0.4957087828625556,0.13782079077469817,0.3664704151868755
2017-03-22,-1.0,-1.0,-0.0206868662198657,42.188236236572266,0.517202152209744,0.10691717739651728,0.37588067411902915
2017-03-23,-1.0,-1.0,-0.000399921070209,42.17136764526367,0.4828799453291923,0.11123691772278313,0.4058831350853793
2017-03-24,1.0,1.0,-0.0120158501630094,41.66767501831055,0.4328132257238699,0.11762480418717519,0.44956197381424523
2017-03-27,1.0,1.0,-0.0053859301572073,41.4438591003418,0.3872922078004477,0.1372463328429736,0.4754614556312885
2017-03-28,1.0,1.0,0.0040273134613819,41.61110305786133,0.39729475689796195,0.1558785043644503,0.4468267238364265
2017-03-29,1.0,1.0,0.0025249307503899,41.71630096435547,0.40769621663247446,0.13027334698402415,0.46203044010879174
2017-03-30,0.0,1.0,0.0109318486308672,42.17483901977539,0.39432607846953877,0.1279585108894986,0.47771541250360783
2017-03-31,0.0,1.0,-0.0004590466097047,42.15548324584961,0.4092450624176399,0.12773783111750042,0.4630171064648598
2017-04-03,1.0,-1.0,-0.0019796418192286,42.072113037109375,0.4563323378265072,0.12044131243378572,0.42322635905293293
2017-04-04,-1.0,1.0,0.0105014265582311,42.516258239746094,0.43224996174870367,0.13309381747404406,0.4346562133266718
2017-04-05,-1.0,1.0,-0.0048908222718096,42.3088264465332,0.423543738234779,0.12771045894544306,0.4487458009571329
2017-04-06,-1.0,-1.0,-0.0043020888513368,42.127201080322266,0.4676646710513608,0.12096271437173312,0.4113726220274867
2017-04-07,0.0,-1.0,-0.0044983061682737,41.93812561035156,0.44381321705387305,0.12576862225496444,0.4304181606911626
2017-04-10,1.0,1.0,-0.0035561254736157,41.78925323486328,0.4333966005611376,0.12325319061287104,0.4433502255897978
2017-04-11,1.0,1.0,-0.0004752470129827,41.7693977355957,0.434426172729643,0.12170040395942953,0.44387344007473384
2017-04-12,1.0,1.0,-0.0021646124443392,41.679080963134766,0.4357919040346683,0.12069610341233257,0.443511988827709
2017-04-13,1.0,-1.0,0.0018796298469003,41.75749588012695,0.44838291101242944,0.11540768210523991,0.43620941060762103
2017-04-17,1.0,-1.0,-0.0015224697462962,41.6939697265625,0.4511185281910787,0.11405464917375581,0.4348268151845849
2017-04-18,1.0,1.0,0.0176375141751652,42.43587112426758,0.4185293744752466,0.10917226834391751,0.47229835159290046
2017-04-19,1.0,1.0,-0.0013340959144477,42.37929534912109,0.41675542812331134,0.10127819448928,0.4819663745934408
2017-04-20,1.0,-1.0,0.0029465583538493,42.50435256958008,0.47955677111395767,0.11240343499352781,0.4080398069310306
2017-04-21,1.0,-1.0,0.0041593429672459,42.68151092529297,0.5598522658637697,0.11741936540348946,0.32272837059538606
2017-04-24,1.0,-1.0,-0.0013147786399283,42.625431060791016,0.5253552911227558,0.12753702868884353,0.34710767273782006
2017-04-25,1.0,-1.0,0.022994548151231,43.61693954467773,0.4812511555142204,0.23574487296053442,0.28300397152524526
2017-04-26,1.0,-1.0,0.0112121326460203,44.10873031616211,0.48487349665836704,0.28619707209250067,0.2289294275238421
2017-04-27,1.0,-1.0,0.0003374899041226,44.12361907958984,0.4176347952804953,0.3410064293554531,0.2413587865399224
2017-04-28,1.0,-1.0,0.0025833006176649,44.23775100708008,0.41291596876820436,0.3511686882820544,0.23591533177387042
2017-05-01,1.0,0.0,0.0364365778939483,45.87934875488281,0.31093145886808693,0.5214307122859416,0.16763784002184234
2017-05-02,1.0,0.0,0.0089374948377453,46.29123306274414,0.2680524858841328,0.5515837661449147,0.1803637479709526
2017-05-03,1.0,0.0,0.0045672338875708,46.50313949584961,0.34145759745220217,0.5067440663038723,0.15179833251863523
2017-05-04,0.0,0.0,0.0120497271471226,47.06687927246094,0.36408865629674825,0.4958261833224564,0.14008515479285993
2017-05-05,0.0,0.0,0.0065888807490186,47.378021240234375,0.42441714369217076,0.45519095863403836,0.12039190302889573
2017-05-08,0.0,0.0,-0.0046613005002516,47.157691955566406,0.33155513032216016,0.5524220172727143,0.11602286637496408
2017-05-09,0.0,0.0,0.0088110171139369,47.57503509521485,0.3147172060786697,0.5729956212921992,0.11228717356045373
2017-05-10,0.0,0.0,-0.0020674831107193,47.47677612304688,0.3112037528557377,0.5803497745896722,0.10844647348591263
2017-05-11,-1.0,0.0,-0.0019565556444575,47.383975982666016,0.28222936210483496,0.6112855945752921,0.10648504983913107
2017-05-12,-1.0,0.0,0.0010990281358375,47.43608093261719,0.33436782529062903,0.5641986996332554,0.10143346273609138
2017-05-15,-1.0,0.0,-0.0007847818538381,47.398868560791016,0.32885075822779825,0.5624331711883586,0.10871608012989964
2017-05-16,-1.0,0.0,0.0042624997810399,47.60133743286133,0.3425910573032895,0.545762390837173,0.11164655325652138
2017-05-17,-1.0,0.0,0.0056034191224299,47.86881637573242,0.33834372873216334,0.5396746194536771,0.12198164529490152
2017-05-18,1.0,0.0,-0.0235380756405899,46.75523376464844,0.30320445199620766,0.43687142666669565,0.2599241213370967
2017-05-19,1.0,0.0,0.0088023383782741,47.16860580444336,0.33840299876019625,0.35780930379728987,0.30378769744251377
2017-05-22,1.0,-1.0,0.0043566218105765,47.374549865722656,0.4199090880824404,0.29969774131671423,0.28039316687555516
2017-05-23,1.0,-1.0,0.0098191318484115,47.842018127441406,0.5190432289315539,0.21309452217319028,0.267862237719385
2017-05-24,1.0,-1.0,0.0066991160762466,48.16359329223633,0.5371271932619208,0.20245280864372978,0.2604200055449301
2017-05-25,1.0,-1.0,0.0072477469634538,48.513938903808594,0.5529988032796856,0.21236006844374208,0.2346411320018626
2017-05-26,0.0,-1.0,0.014471156144162,49.22109603881836,0.49317148199747424,0.310591831747191,0.1962366955685606
2017-05-30,1.0,-1.0,0.0014205962007149,49.29106903076172,0.5001868232886116,0.3127126246837517,0.18710055761557232
2017-05-31,-1.0,-1.0,0.0029154082238114,49.43498229980469,0.543271927877603,0.2793802416809058,0.17734782671620095
2017-06-01,1.0,-1.0,-0.0091565582129017,48.98439407348633,0.5533884198746095,0.20291184877434826,0.24369973507633258
2017-06-02,1.0,-1.0,0.0012148246506908,49.04393768310547,0.5661556822381184,0.18000372620828076,0.2538405747897946
2017-06-05,-1.0,-1.0,0.0078916516079825,49.4325065612793,0.5773913084860598,0.2032800380758959,0.2193286702018508
2017-06-06,-1.0,-1.0,0.0077599517810233,49.81759262084961,0.554979629622864,0.22980106645696968,0.21521929088165032
2017-06-07,-1.0,-1.0,-0.0071980819146014,49.46028900146485,0.5316847411766206,0.18938075893083162,0.2789344924419672
2017-06-08,-1.0,-1.0,0.0048244813348564,49.699485778808594,0.5499097613643417,0.19968129529620152,0.2504089601032633
2017-06-09,-1.0,-1.0,0.0027720851798751,49.83744812011719,0.5526864231528635,0.20285094292366773,0.24446262274759795
2017-06-12,-1.0,-1.0,-0.0346064212786866,48.14225387573242,0.4461320929387064,0.13251401767426121,0.42135388566174214
2017-06-13,0.0,-1.0,-0.0086029263090424,47.72986602783203,0.4596879177062907,0.13779196723894077,0.40252009922228493
2017-06-14,-1.0,-1.0,0.0089943647838705,48.16110229492188,0.42915871939395817,0.14437391559167817,0.42646735570113803
2017-06-15,0.0,-1.0,-0.0026515612880324,48.0335693359375,0.44984362087255075,0.14391866992227212,0.4062377064112095
2017-06-16,1.0,-1.0,-0.0080389209111722,47.64897918701172,0.4620011095899213,0.1380766006688403,0.3999222878785934
2017-06-19,1.0,-1.0,-0.0016261050147947,47.57155990600586,0.4677969192107736,0.13469093634221194,0.3975121393247405
2017-06-20,0.0,-1.0,0.0171684256810488,48.39533996582031,0.43236660859678877,0.14116120616430824,0.4264721815136128
2017-06-21,1.0,-1.0,-0.0064088341910645,48.08617401123047,0.46722069275457334,0.12925281787124054,0.40352649263381524
2017-06-22,-1.0,-1.0,0.0098585059749112,48.56257629394531,0.44794288252309555,0.1295137022154468,0.42254343016261897
2017-06-23,-1.0,-1.0,-0.0020151648948694,48.46481323242188,0.4662770754227815,0.125990027163976,0.40773289461927487
2017-06-26,-1.0,-1.0,0.0096500474804021,48.93476486206055,0.4891659445721709,0.13471194551978483,0.37612210152614134
2017-06-27,-1.0,-1.0,-0.0142991782358122,48.24001693725586,0.45062754859801857,0.121382141693717,0.42799031250223224
2017-06-28,-1.0,-1.0,-0.0249991340844136,47.04900741577149,0.4316462945253835,0.15666049996084536,0.41169321296435174
2017-06-29,-1.0,-1.0,0.013535453605568,47.69016647338867,0.4526416285542584,0.13600070701261072,0.41135767281503416
2017-06-30,-1.0,1.0,-0.0244267339120896,46.539363861083984,0.3845860687768739,0.18241933849531414,0.43299459645310245
2017-07-03,1.0,1.0,-0.0087176317997437,46.13541412353515,0.3592376676527174,0.19041199407810844,0.4503503419944646
2017-07-05,1.0,1.0,-0.0110538960182673,45.62824630737305,0.3388283606856507,0.20817055727977854,0.4530010820345709
2017-07-06,1.0,1.0,0.0138251197229561,46.26344299316406,0.3584977123280706,0.21907816179076575,0.42242413333174444
2017-07-07,1.0,1.0,-0.0049140619201297,46.036659240722656,0.3507448558614365,0.21726523672020012,0.4319899148689441
2017-07-10,1.0,1.0,0.0140436730129725,46.687744140625,0.36168132886418375,0.2073762707922346,0.4309423928930012
2017-07-11,1.0,1.0,0.0107727118239562,47.19341659545898,0.3818443372571114,0.22136830439626096,0.39678735089604716
2017-07-12,1.0,1.0,0.0026568624461877,47.3189697265625,0.37909553573608035,0.23314965046188285,0.3877548138020369
2017-07-13,1.0,-1.0,0.0147099087088035,48.02017211914063,0.4556887091179281,0.21283965171517716,0.3314716466174755
2017-07-14,1.0,-1.0,0.0012289675838693,48.0792236328125,0.4957664769151061,0.2201004052429653,0.28413311784192874
2017-07-17,1.0,-1.0,0.0082849014914802,48.47920989990234,0.4832743823678718,0.28918163436123534,0.22754397209502217
2017-07-18,1.0,-1.0,-0.0009728905368139,48.43206787109375,0.44830637843762167,0.3312637520107343,0.22042986582635382
2017-07-19,-1.0,0.0,0.0111977057240891,48.97744369506836,0.39246072557879164,0.42071292444455444,0.18682634625136385
2017-07-20,-1.0,0.0,0.0058796477436359,49.26626205444336,0.39536378940494965,0.423520708332932,0.18111550785005404
2017-07-21,-1.0,0.0,-0.0005845366412481,49.23747253417969,0.3964483328811023,0.4221366024829464,0.18141505346008052
2017-07-24,-1.0,0.0,0.0016617074477048,49.3193588256836,0.3941996351900029,0.4212633231475217,0.18453704538776577
2017-07-25,-1.0,0.0,0.0044876350688733,49.54118347167969,0.4011495144012378,0.4154321881283283,0.18341829933307924
2017-07-26,-1.0,-1.0,-0.0297684481420537,48.08815383911133,0.4859139535162127,0.26397466920960044,0.2501113809994773
2017-07-27,-1.0,-1.0,-0.0038461079953908,47.90355682373047,0.5151279570934075,0.21195057579352305,0.27292146525042443
2017-07-28,-1.0,-1.0,-0.0133487654465382,47.26835250854492,0.3820684185894822,0.27321100059808223,0.34472056963656483
2017-07-31,-1.0,-1.0,0.0060915931112465,47.55717086791992,0.36625843040095407,0.27599333303041174,0.3577482514697955
2017-08-01,0.0,1.0,-0.0134782744360666,46.92048263549805,0.38615255945719495,0.21690861675304227,0.3969388163391822
2017-08-02,0.0,1.0,0.0011204360056963,46.97308349609375,0.38777610470973967,0.2066351435675879,0.40558875917325315
2017-08-03,0.0,1.0,0.001140435101623,47.02668380737305,0.38153342876483803,0.2007452148250924,0.41772136013536
2017-08-04,-1.0,1.0,-0.0077757594131917,46.66243362426758,0.40110711303109536,0.16682977721286885,0.4320631209319068
2017-08-07,-1.0,1.0,0.005821753708296,46.93488311767578,0.40860828991733367,0.16059067040919014,0.43080103967347627
2017-08-08,-1.0,1.0,-4.258972859935806e-05,46.932884216308594,0.41114504505900806,0.16017042440413712,0.428684530536855
2017-08-09,-1.0,1.0,-0.0016506921327771,46.85547637939453,0.4209295782534169,0.15234146432730758,0.4267289592819208
2017-08-10,-1.0,-1.0,-0.0043625521493052,46.651512145996094,0.4326386262759819,0.14903828998432622,0.4183230744264662
2017-08-11,1.0,1.0,-0.0176966538237847,45.83319854736328,0.3978987232358503,0.15064151372845025,0.4514597518598287
2017-08-14,1.0,1.0,0.0070131957985459,46.15576553344727,0.40900887559561117,0.15771923026787085,0.4332718866859375
2017-08-15,-1.0,-1.0,0.0094593471373675,46.59444046020508,0.4354885301427468,0.17037985948573386,0.39413160292093874
2017-08-16,-1.0,-1.0,-0.0009054851514438,46.5522689819336,0.44027472658037015,0.16957141459863823,0.39015384764512073
2017-08-17,-1.0,-1.0,0.0065768152865971,46.85944366455078,0.44147417046373383,0.17608016850045968,0.382445653585226
2017-08-18,1.0,1.0,-0.0177467755055215,46.03517532348633,0.4228741647433893,0.1469692704661215,0.43015657596636014
2017-08-21,1.0,1.0,-0.001596836687637,45.96172332763672,0.4336137698070077,0.13135962090296194,0.43502661674061105
2017-08-22,1.0,1.0,-0.0057496163903129,45.698219299316406,0.4219444273240779,0.10643440924866177,0.4716211718091635
2017-08-23,-1.0,-1.0,0.02098644194069,46.66739654541016,0.4936853885002988,0.11778383467996006,0.3885307824076766
2017-08-24,-1.0,-1.0,0.0023155268638879,46.77558135986328,0.507148080926856,0.1255788942490787,0.36727303413729123
2017-08-25,-1.0,1.0,-0.0060548598845862,46.49321746826172,0.4096212261409162,0.12232146773521778,0.4680573005359306
2017-08-28,1.0,1.0,-0.0068438911354011,46.17610931396485,0.42286854989067857,0.11151860102432762,0.4656128546729294
2017-08-29,1.0,1.0,-0.0025502573942035,46.05849838256836,0.3878325910889219,0.10528833141250546,0.506879081223863
2017-08-30,1.0,1.0,0.0081764645759642,46.43663787841797,0.43219486959743486,0.1182519544741922,0.4495531852415987
2017-08-31,1.0,-1.0,0.008385777255286,46.82768249511719,0.4600411901210696,0.11534992431282888,0.42460887811552106
2017-09-01,-1.0,-1.0,0.0122285240277857,47.4038314819336,0.42055097206530023,0.2248990824581748,0.3545499417512348
2017-09-05,-1.0,-1.0,-0.0034080910321795,47.24254989624024,0.5027063876336955,0.19608150667488833,0.3012121056914165
2017-09-06,0.0,-1.0,-0.0111015371774582,46.720985412597656,0.4640511854923286,0.16489787835366806,0.37105093987929383
2017-09-07,0.0,-1.0,0.000573497712545,46.74778747558594,0.46570596596845376,0.15877688407367535,0.375517149957871
2017-09-08,-1.0,-1.0,0.0083196737399557,47.13833618164063,0.47508133153633203,0.19157646100974215,0.33334221490450655
2017-09-11,0.0,-1.0,-0.0089675559807819,46.71751022338867,0.44936968189951004,0.15227059373272817,0.3983597355436328
2017-09-12,-1.0,-1.0,0.0019951154122974,46.81081008911133,0.46322514215354227,0.12764887242156775,0.40912598728753513
2017-09-13,-1.0,-1.0,0.0035557589453817,46.97755432128906,0.47731651125793184,0.12302362925408251,0.3996598613506309
2017-09-14,-1.0,-1.0,0.0039954557109895,47.165626525878906,0.4870732838506262,0.13237506373882366,0.38055165241055033
2017-09-15,-1.0,-1.0,-0.0109068851129881,46.65399169921875,0.49021723056691596,0.11781348332234415,0.3919692786601593
2017-09-18,1.0,1.0,-0.0051614306167771,46.41381072998047,0.4016487508822319,0.1024852682645042,0.49586597712797365
2017-09-19,1.0,1.0,-0.0059408796437017,46.13888931274414,0.3593899414966837,0.09664170305490055,0.5439683582423834
2017-09-20,1.0,1.0,0.0076180151454792,46.49171829223633,0.33390865961942473,0.08646971910862777,0.5796216119587219
2017-09-21,-1.0,1.0,0.0113353648533357,47.0217170715332,0.37005010067357164,0.10032427675472691,0.5296256146554597
2017-09-22,-1.0,1.0,1.054636156206134e-05,47.02221298217773,0.3969647764373201,0.10626935613436131,0.4967658646343509
2017-09-25,-1.0,1.0,-0.004537809445495,46.80931854248047,0.3970030705895872,0.10517954254833994,0.49781739245000833
2017-09-26,1.0,1.0,-0.0095656999300483,46.36368942260742,0.351475869760536,0.08872615985755207,0.5597979810921215
2017-09-27,1.0,1.0,0.0033658221633123,46.52000427246094,0.3480344493567955,0.08740382731034646,0.564561721470213
2017-09-28,1.0,-1.0,0.0236870922293491,47.63508224487305,0.4331292996174967,0.15816717428462454,0.40870353168581436
2017-09-29,1.0,-1.0,0.0051020194844379,47.87873840332031,0.43356375574261974,0.24374403360516989,0.3226922032016298
2017-10-02,1.0,-1.0,0.0091926473174175,48.320899963378906,0.42608633140543317,0.2915234607324585,0.2823902227632697
2017-10-03,1.0,-1.0,-0.0064393970807287,48.0107421875,0.5113854477041724,0.24143417991337504,0.2471803723824527
2017-10-04,1.0,-1.0,0.0047538419598967,48.23952102661133,0.48744371040309553,0.2736073742596329,0.2389489153372717
2017-10-05,1.0,-1.0,-0.0054672851801779,47.97650146484375,0.4839609486490295,0.2391557569500099,0.2768832944009609
2017-10-06,1.0,0.0,0.0188635545615666,48.890098571777344,0.3501987716473231,0.4415554177093046,0.2082458106433724
2017-10-09,1.0,0.0,0.0085405857302559,49.3094367980957,0.3223788859114233,0.45714375245795985,0.22047736163061693
2017-10-10,1.0,0.0,-0.0013394211820749,49.24343490600586,0.3949547506206716,0.40467263884383464,0.20037261426078426
2017-10-11,1.0,0.0,-0.0045553740240791,49.019622802734375,0.39294277967918745,0.4129257570471184,0.19413146327369432
2017-10-12,0.0,-1.0,0.0179091279605303,49.90542984008789,0.4128461728258406,0.405981869202839,0.18117195052073987
2017-10-13,0.0,0.0,0.0,49.90542984008789,0.38195327879606394,0.4213937409043266,0.19665298775019022
2017-10-16,0.0,0.0,0.0022051877211898,50.015602111816406,0.38043295365334595,0.4147562623253889,0.20481078029597505
2017-10-17,-1.0,-1.0,0.0014671235544846,50.08903503417969,0.4453847353778304,0.3723783139442261,0.1822369395020727
2017-10-18,-1.0,-1.0,0.0016334038254208,50.17091751098633,0.4598224588440158,0.3498354285839338,0.1903421013961796
2017-10-19,-1.0,-1.0,0.0017197028986521,50.25727081298828,0.4810987823299137,0.32640682017370803,0.19249440308431381
2017-10-20,-1.0,-1.0,-0.0108212885213652,49.71635437011719,0.42662100518305424,0.33305131871072424,0.2403276910073829
2017-10-23,-1.0,-1.0,0.0032188990232645,49.87664413452149,0.4734161750107009,0.24307891919545788,0.2835049057938414
2017-10-24,1.0,-1.0,-0.0196226798429506,48.907470703125,0.44405297167526603,0.17594453892679338,0.38000248939794073
2017-10-25,1.0,1.0,0.0029888678303359,49.05386734008789,0.3983753058382593,0.15647531579585172,0.4451493671900183
2017-10-26,1.0,1.0,0.0029999647067103,49.20124816894531,0.4166424525181809,0.15697120854420749,0.4263863501134827
2017-10-27,1.0,1.0,-4.031772851702836e-05,49.19926452636719,0.393069076604752,0.15368139657415236,0.4532495342716764
2017-10-30,0.0,-1.0,0.0417325679585148,51.2959213256836,0.42278828905778665,0.2789335401684364,0.29827817077377705
2017-10-31,1.0,-1.0,-0.0005224122442273,51.26913070678711,0.4633471644561198,0.30326510051356914,0.2333877275797307
2017-11-01,1.0,-1.0,-8.713245280501113e-05,51.26466369628906,0.49197919672914225,0.3074974633452637,0.20052334923881993
2017-11-02,0.0,0.0,0.0092115213583882,51.739070892333984,0.4010426078237356,0.40355317287688086,0.19540422674996435
2017-11-03,0.0,-1.0,0.0003549446760347,51.75743865966797,0.4638835913889455,0.36012693210574886,0.17598946532943482
2017-11-06,0.0,-1.0,0.006708188183772,52.105804443359375,0.4662458341061274,0.37294615340512144,0.16080801435139644
2017-11-07,0.0,-1.0,-0.0069864570905578,51.74303817749024,0.4588563962632688,0.3395706069295181,0.2015729912192778
2017-11-08,0.0,-1.0,0.0092694839675523,52.22489929199219,0.4689321333127462,0.35092124672324443,0.18014661437607415
2017-11-09,-1.0,-1.0,0.0055907349888612,52.51769256591797,0.46745638376427134,0.3587333972697896,0.17381022082858438
2017-11-10,0.0,-1.0,-0.0100380112161949,51.99315643310547,0.45249457794872316,0.3203446085585776,0.22716080231682856
2017-11-13,0.0,-1.0,-0.0034132317087621,51.81599426269531,0.485629872614492,0.2440010509409962,0.27036907271922167
2017-11-14,0.0,-1.0,-0.0028292424452397,51.66960144042969,0.47110898318373123,0.20912294767562326,0.31976807100329074
2017-11-15,0.0,-1.0,0.0004224321651571,51.69143295288086,0.48225255001459433,0.20408051468381538,0.31366693343894525
2017-11-16,0.0,-1.0,-0.0050335320484622,51.4318962097168,0.4675782289312787,0.1901632306855275,0.34225852920732297
2017-11-17,-1.0,-1.0,0.0115690347627225,52.03036880493164,0.4960932609647464,0.18254291337609252,0.32136383124709667
2017-11-20,1.0,-1.0,-0.0120709940912622,51.40608596801758,0.43424783573963793,0.17129806704518705,0.39445409535253007
2017-11-21,1.0,1.0,-0.0011879449391407,51.34505462646485,0.41993980871262826,0.15734426529894954,0.4227159315763578
2017-11-22,1.0,-1.0,0.0150028692405173,52.121185302734375,0.4853767534721122,0.14343323368768296,0.37119001563417275
2017-11-24,1.0,-1.0,0.0015413428176984,52.20158386230469,0.4911641832506033,0.12865263576940633,0.3801831972781356
2017-11-27,-1.0,1.0,0.0043633509826331,52.42985534667969,0.4051526110804792,0.11159723570978035,0.4832501546067243
2017-11-28,-1.0,-1.0,0.0145549748794595,53.19855117797851,0.4673205065837576,0.17771522178223556,0.3549642679087166
2017-11-29,-1.0,-1.0,-0.0081676107046826,52.76581573486328,0.4466870248438543,0.1489349633113562,0.4043780211580153
2017-11-30,-1.0,1.0,-0.024669585135198,51.48003005981445,0.3777245652935469,0.09499264272849536,0.5272827896496514
2017-12-01,-1.0,1.0,-0.0011671713475183,51.41997909545898,0.3531999158987169,0.09344494555022537,0.5533551343601062
2017-12-04,-1.0,1.0,-0.0107701801721413,50.86914825439453,0.4147699707751067,0.11280530438803253,0.4724247369440543
2017-12-05,1.0,1.0,-0.0129609056140395,50.21409225463867,0.39603046558044586,0.14355445200831574,0.4604150712353676
2017-12-06,1.0,1.0,0.0076104512569422,50.59770202636719,0.3952712899938108,0.15149738676824104,0.4532313120620775
2017-12-07,1.0,1.0,0.0127856383738112,51.248779296875,0.42750182784721025,0.14070557891711227,0.4317925969609679
2017-12-08,0.0,-1.0,0.0114091776207124,51.83683395385742,0.42742092300833423,0.15115857499255847,0.4214204945485269
2017-12-11,1.0,-1.0,0.0045942072810564,52.075531005859375,0.43807739903864373,0.15070442786209268,0.4112181749619088
2017-12-12,1.0,-1.0,0.0024650779564392,52.20405960083008,0.4495885298389204,0.15102608496365344,0.39938539171668436
2017-12-13,1.0,-1.0,-0.003046510789613,52.04526138305664,0.44041291734871524,0.15202766544371046,0.4075594209328647
2017-12-14,1.0,-1.0,0.0024950975196928,52.1752815246582,0.4628302066880847,0.16329183364800054,0.3738779503506891
2017-12-15,1.0,-1.0,0.0057662250150287,52.47700500488281,0.5239198462928776,0.17476240979382873,0.3013177439132939
2017-12-18,0.0,-1.0,0.0136466951060767,53.19805145263672,0.4463227189681533,0.29246238642382094,0.2612148871574453
2017-12-19,-1.0,-1.0,0.0121368976044254,53.8476448059082,0.40764366226312637,0.36326089317958954,0.2290954520078649
2017-12-20,-1.0,0.0,-0.0049056655525157,53.58413314819336,0.38564094314178043,0.39301987497662316,0.2213391744310159
2017-12-21,-1.0,-1.0,-0.005777201842659,53.27545928955078,0.4184945537804777,0.33835634189610664,0.24314911177399634
2017-12-22,-1.0,-1.0,-0.0025273496455985,53.14098358154297,0.4567477206406309,0.29127852900482415,0.2519737354533839
2017-12-26,-1.0,-1.0,-0.0018600852086763,53.04222869873047,0.5001931302395992,0.22696112157569812,0.27284575563528335
2017-12-27,-1.0,-1.0,-0.0028201425333161,52.892852783203125,0.48638411414481836,0.2031180367665071,0.3104978490886747
2017-12-28,1.0,-1.0,-0.0053149371060486,52.61247634887695,0.4459882544955951,0.1680689997901925,0.38594275875272854
2017-12-29,1.0,-1.0,-0.0040166711448897,52.40157318115234,0.4364923274070878,0.13829137220134605,0.4252163003915664
2018-03-15,-1.0,-1.0,0.0078470813368408,57.01372528076172,0.5531757799494529,0.254288221573049,0.19253600220278855
2018-03-16,-1.0,-1.0,0.0014958891919092,57.09907531738281,0.5441206026273763,0.26920204143876636,0.1866773559338576
2018-03-19,-1.0,-1.0,-0.0141707818911392,56.2956428527832,0.5720141514857336,0.22224654764329121,0.20573928596981406
2018-03-20,-1.0,-1.0,-0.030747624672139,54.59102630615234,0.4864617143812564,0.2154449808531802,0.2980933122161441
2018-03-21,-1.0,-1.0,-0.0038892615574039,54.37911987304688,0.44411790854748323,0.209497770923386,0.34638431680384074
2018-03-22,-1.0,-1.0,-0.0016439135998214,54.289798736572266,0.43000594469003584,0.20831653812128031,0.3616775209139745
2018-03-23,-1.0,1.0,-0.0380550397075487,52.26261520385742,0.26887448898054644,0.2367270562659854,0.49439845847875863
2018-03-26,1.0,1.0,-0.0255819371751557,50.94259262084961,0.22842467658956836,0.24173025950365976,0.5298450601814817
2018-03-27,-1.0,1.0,0.0264740722846629,52.30926132202149,0.24618226402906956,0.2508107841857482,0.5030069555104726
2018-03-28,1.0,1.0,-0.045761655660714,49.96944808959961,0.196375897818717,0.3316853866583535,0.47193871924821995
2018-03-29,1.0,0.0,-0.0017495764999746,49.88209915161133,0.22687792684784164,0.3894862950302924,0.3836357781218661
2018-04-02,-1.0,0.0,0.0313004681942894,51.46812438964844,0.24062385929964877,0.4006070016344098,0.3587691427912318
2018-04-03,0.0,0.0,-0.0239161424497141,50.25180816650391,0.19510638951138048,0.4597956654263575,0.3450979487875523
2018-04-04,0.0,0.0,0.0059569239321458,50.55204772949219,0.1922276031253432,0.47693520467308387,0.3308371959268634
2018-04-05,0.0,0.0,0.0107694426452338,51.09940719604492,0.19712794223050095,0.5101961791453897,0.2926758786241096
2018-04-06,-1.0,0.0,0.0028413386913707,51.24480438232422,0.1983519268952643,0.5428902775061434,0.2587577955985925
2018-04-09,0.0,0.0,-0.0222177210319652,50.11881637573242,0.17900720385958918,0.5625768042964898,0.25841599556921147
2018-04-10,0.0,0.0,0.0099900090934584,50.622013092041016,0.1981170195527142,0.559904760639486,0.24197822725838053
2018-04-11,1.0,0.0,0.0159587807800498,51.43635940551758,0.21698266405505678,0.5749869969216916,0.20803034274854204
2018-04-12,1.0,0.0,-0.0110985124838699,50.868648529052734,0.23736883917746426,0.545652192686288,0.21697896813624812
2018-04-13,1.0,0.0,0.0118603998290882,51.475563049316406,0.2682444114613649,0.4559395879624232,0.27581601175208303
2018-04-16,1.0,0.0,-0.0012057798655373,51.41353225708008,0.3299019682375879,0.38218376898917017,0.2879142664985324
2018-04-17,1.0,-1.0,0.0096632385977541,51.91276168823242,0.47887071732048436,0.27953769761186315,0.2415915925182333
2018-04-18,-1.0,-1.0,0.0312993600225988,53.56329345703125,0.4854585186128706,0.30066139332238223,0.2138800843394571
2018-04-19,-1.0,-1.0,-0.0036849315353492,53.36627960205078,0.47515415842808506,0.30224500079299066,0.2226008482295049
2018-04-20,-1.0,-1.0,0.0129895774692442,54.06400680541992,0.4509108891912778,0.3132683285378568,0.23582079717202664
2018-04-23,-1.0,-1.0,-0.0111965020631602,53.46205520629883,0.4749890553711026,0.30264133911016455,0.22236960551873297
2018-04-24,-1.0,-1.0,-0.0032633132319979,53.28787612915039,0.4787507103027513,0.2959709337740054,0.22527835592324347
2018-04-25,0.0,-1.0,-0.0488256359531975,50.7485580444336,0.4544439822750988,0.2600293420345295,0.2855266719650816
2018-04-26,0.0,-1.0,0.0003422591557481,50.76593017578125,0.3885654672352953,0.26858802106333834,0.34284651170136654
2018-04-27,-1.0,-1.0,0.0196685634449135,51.77430725097656,0.4194880723661085,0.25648103444438053,0.3240308782883499
2018-04-30,0.0,-1.0,-0.0114328726892476,51.18574905395508,0.39029128847015626,0.24318031336649115,0.3665283944380626
2018-05-01,1.0,1.0,-0.0125560311138115,50.54707717895508,0.3438267327805338,0.25802594513914456,0.398147322080322
2018-05-02,0.0,-1.0,0.0215321450734222,51.64726638793945,0.39622836576658066,0.25037486969505585,0.3533967682636541
2018-05-03,1.0,1.0,-0.0142250575963467,50.917781829833984,0.3659090455543754,0.24319776721392264,0.3908932021328634
2018-05-04,1.0,1.0,0.0002435312446853,50.93018341064453,0.3629507811974221,0.2442014934626229,0.39284774024111646
2018-05-07,1.0,-1.0,0.0237819155599364,52.15591812133789,0.42502875475083246,0.23475285688207664,0.34021840326825237
2018-05-08,1.0,-1.0,0.0080173720955487,52.57575225830078,0.5256944724565282,0.20564797549622746,0.2686575445966639
2018-05-09,1.0,-1.0,-0.0008215285348717,52.53257751464844,0.5255160918527864,0.2066056784210024,0.2678782297262115
2018-05-10,0.0,-1.0,0.0282761341389738,54.0391960144043,0.4648105199767695,0.3191646250826574,0.21602485121528298
2018-05-11,-1.0,-1.0,0.015056642885477,54.85900115966797,0.45457986897833624,0.3360929085402937,0.20932722248137026
2018-05-14,-1.0,-1.0,-0.0018924145765629,54.75528335571289,0.4440613767628532,0.3479960401445964,0.20794259054313102
2018-05-15,-1.0,-1.0,0.0029142164630229,54.91508483886719,0.45333349238332205,0.33461347058809804,0.21205305192974117
2018-05-16,0.0,-1.0,-0.0198321852524308,53.836727142333984,0.4869951663539781,0.2995628086161866,0.21344203248041604
2018-05-17,0.0,-1.0,-0.0007193132725808,53.79801559448242,0.4921731354780822,0.2924746338715722,0.2153522381009264
2018-05-18,0.0,-1.0,-0.0026138827348318,53.65757751464844,0.4844380749085925,0.28607969330744365,0.2294822317839641
2018-05-21,0.0,-1.0,-0.0108049195521589,53.0809326171875,0.49396065455170907,0.2736327791214055,0.2324065700521759
2018-05-22,0.0,-1.0,0.0133450554879405,53.79404830932617,0.41617322454427563,0.32299389004992074,0.26083287795522314
2018-05-23,0.0,-1.0,-0.0080581713711364,53.36230850219727,0.41615530558490194,0.30559627074778833,0.27824843111789055
2018-05-24,-1.0,-1.0,0.0098554054103486,53.89081573486328,0.43623487709142256,0.2472755814503915,0.3164895489087668
2018-05-25,-1.0,-1.0,-0.0004697732179229,53.86550521850586,0.4325133847694892,0.2457760775429813,0.32171054513811037
2018-05-29,-1.0,-1.0,-0.0012629320747031,53.79751968383789,0.4268239857372902,0.23460162385826439,0.33857440530560684
2018-05-30,1.0,-1.0,-0.014878375142626,53.00302505493164,0.41377743844297604,0.2076942594600672,0.3785282946463764
2018-05-31,1.0,-1.0,0.0087624374141118,53.46950149536133,0.42266716578241226,0.2042755817626975,0.3730572450043098
2018-06-01,1.0,-1.0,0.020694359505615,54.587547302246094,0.4188046499658665,0.22904155003658644,0.3521538074481279
2018-06-04,0.0,-1.0,0.0313224877529975,56.32442474365234,0.4129592324676693,0.3174953282917168,0.26954543924061397
2018-06-05,-1.0,-1.0,0.01576936912047,57.21966552734375,0.4510900169138203,0.3265257426044761,0.2223842442069939
2018-06-06,-1.0,-1.0,-0.0017534940997282,57.11941909790039,0.45975216655697326,0.3172023178276293,0.2230455193406877
2018-06-07,0.0,-1.0,-0.0035422435051756,56.91744613647461,0.46799468688610224,0.308904272758985,0.22310104408020306
2018-06-08,1.0,-1.0,-0.0109847640714245,56.2956428527832,0.49985675446590283,0.2782779864531206,0.22186525163039605
2018-06-11,1.0,-1.0,-0.0015084318447351,56.21078872680664,0.49717667216469313,0.2686190930741701,0.2342042235852659
2018-06-12,1.0,-1.0,0.0072044355020683,56.617218017578125,0.4906676131024702,0.29452227056853164,0.21481011632899824
2018-06-13,1.0,-1.0,0.0063693015533754,56.978981018066406,0.4503878293991165,0.3252096921958644,0.22440247095443872
2018-06-14,1.0,-1.0,-0.003454916406555,56.78246307373047,0.4674634590083508,0.3172598309965018,0.21527670626985718
2018-06-15,1.0,-1.0,0.0137830093500764,57.57051467895508,0.44332868635908423,0.3623364099762939,0.19433488503817042
2018-06-18,1.0,-1.0,-0.0007242994896859,57.5288314819336,0.43009306285195775,0.3704308370771383,0.19947610379619432
2018-06-19,-1.0,0.0,0.0207532095135194,58.73521423339844,0.40686503749998243,0.4105291531176198,0.18260580565710754
2018-06-20,-1.0,-1.0,-0.0041399895827811,58.4925537109375,0.4276551281953197,0.3812913334602143,0.19105353834446606
2018-06-21,-1.0,-1.0,0.0045538134887281,58.759525299072266,0.4214022153469156,0.38940048866771365,0.18919729226008059
2018-06-22,-1.0,-1.0,-0.0124326338507793,58.03351211547851,0.4623474319823675,0.337816612282835,0.1998359594600879
2018-06-25,-1.0,0.0,-0.0001281869074671,58.02607345581055,0.375870705646794,0.37683942672216497,0.24728986763104116
2018-06-26,-1.0,-1.0,-0.0260002191988475,56.53682708740234,0.4413334988619675,0.26779640030949714,0.2908700859273744
2018-06-27,-1.0,-1.0,-0.0058629281768313,56.20632553100586,0.4372851808904924,0.19117409760852921,0.3715407103251076
2018-06-28,1.0,1.0,-0.0139408191682321,55.428199768066406,0.3760272754177876,0.18437078186777983,0.43960195016501336
2018-06-29,1.0,1.0,0.0087711593030607,55.91650772094727,0.37131608988065773,0.18222153835123103,0.4464623754934016
2018-07-02,-1.0,1.0,0.0021365902961455,56.03610610961914,0.3687003538255671,0.18401811493661946,0.4472815349631039
2018-07-03,-1.0,-1.0,0.0113769283273847,56.67726516723633,0.4040389289251624,0.1969093620669334,0.39905169038145283
2018-07-05,1.0,1.0,-0.0228756921527466,55.395450592041016,0.364057955509844,0.18431842295286666,0.45162362898787006
2018-07-06,1.0,-1.0,0.0221573507746535,56.636566162109375,0.42079683011290137,0.19888668745418212,0.3803164973340779
2018-07-09,1.0,-1.0,0.0120105481948838,57.32090377807617,0.4191318022311569,0.20745977239185406,0.37340842537698926
2018-07-10,1.0,-1.0,0.0105065387758166,57.92632293701172,0.4326806266396752,0.219030916368184,0.34828845326685065
2018-07-11,1.0,-1.0,-0.0001198620034142,57.91938018798828,0.4388440001108289,0.21590887488622534,0.34524712127765556
2018-07-12,1.0,-1.0,0.0036945559728897,58.13376235961914,0.4417380045389334,0.23900872497414352,0.3192532779375039
2018-07-13,0.0,-1.0,0.0251200758206649,59.61258316040039,0.4721724660424198,0.3219791339901862,0.20584839251681356
2018-07-16,0.0,-1.0,0.0026271716033153,59.76940155029297,0.4890661442506126,0.3094358163044686,0.20149805434608004
2018-07-17,0.0,-1.0,-0.0065891070924391,59.37686920166016,0.523523897559935,0.2807476574333125,0.19572844873204281
2018-07-18,1.0,-1.0,0.0137535542507646,60.19915390014648,0.49641235611746104,0.3118814668551057,0.19170616957685263
2018-07-19,1.0,-1.0,-0.0001401797408221,60.19071578979492,0.504226760368901,0.31096244652166527,0.18481080056001423
2018-07-20,1.0,-1.0,-0.011451089952394,59.50539779663086,0.5198995716950651,0.2905153932898008,0.1895850312898439
2018-07-23,1.0,-1.0,-0.001018020237561,59.44485092163086,0.5075560507792478,0.29913818028660605,0.1933057652088561
2018-07-24,1.0,-1.0,0.0108932081824204,60.0959358215332,0.46361950013574926,0.3415009731361538,0.19487953045338738
2018-07-25,1.0,0.0,0.0381958582808142,62.43575286865234,0.37946817882864353,0.43180401175128047,0.18872782432123728
2018-07-26,-1.0,0.0,0.0140408052092544,63.31858444213867,0.35136547648649136,0.4614784354578793,0.18715608433033903
2018-07-27,-1.0,0.0,0.0074645160408024,63.79299545288086,0.3452860158048717,0.48047472600272406,0.17423926564298486
2018-07-30,-1.0,-1.0,-0.0256947739226535,62.17472839355469,0.4148895088280882,0.39596167525215853,0.18914881219446292
2018-07-31,0.0,-1.0,-0.0184062828965203,61.04079055786133,0.47505782375345534,0.3362892449643162,0.1886529275569382
2018-08-01,1.0,-1.0,-0.0022952328972142,60.90084838867188,0.4689602639200384,0.33085939455769864,0.20018034524755335
2018-08-02,1.0,-1.0,0.0046907025705232,61.18718719482422,0.4792115751335527,0.2942416179168558,0.22654682185075278
2018-08-03,1.0,-1.0,0.0065801092460153,61.59113311767578,0.4078588379011966,0.3164104713072198,0.2757306758904226
2018-08-06,1.0,-1.0,-0.0023957579001015,61.44375228881836,0.42108993455067345,0.29422516344002914,0.28468490200929764
2018-08-07,1.0,-1.0,-0.000395866267202,61.41943359375,0.42803577127413983,0.25977755781495315,0.31218665600974604
2018-08-08,0.0,-1.0,0.0145740383417587,62.32111740112305,0.40491787759571174,0.2800715590408153,0.3150105633634732
2018-08-09,-1.0,-1.0,0.0043621761039795,62.59356689453125,0.40225419454084343,0.28018428974868237,0.31756152316105496
2018-08-10,-1.0,-1.0,0.0024783190314927,62.74888610839844,0.39499135389676365,0.29509755900409845,0.309911087099138
2018-08-13,-1.0,-1.0,-0.009495526455875,62.1558723449707,0.4308365108341224,0.25146705179314605,0.3176964299221511
2018-08-14,-1.0,-1.0,-0.0030946110370167,61.96382141113281,0.43499330563661576,0.23090221038009187,0.33410449143387316
2018-08-15,-1.0,-1.0,0.0075794420661337,62.43525695800781,0.4171318490297083,0.24224482933581873,0.34062332535976336
2018-08-16,0.0,-1.0,-0.0208170251461616,61.14897537231445,0.4562975680777705,0.18667296966520583,0.3570294585317335
2018-08-17,0.0,-1.0,-0.0066441746551059,60.74403762817383,0.44002353647417486,0.1753335289797271,0.3846429419966788
2018-08-20,0.0,1.0,-0.0067298360780312,60.336612701416016,0.4051285189543463,0.18008231233219085,0.4147891798893339
2018-08-21,1.0,1.0,0.0050046271471045,60.63933181762695,0.3800556928937728,0.18669162894991465,0.43325267443102244
2018-08-22,1.0,1.0,-0.0037223268858196,60.41403198242188,0.3883387658871559,0.18129924435624453,0.4303620009324707
2018-08-23,1.0,1.0,0.0035586269498267,60.6294059753418,0.38052808906017366,0.1892280325623537,0.43024387465218256
2018-08-24,1.0,1.0,-0.0004831402434468,60.6001205444336,0.3991427362778797,0.1640715379114101,0.4367857295360006
2018-08-27,1.0,-1.0,0.0126858144049086,61.373779296875,0.42741957731502245,0.16889590579779126,0.40368452061247667
2018-08-28,-1.0,-1.0,0.0156599868739254,62.34245681762695,0.43490475678119545,0.20214199523337648,0.36295323680955727
2018-08-29,1.0,-1.0,-0.0083209750380667,61.82585906982422,0.4692594948700117,0.16837485414697861,0.36236563608184874
2018-08-30,-1.0,-1.0,0.01496932648545,62.7583122253418,0.42214632174484656,0.23950852182406024,0.3383451638816739
2018-08-31,-1.0,-1.0,-0.0081060881860066,62.25164413452149,0.46585496913683266,0.18725124106577506,0.34689379352268274
2018-09-04,-1.0,-1.0,-0.0182127632340921,61.12813186645508,0.5011511923593893,0.1534975742886992,0.345351225901331
2018-09-05,-1.0,-1.0,-0.0167740622268011,60.1113166809082,0.49275942588715615,0.1665651102914523,0.34067546009610133
2018-09-06,-1.0,-1.0,-0.0101310936267336,59.50539779663086,0.4439484926007081,0.15921796418211476,0.3968335283160161
2018-09-07,0.0,1.0,-0.0126812097413406,58.75556182861328,0.32824842925692777,0.17108469952586464,0.5006668674919175
2018-09-10,0.0,1.0,-0.0054201775593436,58.43795776367188,0.31451122450751234,0.16791400458583877,0.5175747671813588
2018-09-11,-1.0,1.0,-0.002150731837106,58.312408447265625,0.3053308961188025,0.1657143130502322,0.5289547833803849
2018-09-12,-1.0,1.0,0.0126256933704001,59.05331039428711,0.34358533709356665,0.18385899869899233,0.4725556567568607
2018-09-13,0.0,1.0,-0.0155745135002672,58.14070892333984,0.3284097979829303,0.16898519451959798,0.5026049963216009
2018-09-14,-1.0,1.0,0.0089558955826666,58.66374969482422,0.38217773413111084,0.17681841985923857,0.4410038460096507
2018-09-17,-1.0,1.0,-0.0035251792514346,58.457313537597656,0.39683612007400615,0.17762885665076808,0.4255350232752259
2018-09-18,1.0,1.0,-0.0155276851317753,57.556617736816406,0.3432149583158374,0.18008118713241233,0.47670384337587945
2018-09-19,1.0,1.0,0.0062571747580498,57.91788864135742,0.3736148263623258,0.21230939335503193,0.41407577283206176
2018-09-20,1.0,-1.0,0.0061162153707732,58.27321243286133,0.41285664353458484,0.22363298265863749,0.3635103738067778
2018-09-21,-1.0,-1.0,0.0146249488877206,59.131717681884766,0.43897407491727736,0.2678958973186057,0.2931300426652784
2018-09-24,1.0,-1.0,-0.0164576726944503,58.16651153564453,0.4419966355515317,0.2505930600500985,0.3074103118489506
2018-09-25,1.0,-1.0,0.0063274594932822,58.53572463989258,0.4513905808717983,0.2687610754785208,0.27984833619910054
2018-09-26,0.0,-1.0,0.0120753527250383,59.246849060058594,0.49795744705122935,0.21558408496357911,0.2864584828863529
2018-09-27,0.0,-1.0,0.0001423484201777,59.25528335571289,0.49966355828748527,0.22468059091266396,0.275655850799851
2018-09-28,-1.0,-1.0,0.0110768622758146,59.9152946472168,0.5245209211212848,0.19904854178399903,0.276430533369426
2018-10-01,-1.0,-1.0,-0.000231906369448,59.90140151977539,0.515377139024143,0.21412849473620857,0.2704943774155195
2018-10-02,-1.0,-1.0,0.001200593949356,59.97336196899414,0.5092254211186813,0.21569502819948635,0.2750795506818325
2018-10-03,-1.0,-1.0,-0.0007367713251456,59.92919158935547,0.51639512688855,0.1991323401106385,0.2844725292755213
2018-10-04,-1.0,-1.0,0.0032159403594544,60.12223052978515,0.4827624877855467,0.23616077785210943,0.28107671946118273
2018-10-05,-1.0,-1.0,-0.0288556611599643,58.41215515136719,0.5439234854030123,0.16124212394532234,0.2948343943769558
2018-10-08,-1.0,-1.0,-0.0078809531378122,57.95362091064453,0.4845959400048869,0.1577370225720769,0.3576670448736169
2018-10-09,-1.0,-1.0,-0.0102508217381021,57.36258316040039,0.4263691461460651,0.17958275094358184,0.3940481066356436
2018-10-10,-1.0,1.0,-0.0093434821048181,56.8291130065918,0.3853957047623927,0.1786059972592917,0.4359983091541867
2018-10-11,1.0,1.0,-0.0473956260517633,54.19849395751953,0.26675632875627,0.19066004461390018,0.5425836340804105
2018-10-12,1.0,1.0,-0.0013011168521109,54.128021240234375,0.22837860892357412,0.23354667269360793,0.5380747258333987
2018-10-15,-1.0,1.0,0.026954384733769,55.60684967041016,0.25093337972029683,0.23518474682834783,0.5138818734513555
2018-10-16,1.0,1.0,-0.0162847205231656,54.708641052246094,0.23419865264510828,0.250839597530794,0.5149617423735173
2018-10-17,-1.0,1.0,0.0274136168578163,56.229148864746094,0.2960912108533976,0.2846231448450136,0.4192856368510082
2018-10-18,-1.0,1.0,-0.0048569830393217,55.95670700073242,0.29612404422590044,0.3026406701858701,0.4012352893135198
2018-10-19,-1.0,1.0,-0.0266741412395065,54.48384094238281,0.22207206067929972,0.36994381351011185,0.4079841295358789
2018-10-22,-1.0,0.0,0.0065997217824536,54.844608306884766,0.22847520243145394,0.38662749690900644,0.38489730811012035
2018-10-23,-1.0,0.0,0.0055852611450322,55.15178680419922,0.23962286323873166,0.405789643564624,0.3545875006472251
2018-10-24,-1.0,0.0,0.0031802277738904,55.32746124267578,0.2526752117408141,0.4078912134574415,0.339433567351164
2018-10-25,1.0,0.0,-0.0532254684563599,52.45962905883789,0.18884870091562803,0.43638940478452937,0.3747618868492622
2018-10-26,-1.0,0.0,0.0430204146913453,54.76571273803711,0.2192509721412811,0.48431187273172127,0.29643715512699786
2018-10-29,-1.0,0.0,-0.0181414107983716,53.78114318847656,0.21602336087516105,0.4610947976070843,0.3228818303418839
2018-10-30,1.0,0.0,-0.0462867506480094,51.3485221862793,0.199161359021195,0.42749504767111884,0.3733436007582669
2018-10-31,1.0,0.0,0.0141828907378309,52.08198165893555,0.2014316912900638,0.4235193657168139,0.37504894671841266
2018-11-01,-1.0,0.0,0.038386286792106,54.12008285522461,0.24779801931891937,0.4588898917758481,0.29331209263052305
2018-11-02,-1.0,0.0,-0.0042268612848716,53.89180755615234,0.2720753466355246,0.4290610051154184,0.2988636370731864
2018-11-05,0.0,0.0,-0.0134325963544419,53.1727409362793,0.2906287133985309,0.3820609912270014,0.3273102879238874
2018-11-06,1.0,1.0,-0.0148177038214141,52.39065170288086,0.29743935124283394,0.3366051367733568,0.3659555268849707
2018-11-07,1.0,1.0,0.0130242066385472,53.07746124267578,0.33315343846774154,0.32344735920929396,0.3433992134988356
2018-11-08,-1.0,-1.0,0.0355163700186811,54.99645614624024,0.45737905168367265,0.2852354446129646,0.2573855037033629
2018-11-09,-1.0,-1.0,-0.0123566788497297,54.32106399536133,0.43543772869335173,0.29478672197382755,0.2697755493328209
2018-11-12,-1.0,-1.0,-0.0162183763927674,53.44717025756836,0.4250388206373087,0.2963031371909679,0.27865803472114303
2018-11-13,0.0,-1.0,-0.0260176294280886,52.07453536987305,0.40435205648392425,0.3092326675818007,0.28641527220898494
2018-11-14,0.0,1.0,-0.0013253936768563,52.00556182861328,0.32433474737231643,0.31873706544186015,0.3569282058122751
2018-11-15,-1.0,1.0,0.0062877050509882,52.333587646484375,0.3275697172363838,0.31461651740449137,0.3578137728097057
2018-11-16,-1.0,-1.0,0.0154968390003899,53.150909423828125,0.3656736105730432,0.30204027297731045,0.33228611644964656
2018-11-19,-1.0,-1.0,-0.0025989029447267,53.01295471191406,0.43197179128897667,0.2655837133905202,0.3024444878699227
2018-11-20,0.0,1.0,-0.0389897897186036,50.98576736450195,0.28555656056039225,0.3277555979053529,0.3866878340836744
2018-11-21,1.0,1.0,0.0029447950491698,51.13613128662109,0.2775527880652728,0.33455365839219864,0.38789354609194815
2018-11-23,1.0,1.0,0.0125177901812526,51.78026580810547,0.29010609390271874,0.33556463373553724,0.37432926118587323
2018-11-26,1.0,1.0,-0.0128574218751384,51.11876678466797,0.27480805164494,0.3364012662236484,0.38879067840612147
2018-11-27,1.0,1.0,0.0247753910673791,52.40107345581055,0.32879389935887027,0.29174828495130567,0.3794578156898243
2018-11-28,1.0,1.0,-0.0034723018005658,52.21943664550781,0.34087854211317337,0.28709441570938743,0.37202705707860045
2018-11-29,-1.0,-1.0,0.0368594610390578,54.18013000488281,0.4356586185282133,0.3054515855309825,0.2588898033913849
2018-11-30,-1.0,-1.0,0.0025522573783606,54.31858825683594,0.4287479091600004,0.3155079844064336,0.2557441138841468
2018-12-03,-1.0,-1.0,0.0136738346807533,55.06643295288086,0.4067152785983403,0.3452900072371829,0.24799471416447705
2018-12-04,-1.0,-1.0,0.0060287578535318,55.39941787719727,0.38540535611789917,0.3815292657692305,0.23306537811287042
2018-12-06,0.0,-1.0,-0.0494770010672518,52.72512435913086,0.4212195271607379,0.29434166434294856,0.28443880104573305
2018-12-07,-1.0,-1.0,0.0145852907286891,53.49977111816406,0.43448305817633637,0.28904959551965614,0.276467338853427
2018-12-10,0.0,-1.0,-0.0296539307493001,51.93658447265625,0.39900045930330763,0.3017026822487308,0.2992968584479617
2018-12-11,-1.0,1.0,0.0062864680711299,52.26411056518555,0.3212185059078143,0.31608127110987216,0.36270022298231375
2018-12-12,-1.0,1.0,0.0080101095524921,52.68443298339844,0.32406578871676706,0.3040475529770967,0.3718866508555559
2018-12-13,-1.0,1.0,0.0113142935362976,53.28390502929688,0.349239440895374,0.28458647107222745,0.3661740880323988
2018-12-14,-1.0,1.0,-0.0001769908974595,53.27447509765625,0.34719968955745817,0.29682639945885847,0.35597390353310293
2018-12-17,-1.0,1.0,-0.0205442991177433,52.19115447998047,0.28895922521156514,0.3270227611357821,0.3840180248285238
2018-12-18,-1.0,1.0,-0.0250907685159611,50.89793014526367,0.24952645181112368,0.36284014714712093,0.3876333973164653
2018-12-19,-1.0,0.0,0.0171676218336212,51.77927017211914,0.2485732111712538,0.38049527022933216,0.370931514874124
2018-12-20,-1.0,0.0,-0.0076484364817312,51.38475036621094,0.24642783111068703,0.381294904489889,0.37227726812471446
2018-12-21,-1.0,1.0,-0.0115394239796362,50.79520797729492,0.24131304156697805,0.36806600707064585,0.39062094763708594
2018-12-24,1.0,1.0,-0.0320948678250176,49.190826416015625,0.21024068550254288,0.3625985068527289,0.4271608076447285
2018-12-26,1.0,1.0,-0.0066601653365159,48.864295959472656,0.20134438115851344,0.3466381152786197,0.45201750356286696
2018-12-27,0.0,0.0,0.0621891767000844,51.99960708618164,0.2150038140044994,0.4952400544550276,0.2897561315404733
2018-12-28,-1.0,0.0,0.0048077437897524,52.25020980834961,0.24298221829594474,0.46763901217270776,0.28937876208076724
2018-12-31,0.0,0.0,-0.0059249820105747,51.94154357910156,0.23557252163977233,0.46285157984027514,0.3015758910693722
2019-03-15,1.0,0.0,-0.0054608049684306,59.17935562133789,0.34938770309522016,0.3964917057594225,0.25412059859593794
2019-03-18,1.0,0.0,-0.0018716686598731,59.068695068359375,0.3406722604692399,0.39001599245532453,0.26931173962485505
2019-03-19,1.0,0.0,-0.0014712612517419,58.98185348510742,0.33933270981279595,0.3835050302809383,0.2771622524556853
2019-03-20,1.0,0.0,0.0116353224052091,59.67213439941406,0.32814676154794276,0.3897364386256564,0.28211679237582027
2019-03-21,-1.0,0.0,0.0197379555277448,60.86164093017578,0.3221513237093197,0.3948633926632586,0.2829852836274217
2019-03-22,-1.0,0.0,0.0078780587323347,61.3430061340332,0.3109913258276338,0.4061006664548831,0.282907992816322
2019-03-25,-1.0,0.0,-0.023309165173549,59.9296875,0.32273967052464864,0.393545523825279,0.28371480565007245
2019-03-26,-1.0,0.0,-0.0085404546332606,59.420040130615234,0.32400198745784975,0.3727625822352981,0.30323543030685224
2019-03-27,-1.0,1.0,-0.0063169165597261,59.04587173461914,0.3544213930478729,0.254556322622018,0.39102227687952845
2019-03-28,1.0,1.0,-0.0099923092591044,58.45880508422851,0.3577694430068403,0.21185134078945578,0.43037921992899425
2019-03-29,1.0,1.0,-0.0048845906208711,58.173954010009766,0.3481363942787934,0.18290410065500118,0.46895949761562483
2019-04-01,1.0,1.0,0.0039333156883802,58.40322113037109,0.34287870872446324,0.18048202154055457,0.4766392622844017
2019-04-02,1.0,1.0,0.0185957791927248,59.49943542480469,0.34899836471547435,0.1847109781697271,0.46629064966421796
2019-04-03,0.0,1.0,0.005456440113799,59.82497787475586,0.35609309060920563,0.19890446893534727,0.44500243300486664
2019-04-04,0.0,1.0,0.0043619612602644,60.08650207519531,0.36905029875689244,0.20124626437089804,0.429703429421629
2019-04-05,-1.0,1.0,0.0071104454783172,60.51526641845703,0.37846188036389294,0.21818529401627268,0.4033528107186732
2019-04-08,0.0,1.0,-0.0065819943792575,60.118263244628906,0.3809546211816522,0.16958643748655605,0.44945895623295296
2019-04-09,1.0,1.0,-0.0026201769260616,59.9609489440918,0.3791762826547468,0.1588565458515446,0.4619671863948699
2019-04-10,1.0,1.0,-0.0046370953061212,59.68354797363281,0.37495956235460276,0.1473682048233207,0.4776722439979475
2019-04-11,1.0,1.0,0.0031214805097604,59.8701400756836,0.3699973634297603,0.15086367320839422,0.47913897453771637
2019-04-12,1.0,1.0,0.0025993614072327,60.02596664428711,0.37808963332821005,0.15117035102630824,0.47074003054664304
2019-04-15,1.0,1.0,0.0108045999563079,60.67803955078125,0.39715426399244574,0.18359917932538097,0.419246564132754
2019-04-16,1.0,1.0,0.0031028641876563,60.866607666015625,0.4021850674394256,0.19202660367396943,0.40578833633718564
2019-04-17,1.0,-1.0,0.0043768332899476,61.13359451293945,0.39767800898088884,0.22443411348818132,0.3778878849815106
2019-04-18,1.0,-1.0,0.0066585080941516,61.54201126098633,0.4094456309972495,0.26580717912412427,0.3247471973292069
2019-04-22,1.0,-1.0,0.0010718322804936,61.608009338378906,0.40100577190152376,0.2770867455999616,0.32190748994909535
2019-04-23,1.0,-1.0,0.0098508449912012,62.217899322509766,0.3736636787574661,0.32864645307313767,0.2976898607188156
2019-04-24,-1.0,0.0,0.0133342670179646,63.05308532714844,0.3314714388937895,0.3670508815301793,0.3014776870266119
2019-04-25,1.0,-1.0,-0.0083299027017557,62.5300407409668,0.3676431376385972,0.3432162657428203,0.289140604069163
2019-04-26,1.0,0.0,0.0057688772267308,62.89181137084961,0.3577798129692885,0.3592789187787634,0.2829412757025286
2019-04-29,1.0,0.0,0.0079220944428567,63.39202499389648,0.34544210293963645,0.36937264238568385,0.2851852397735185
2019-04-30,-1.0,0.0,0.0145944710790684,64.32398223876953,0.32565161944858717,0.3751906221313829,0.2991577509694493
2019-05-01,-1.0,1.0,-0.0779822533565617,59.49845123291016,0.391130901649198,0.17963753616853861,0.4292315659075537
2019-05-02,0.0,1.0,-0.0216172140176247,58.2260627746582,0.3471899054615778,0.17629308286231882,0.4765170005002325
2019-05-03,0.0,1.0,-0.0058209080157788,57.88811874389648,0.29414686659311573,0.19135979321252816,0.5144933364690658
2019-05-06,0.0,1.0,0.0195586168919403,59.03147506713867,0.3016202091291986,0.23425742719751022,0.46412237484916197
2019-05-07,-1.0,1.0,0.0032816422550405,59.22551345825195,0.3004284207314959,0.24727752780067527,0.45229406636899
2019-05-08,-1.0,1.0,-0.012308906945438,58.50098037719727,0.2912350662908452,0.23408402775272732,0.474680913407008
2019-05-09,-1.0,1.0,-0.0068776124573342,58.10001373291016,0.2824742422859624,0.21599210369614122,0.5015336428420256
2019-05-10,-1.0,1.0,-0.0024030578424094,57.96056365966797,0.27503353847814804,0.22064933578499535,0.5043171145609858
2019-05-13,-1.0,1.0,-0.000282585404893,57.94418716430664,0.2767476242000989,0.2257574688424107,0.49749489578161954
2019-05-14,1.0,1.0,-0.0269520265196523,56.4033317565918,0.22429347631784455,0.21637414472446662,0.5593323715071084
2019-05-15,1.0,1.0,-0.0103739344804655,55.821231842041016,0.21402825003204848,0.22817117840284598,0.5578005641145249
2019-05-16,0.0,1.0,0.0400286750320858,58.10100555419922,0.24842053140231807,0.3641975621673848,0.3873819027050068
2019-05-17,-1.0,0.0,0.0116335307180881,58.7808723449707,0.2553800903110446,0.398875393618994,0.345744512344671
2019-05-20,-1.0,0.0,-0.0133603371389688,58.000762939453125,0.2642703726984934,0.37188271293424907,0.3638469106419672
2019-05-21,0.0,1.0,-0.0208527615401034,56.803810119628906,0.272523496988246,0.3180523319004408,0.40942416738602294
2019-05-22,-1.0,1.0,0.008507652861662,57.28913879394531,0.27820254855152754,0.3304085654533879,0.3913888785445039
2019-05-23,-1.0,1.0,0.0012207218627079,57.35911560058594,0.2709564334694421,0.34102679705691613,0.3880167620230612
2019-05-24,-1.0,1.0,-0.0091346263853199,56.837547302246094,0.27965561781630865,0.29848641613777616,0.4218579734964959
2019-05-28,-1.0,1.0,-0.0058932520264704,56.50357437133789,0.3017195626012802,0.2463568461554308,0.45192359124328907
2019-05-29,-1.0,1.0,0.0008340390148185,56.55072021484375,0.3779808066516035,0.15344541238664866,0.46857378468703814
2019-05-30,-1.0,1.0,-0.017367125048517,55.57707595825195,0.361246350942071,0.14844389983715325,0.4903097343196146
2019-05-31,-1.0,1.0,0.0013116345536042,55.650020599365234,0.3563353366525084,0.15202602372889887,0.4916386284427218
2019-06-03,-1.0,1.0,-0.0133848852166484,54.91011428833008,0.3364693078626094,0.15399731902469393,0.5095333619368259
2019-06-04,1.0,1.0,-0.0631933941207303,51.54752349853515,0.24332040952009945,0.2474934804900517,0.5091861211657198
2019-06-05,1.0,1.0,0.015048628800622,52.32910919189453,0.23227240442931527,0.26576368424188607,0.5019639038782181
2019-06-06,1.0,1.0,-0.009384781909877,51.840309143066406,0.21144414206937912,0.3000659314995388,0.48848991898050154
2019-06-07,1.0,1.0,0.002982238696599,51.9951400756836,0.20514128936014844,0.32410743145852017,0.4707512717307509
2019-06-10,0.0,1.0,0.0194795269351089,53.01791000366211,0.21886004262658862,0.3250352713783329,0.4561046710939174
2019-06-11,0.0,1.0,0.0133792721433713,53.73201751708984,0.24637649864043693,0.35773552047771845,0.3958879883324252
2019-06-12,0.0,1.0,-0.0015898442053287,53.64665985107422,0.2579478618648963,0.3573530638592612,0.3846990817264231
2019-06-13,0.0,0.0,-0.0017961602936479,53.55038833618164,0.2547028735308906,0.37659512291545794,0.36870201100423217
2019-06-14,0.0,0.0,0.0109765053881085,54.14142227172851,0.2602605870400239,0.4386555981527327,0.30108380735666285
2019-06-17,1.0,0.0,-0.0043264492332453,53.90768814086914,0.2781203843630649,0.4085194601038296,0.3133601555331056
2019-06-18,1.0,0.0,0.006962821481098,54.28434753417969,0.29733641524639026,0.4125351627913273,0.2901284219622825
2019-06-19,0.0,0.0,0.0103222773740396,54.84758758544922,0.33166391156383723,0.41831234173457166,0.2500237467015911
2019-06-20,-1.0,0.0,-0.0006607428257115,54.81135940551758,0.362422611465099,0.386882515701249,0.25069487283365205
2019-06-21,-1.0,-1.0,0.0078370627076989,55.24260711669922,0.3917530042877416,0.3542146250354125,0.2540323706768458
2019-06-24,-1.0,-1.0,0.0108730905676405,55.84654235839844,0.4438312323406903,0.31197782982889594,0.24419092292925254
2019-06-25,-1.0,-1.0,-0.0077340152071467,55.416290283203125,0.5128106521339075,0.25541449783232445,0.23177485003376813
2019-06-26,0.0,-1.0,-0.0264228338318781,53.97121047973633,0.4726609356225802,0.2579355359187936,0.2694035247333358
2019-06-27,1.0,-1.0,-0.006697845038804,53.61092758178711,0.4187783104754953,0.2632098411778935,0.3180118483466112
2019-06-28,1.0,-1.0,-0.0034214392516525,53.42781448364258,0.38564262672677646,0.25260900207011094,0.3617483712031125
2019-07-01,1.0,-1.0,0.0057144180243348,53.7339973449707,0.378657306871049,0.25395179004725366,0.36739090308169725
2019-07-02,1.0,-1.0,0.015759886486451,54.587547302246094,0.41310989002310006,0.25856915543358355,0.32832095454331633
2019-07-03,1.0,-1.0,0.0113895610323551,55.21282958984375,0.44161222119060545,0.24617837379813176,0.3122094161871336
2019-07-05,1.0,-1.0,0.0092951822461221,55.72843551635742,0.4685680048514905,0.2500859188635407,0.28134608001025885
2019-07-08,-1.0,-1.0,0.0085828222279204,56.20880126953125,0.46638051919463563,0.2826816839613438,0.2509377931187302
2019-07-09,1.0,-1.0,-0.0141190780562432,55.42076110839844,0.5231138790801341,0.22002091283705666,0.2568652155333898
2019-07-10,1.0,-1.0,0.0066931019750456,55.79294204711914,0.518847861388338,0.22676779843668715,0.25438434390026504
2019-07-11,0.0,-1.0,0.0146745283985411,56.617713928222656,0.4494100660773913,0.30697086152817066,0.24361906494385746
2019-07-12,0.0,-1.0,0.0027746148309081,56.7750244140625,0.45414543488030723,0.3066822780499566,0.23917229824560712
2019-07-15,-1.0,-1.0,0.0011006333815128,56.837547302246094,0.4484307655699864,0.3127265156431665,0.2388427038856859
2019-07-16,-1.0,-1.0,0.0045039163739683,57.0941162109375,0.4351316582923252,0.32360956409532393,0.24125876271118962
2019-07-17,-1.0,-1.0,0.0025607798504038,57.240509033203125,0.44039030066056745,0.31541474299730166,0.244194956342131
2019-07-18,-1.0,-1.0,-0.0058429956846785,56.90702819824219,0.4265041020775102,0.32177759427746633,0.25171832227147495
2019-07-19,-1.0,-1.0,0.0004359601582036,56.93184280395508,0.3865380408822324,0.3294759144622665,0.28398605210608163
2019-07-22,1.0,-1.0,-0.0137706980876121,56.15322494506836,0.3931636438490355,0.28915427809738165,0.31768206687771183
2019-07-23,1.0,-1.0,0.0067466490798547,56.53335189819336,0.37122916862962096,0.29145960211341715,0.33731121808109094
2019-07-24,-1.0,-1.0,0.0077297607539436,56.9720344543457,0.35357833312879117,0.32999612221391555,0.3164255446572933
2019-07-25,1.0,-1.0,-0.0072733834501081,56.55915832519531,0.38170526415901074,0.24495809862508697,0.37333663721590243
2019-07-26,1.0,1.0,-0.0033309737806673,56.37107467651367,0.36234787167228866,0.20649604249146125,0.43115608211095974
2019-07-29,-1.0,-1.0,0.0918517518047214,61.79410171508789,0.3505755308029084,0.3483445998034518,0.30107987684422055
2019-07-30,-1.0,0.0,-0.002718063550004,61.62636947631836,0.3408556233964365,0.35007447846838335,0.3090698981351803
2019-07-31,-1.0,0.0,-0.0112073651801657,60.93955612182617,0.3631368131878536,0.3768026079360485,0.2600605714255174
2019-08-01,-1.0,0.0,-0.0080125145888925,60.45322799682617,0.34985361106121465,0.3959857162009902,0.25416065783663405
2019-08-02,-1.0,0.0,-0.0052839311957599,60.13463973999024,0.3295636995756982,0.4016673213037164,0.26876898657116605
2019-08-05,-1.0,0.0,-0.0128401925099188,59.367435455322266,0.28074816045955064,0.43150692998766926,0.2877449095527803
2019-08-06,1.0,0.0,-0.0353662871804091,57.30452346801758,0.24561484394052455,0.3956383442081767,0.35874679695013756
2019-08-07,0.0,1.0,0.0140425641230236,58.11490249633789,0.22926017113563513,0.3801879216443686,0.3905519072199963
2019-08-08,0.0,1.0,0.0041159140253926,58.354591369628906,0.22302612157376897,0.38075154134005357,0.3962223370861774
2019-08-09,-1.0,0.0,0.0254243946017507,59.85724258422851,0.22308121997365518,0.41113568125042316,0.36578309877592163
2019-08-12,0.0,0.0,-0.0144381829323814,58.99922180175781,0.2251240242535964,0.3903059855036808,0.38456999024272276
2019-08-13,0.0,1.0,-0.0121860966390366,58.28461456298828,0.22793764983218373,0.3514994829393375,0.4205628672284785
2019-08-14,-1.0,1.0,0.0187503110525318,59.38777923583984,0.22394280811567102,0.3817240906998537,0.3943331011844753
2019-08-15,0.0,1.0,-0.027515647250436,57.77596282958984,0.22796289664440542,0.33358860861669554,0.4384484835630281
2019-08-16,0.0,1.0,0.0043452693890945,58.02756118774414,0.2123364651128646,0.3068936115594513,0.48076992332768403
2019-08-19,0.0,1.0,0.0084222673751399,58.518348693847656,0.2267964846840346,0.31216023167366613,0.4610432910928798
2019-08-20,-1.0,1.0,0.0178435545649429,59.571895599365234,0.278349067817409,0.2646380493270285,0.4570128791302722
2019-08-21,0.0,1.0,-0.0141868103609845,58.73272705078125,0.2842320078947808,0.23590279141770315,0.47986519323693533
2019-08-22,-1.0,1.0,0.0067786785027084,59.13220977783203,0.2958514108742707,0.22308985909458354,0.4810587225805651
2019-08-23,-1.0,1.0,-5.032010036172692e-05,59.12923431396485,0.3103807788797765,0.19189423255807284,0.49772498856215064
2019-08-26,1.0,1.0,-0.0323595881361796,57.246463775634766,0.2692773926942605,0.16979725505945156,0.5609253559715782
2019-08-27,0.0,1.0,0.0151415850515866,58.1198616027832,0.31720863406628047,0.171259239115254,0.5115321268184655
2019-08-28,0.0,1.0,-0.0003074816196629,58.101993560791016,0.2732493381894626,0.15871288545249623,0.5680377763580412
2019-08-29,1.0,1.0,0.0024994525360432,58.24739837646485,0.27194612857940004,0.16441530674852778,0.563638560946782
2019-08-30,-1.0,1.0,0.0173063429397406,59.26422119140625,0.28712112484425306,0.15506972748365544,0.5578091402215111
2019-09-03,-1.0,1.0,-0.003111410187245,59.08011245727539,0.29175402499487635,0.15061876659503842,0.5576272009595046
2019-09-04,1.0,1.0,-0.0177796633379879,58.038970947265625,0.29281762265806904,0.1457719241007934,0.5614104606917182
2019-09-05,1.0,1.0,0.0108172399610309,58.67020034790039,0.2912759419165494,0.14912941748741138,0.5595946443213295
2019-09-06,0.0,1.0,0.0249924161904918,60.15498733520508,0.33874117238423773,0.20872544593586986,0.45253339285576333
2019-09-09,1.0,1.0,-0.0048541555112361,59.86369323730469,0.3557831448406096,0.18654276687487,0.4576740994603914
2019-09-10,1.0,1.0,-0.0008709635215765,59.81157684326172,0.3660600133477714,0.18709741165361637,0.4468425749986123
2019-09-11,1.0,1.0,0.0003567774862599,59.83292007446289,0.3624702350569804,0.20932207784208937,0.42820769455151086
2019-09-12,0.0,-1.0,0.0117905229169446,60.54255676269531,0.34902458033366174,0.31060341810090997,0.34037200156542824
2019-09-13,0.0,0.0,0.0121958596457434,61.28544616699219,0.3301734459592748,0.3589702405783604,0.31085629856120356
2019-09-16,0.0,0.0,0.0040888277525682,61.53654479980469,0.34711409328161413,0.3724511385585525,0.28043476070925266
2019-09-17,0.0,-1.0,-0.0067969635802832,61.11970138549805,0.35199090433660263,0.3424251674777953,0.3055839356361827
2019-09-18,0.0,-1.0,-0.001421979725365,61.03285217285156,0.34466718102822386,0.33622940243737265,0.31910342398498404
2019-09-19,0.0,-1.0,0.0022496775975922,61.17031097412109,0.34119327952506606,0.33239319730478706,0.3264135231701468
2019-09-20,-1.0,0.0,0.0049365865011914,61.47303009033203,0.33064587137501833,0.34685648184002776,0.32249765423553456
2019-09-23,0.0,1.0,-0.0072187658538814,61.03086853027344,0.31014880139685436,0.2959293906674594,0.3939217967598154
2019-09-24,-1.0,1.0,0.0039358962299711,61.27155303955078,0.31569739633958466,0.2626489063769327,0.4216536935581924
2019-09-25,1.0,1.0,-0.0133389365412495,60.45968246459961,0.3270420568777005,0.18982020002285688,0.4831377393741524
2019-09-26,-1.0,1.0,0.0224091994904875,61.82983016967773,0.32449823085384816,0.25401629566841816,0.4214854585765725
2019-09-27,-1.0,1.0,-0.0029338445232154,61.64869689941406,0.32498360647258073,0.22598118645250925,0.4490351958990391
2019-09-30,-1.0,1.0,-0.0132403623270337,60.83782577514648,0.3404326306976593,0.16894002943621383,0.49062733614083653
2019-10-01,-1.0,1.0,-0.0039312145203073,60.59912872314453,0.3401225967564111,0.15839340806217111,0.5014839914561274
2019-10-02,-1.0,1.0,-0.0124757587679549,59.84780502319336,0.34584758679458494,0.1407922548552774,0.5133601508995571
2019-10-03,1.0,1.0,-0.0235588529929185,58.45433807373047,0.32162945714505276,0.16563460012158737,0.5127359501839405
2019-10-04,1.0,1.0,0.0097239945550726,59.02552032470703,0.3221962200184905,0.16008594448811866,0.5177178354933909
2019-10-07,-1.0,1.0,0.0179391819577529,60.09394454956055,0.27445988318526443,0.1595350389429095,0.5660050778718262
2019-10-08,-1.0,1.0,-0.0022403928118616,59.9594612121582,0.3257549456024875,0.1587557044829554,0.515489349914557
2019-10-09,1.0,1.0,-0.0151104603038909,59.06025695800781,0.3275097579460715,0.15497279979989675,0.5175174422540317
2019-10-10,1.0,1.0,0.0102569312059493,59.66915130615234,0.32730863711850966,0.1589176660492514,0.5137736968322388
2019-10-11,1.0,1.0,0.005862816445074,60.0200080871582,0.3292324431850058,0.16242667964297736,0.5083408771720169
2019-10-14,1.0,1.0,0.0051459205181162,60.32966232299805,0.34219487565448414,0.1529581096958692,0.5048470109243564
2019-10-15,1.0,1.0,0.0016931532249884,60.4318962097168,0.35019340890418554,0.1522096262498267,0.49759696112069746
2019-10-16,0.0,1.0,0.0198948223165864,61.646217346191406,0.3593338885955272,0.22057186898225634,0.4200942535980874
2019-10-17,0.0,1.0,0.0006116251842098,61.68393325805664,0.35084565292549286,0.26930775855238065,0.37984658852212655
2019-10-18,0.0,-1.0,0.0078531538852388,62.17025375366211,0.3388167018739199,0.33368245390056117,0.32750084422551884
2019-10-21,0.0,-1.0,-0.006719417265783,61.75390625,0.3580410690592419,0.29068848990363755,0.3512704410371205
2019-10-22,1.0,-1.0,-0.0001044628656003,61.74745559692383,0.3645675350829207,0.28960013052877365,0.3458323418388862
2019-10-23,1.0,1.0,-0.002478368595619,61.59461212158203,0.3689632170834774,0.2603290222180262,0.3707077606984964
2019-10-24,1.0,-1.0,0.0131503207440442,62.409950256347656,0.3439562621014749,0.3237064401145035,0.33233730523460214
2019-10-25,1.0,-1.0,0.0011761135069621,62.483394622802734,0.33990738638661966,0.3319292738350452,0.328163339778335
2019-10-28,1.0,0.0,0.0041134120101052,62.740943908691406,0.3334203701007192,0.3536884139556668,0.312891215943614
2019-10-29,-1.0,0.0,0.0193325483869314,63.9656867980957,0.3262692757801115,0.3936747553107166,0.2800559540080107
2019-10-30,1.0,-1.0,-0.022215616568377,62.56031799316406,0.3636017543302269,0.3260172141599786,0.31038102778450416
2019-10-31,1.0,1.0,3.164620349633589e-05,62.56229782104492,0.34356539082164245,0.3106821377508762,0.3457524788780619
2019-11-01,1.0,1.0,-0.0015083016181664,62.4680061340332,0.3253958247191555,0.2348177764503127,0.43978641000640273
2019-11-04,1.0,1.0,0.0106281722744205,63.13546752929688,0.31631530355039966,0.27963759257472753,0.4040471001495826
2019-11-05,1.0,0.0,0.0135527620196102,63.996952056884766,0.31673256687522633,0.37591908388864814,0.3073483492361255
2019-11-06,1.0,0.0,0.0014180694244846,64.0877685546875,0.3245988574717953,0.36830148101404003,0.3070996540635839
2019-11-07,1.0,0.0,-0.000332908112578,64.06643676757812,0.3362569267298148,0.3374527406091824,0.3262903326610028
2019-11-08,0.0,0.0,0.0122637911973135,64.85697174072266,0.3182482961212266,0.38343604794010194,0.29831565593867126
2019-11-11,-1.0,0.0,0.0015745867172367,64.95917510986328,0.3109057060282835,0.39144228013102933,0.29765202129126767
2019-11-12,1.0,-1.0,-0.0082230882248931,64.42720031738281,0.34606931026604176,0.3333954746846189,0.32053520759875875
2019-11-13,1.0,-1.0,-0.000824416467614,64.37410736083984,0.3554273073221671,0.3054576910352272,0.3391149941920252
2019-11-14,1.0,1.0,-0.0007943760493412,64.32299041748047,0.35735482608599956,0.256124504923591,0.38652066153982895
2019-11-15,1.0,1.0,0.0099566218976126,64.96662902832031,0.3539793640728698,0.27693444393781536,0.3690861733628634
2019-11-18,-1.0,0.0,0.018459146279594,66.17699432373047,0.3145769160779574,0.38191065389225276,0.30351243748037027
2019-11-19,-1.0,-1.0,-0.0103267722819542,65.49711608886719,0.34167308467520807,0.33077848607390015,0.32754844415205286
2019-11-20,-1.0,1.0,-0.0055081987912587,65.13733673095703,0.35757665261464056,0.25639954467831916,0.3860237840805888
2019-11-21,0.0,1.0,-0.0082080621498861,64.60487365722656,0.3358274203534608,0.19365119415530035,0.47052139294181927
2019-11-22,0.0,1.0,-0.0013223365092501,64.51950073242188,0.33729536747764444,0.175860717753698,0.4868439073180769
2019-11-25,1.0,1.0,-0.0049885951140631,64.19844055175781,0.35023878462463276,0.159525433943285,0.490235777706792
2019-11-26,-1.0,1.0,0.0092100457897196,64.79244232177734,0.343956139716456,0.17300528893126366,0.48303856762699
2019-11-27,-1.0,1.0,0.0056211620191584,65.15767669677734,0.3485220430514036,0.16926224845005947,0.4822157010479563
2019-11-29,-1.0,1.0,-0.0006626047377787,65.11451721191406,0.3533128285677147,0.15822943405272794,0.48845774110484774
2019-12-02,-1.0,1.0,-0.006146549056027,64.71551513671875,0.34735271248415633,0.13424619531072818,0.518401099655696
2019-12-03,1.0,1.0,-0.0117470366678034,63.959747314453125,0.31248746445162673,0.12249509651612836,0.5650174427575352
2019-12-04,1.0,1.0,0.0045516540468682,64.25153350830078,0.29539345803436484,0.12351284329349671,0.581093706122719
2019-12-05,1.0,1.0,0.0185183886910875,65.45245361328125,0.31768615460078636,0.12544964740723852,0.5568641942666848
2019-12-06,1.0,1.0,0.0060623765905166,65.85045623779297,0.33340544502717984,0.15018037866684159,0.516414168855398
2019-12-09,0.0,1.0,0.0093236322544857,66.46729278564453,0.36211522987178346,0.2268356496395167,0.4110491130381193
2019-12-10,1.0,1.0,0.0026841810128029,66.64594268798828,0.3566417279760331,0.2688949060550439,0.37446338087008424
2019-12-11,1.0,-1.0,-7.452698123445729e-05,66.64097595214844,0.35136706453525857,0.3010210512308312,0.34761189913507146
2019-12-12,1.0,1.0,0.0010123365279528,66.7084732055664,0.33450554535469745,0.32919809913463777,0.3362963555106647
2019-12-13,0.0,0.0,0.0031491100660529,66.91887664794922,0.3323904156178339,0.34301593253553053,0.32459365184663547
2019-12-16,0.0,-1.0,-0.0012020413446212,66.83848571777344,0.35008550324214094,0.31190177247694917,0.3380127317314904
2019-12-17,0.0,0.0,0.0102161624620031,67.52481842041016,0.3274531540013647,0.36230146886074055,0.3102453696873141
2019-12-18,-1.0,-1.0,-0.0042792426219569,67.23648071289062,0.34820143468957504,0.32480624641294925,0.3269923263480562
2019-12-19,0.0,-1.0,-0.002201831750023,67.0886001586914,0.3703492330622586,0.27234521088572794,0.35730553742556204
2019-12-20,-1.0,-1.0,0.0033450797179402,67.31339263916016,0.3768235178620543,0.26165000501776675,0.36152645849372755
2019-12-23,-1.0,1.0,-0.003855590646033,67.05435943603516,0.37498315479424116,0.2258426627939071,0.39917419358772266
2019-12-24,1.0,1.0,-0.0004367801249133,67.02507781982422,0.3779300374683901,0.20514182559246938,0.41692814811501144
2019-12-26,1.0,1.0,-0.0046010627496712,66.71739959716797,0.36124560829090835,0.1770453897181213,0.46170899826568007
2019-12-27,-1.0,1.0,0.0133290581832647,67.61263275146484,0.3870408290885549,0.20061170564925865,0.4123474615368962
2019-12-30,-1.0,1.0,-0.0057633935920901,67.22407531738281,0.37137995823321146,0.18810498001786696,0.44051505802363133
2019-12-31,1.0,1.0,-0.0110826207787618,66.48316955566406,0.37020704118817055,0.15113938142880579,0.4786535736577335
2020-03-16,-1.0,0.0,0.088387695107988,60.258209228515625,0.13075078837373477,0.4750374734031168,0.3942117354291806
2020-03-17,0.0,0.0,-0.1236845678081452,53.2476806640625,0.11856751803350284,0.44360167807240664,0.4378308088999494
2020-03-18,-1.0,0.0,0.0411364760775411,55.48377990722656,0.12398134569116631,0.47050942751597047,0.40550922935400036
2020-03-19,0.0,0.0,-0.0243261709523161,54.15035629272461,0.12389373230393394,0.47469646383372677,0.40140980106837165
2020-03-20,-1.0,0.0,0.0185945143339804,55.16667556762695,0.1296964223795775,0.48605730328917784,0.384246292957696
2020-03-23,1.0,0.0,-0.0398790278922432,53.00997161865234,0.11973324311996947,0.4708728628841792,0.4093939040075691
2020-03-24,1.0,0.0,-0.0132684639911006,52.311256408691406,0.11777109522189119,0.44664234504454386,0.4355865747511415
2020-03-25,0.0,0.0,0.0695106273283328,56.07680130004883,0.1432218775977916,0.5353209538447412,0.3214571741454026
2020-03-26,0.0,0.0,-0.0254445943676928,54.66794967651367,0.13974933671504441,0.5280263936917267,0.33222428449439
2020-03-27,0.0,0.0,0.0541521832738847,57.7099609375,0.14169849028500098,0.5975559722498842,0.26074553653379223
2020-03-30,0.0,0.0,-0.0463397833674358,55.096710205078125,0.13747258773463528,0.5758551448822703,0.2866722683144171
2020-03-31,0.0,0.0,0.0319537857581331,56.88568878173828,0.1633015586597002,0.6372455164111372,0.19945292772313009
2020-04-01,-1.0,0.0,0.013551518574106,57.66182327270508,0.18241694162921523,0.6180232716597303,0.1995598016122156
2020-04-02,1.0,0.0,-0.052882235992524,54.6917610168457,0.17872548336146138,0.5521998455871479,0.269074672914036
2020-04-03,1.0,0.0,0.0134560650164752,55.43267059326172,0.19014127744873605,0.5735916180975833,0.2362670932778097
2020-04-06,1.0,0.0,-0.0220218370697897,54.225284576416016,0.1940887338780991,0.5377754554079259,0.2681357976754589
2020-04-07,0.0,0.0,0.0795624817619205,58.71585464477539,0.21881418974701927,0.523666200543928,0.257519613434343
2020-04-08,0.0,0.0,-0.0005324959093617,58.68459701538086,0.22813193600723003,0.4973406325068183,0.2745274203100807
2020-04-09,0.0,0.0,0.0204563794389921,59.89743423461914,0.23654662671899335,0.5157464043868967,0.24770697261940028
2020-04-13,0.0,0.0,-0.0003563294310264,59.876094818115234,0.2362088964552433,0.5141294457870879,0.2496616540323786
2020-04-14,0.0,0.0,0.0031775084211654,60.066654205322266,0.23951907007094653,0.5185688633923338,0.24191207026201006
2020-04-15,-1.0,0.0,0.0442946956033612,62.78709411621094,0.2650324109008988,0.5205141105219101,0.21445349347835235
2020-04-16,0.0,0.0,-0.0062872591783779,62.39357376098633,0.25406813328868,0.5361799954549471,0.2097518638057923
2020-04-17,0.0,0.0,0.0001033200208342,62.400020599365234,0.253751044367548,0.5362791244787644,0.2099698199778166
2020-04-20,-1.0,0.0,0.0170086187040674,63.470436096191406,0.2589064238257579,0.5495794657101574,0.19151412163995563
2020-04-21,-1.0,0.0,-0.0140545793855062,62.58462524414063,0.23709908275391095,0.5653442017450262,0.19755670059990155
2020-04-22,1.0,0.0,-0.0396200228156762,60.15349960327149,0.21331142104653938,0.5448820553640558,0.24180652172675957
2020-04-23,1.0,0.0,0.037445002814306,62.44865036010742,0.24401008277832129,0.5342274357898991,0.22176249260765052
2020-04-24,1.0,0.0,0.0100887376391147,63.08186721801758,0.25462937139023967,0.5209039818268278,0.22446665423351309
2020-04-27,-1.0,0.0,0.0042627161148041,63.351341247558594,0.25588626334742726,0.5251759537832399,0.21893779031991348
2020-04-28,-1.0,0.0,-0.0045065696256129,63.06648635864258,0.2608318089993405,0.519001062162978,0.22016713628826207
2020-04-29,1.0,0.0,-0.0305761953995821,61.16733551025391,0.2038541707713502,0.5521549643454904,0.2439908667458045
2020-04-30,0.0,0.0,0.0851774976492486,66.60574340820312,0.2711665396523005,0.5315594697139585,0.19727398690845077
2020-05-01,0.0,0.0,0.003361982700233,66.83004760742188,0.2790451517803805,0.5224571500427974,0.19849769817682217
2020-05-04,1.0,0.0,-0.02205780279061,65.37206268310547,0.27319992570935037,0.5169870039589326,0.20981306660642682
2020-05-05,1.0,0.0,0.0042269439927997,65.64897155761719,0.2609367946859358,0.5257914343569011,0.2132717784077436
2020-05-06,1.0,0.0,0.019552068293982,66.94517517089844,0.29353007113037166,0.5044141812541033,0.20205574761552508
2020-05-07,1.0,0.0,-0.0026646254030583,66.76702880859375,0.29839089281991754,0.5040917193351919,0.19751739157018078
2020-05-08,0.0,0.0,0.017571475469388,67.95059204101562,0.3219651251996472,0.4816235997974329,0.19641126382704902
2020-05-11,0.0,0.0,0.0109383163846652,68.69793701171875,0.34012027285733504,0.46176641029815846,0.19811331684450645
2020-05-12,-1.0,0.0,0.0138098862395723,69.65322875976562,0.3477819589831429,0.4549908996011191,0.19722714141573805
2020-05-13,0.0,0.0,-0.0204485451697207,68.2433853149414,0.30275987773047097,0.4971166695061685,0.2001234564886509
2020-05-14,1.0,0.0,-0.0197181124599188,66.91093444824219,0.2328212650726783,0.4782591513063209,0.28891958455232347
2020-05-15,1.0,0.0,0.0063066449043161,67.3342514038086,0.2403402756019539,0.4585055443047583,0.30115417450535226
2020-05-18,0.0,0.0,0.0118685995832837,68.13817596435547,0.25350895228238746,0.4493416296577981,0.2971494180598143
2020-05-19,0.0,0.0,0.0087882699174599,68.73963165283203,0.2613762066871094,0.4421751129590149,0.2964486812851982
2020-05-20,1.0,0.0,-0.0078129319006538,68.20466613769531,0.2705021248817462,0.41952278562239276,0.30997508577057076
2020-05-21,0.0,0.0,0.0249764191931715,69.92962646484375,0.2814868246257054,0.4002631954053847,0.3182499762436196
2020-05-22,0.0,0.0,-0.0017116226934642,69.8100357055664,0.2882533723207622,0.3820639772131976,0.329682648603395
2020-05-26,0.0,0.0,0.0046027625494782,70.13209533691406,0.2907023049262236,0.3759298371632416,0.3333678467346639
2020-05-27,0.0,0.0,0.0057363402710891,70.53555297851562,0.2913009054575394,0.3685591426425092,0.3401399630758223
2020-05-28,0.0,1.0,-0.000767175655163,70.48146057128906,0.30932782102489026,0.282731982075313,0.40794018572392576
2020-05-29,1.0,1.0,-0.001437251263278,70.38023376464844,0.3196877164290529,0.28656037471560525,0.393751901404761
2020-06-01,-1.0,1.0,0.0107161771411636,71.13849639892578,0.31379801820211084,0.29278524296759556,0.3934167388302935
2020-06-02,-1.0,1.0,0.0009415075631521,71.20550537109375,0.3187014988603708,0.28640733435001176,0.394891161201682
2020-06-03,-1.0,1.0,0.0051715131544424,71.57469940185547,0.30796881596387715,0.28614218982261236,0.4058889923508651
2020-06-04,-1.0,1.0,-0.0021236763553276,71.42285919189453,0.3167152236417628,0.2807645896165749,0.4025201755657912
2020-06-05,1.0,1.0,-0.0174876361220553,70.18470001220703,0.3340663608323999,0.24833653260772443,0.41759710469723044
2020-06-08,1.0,1.0,0.0180224479751182,71.46106719970703,0.3388251662958748,0.25664939688385846,0.4045254386829118
2020-06-09,-1.0,1.0,0.0055537321005655,71.85904693603516,0.33094082608097286,0.26423956151903394,0.404819610537348
2020-06-10,-1.0,1.0,0.0027860941989508,72.05953216552734,0.32488136792038635,0.27431692085894355,0.40080171308331514
2020-06-11,-1.0,1.0,0.0086535155294964,72.68580627441406,0.307337735680233,0.2898387389218631,0.40282351049674253
2020-06-12,1.0,1.0,-0.0438220145577266,69.56935119628906,0.2406191054662232,0.3095603308483332,0.44982056741073384
2020-06-15,1.0,1.0,0.0078301254047876,70.11622619628906,0.23598166155652306,0.2984139026832065,0.46560441899646404
2020-06-16,1.0,1.0,0.0055192873037024,70.50428771972656,0.2490208326451563,0.2802986629173278,0.47068049512429017
2020-06-17,-1.0,1.0,0.0179482851856415,71.78114318847656,0.32710129840276525,0.23603896040556288,0.43685974677960726
2020-06-18,-1.0,1.0,0.0041876386138906,72.08236694335938,0.34270640029633387,0.2078140378201218,0.44947956747147966
2020-06-19,1.0,1.0,-0.0127623223051452,71.16827392578125,0.3181585367249472,0.2046377989586192,0.47720367549230447
2020-06-22,1.0,1.0,-0.0066322459888701,70.69783020019531,0.28095428266940325,0.2210326434929021,0.49801307383769466
2020-06-23,-1.0,1.0,0.0180994851283458,71.98907470703125,0.34649213286020925,0.19197449013484014,0.4615333863181763
2020-06-24,-1.0,1.0,0.0091398838228763,72.65006256103516,0.3468767552060348,0.22040216566444393,0.4327210903053921
2020-06-25,-1.0,1.0,-0.021597732843275,71.09780883789062,0.3083468945918143,0.20904406906607936,0.48260904379268704
2020-06-26,-1.0,1.0,0.0058458903491786,71.51465606689453,0.33119018236096076,0.19464571837600242,0.4741640936751013
2020-06-29,1.0,1.0,-0.0560561144239587,67.6161117553711,0.17776032588260735,0.21703280735316782,0.6052068686268699
2020-06-30,1.0,1.0,0.025098129961512,69.33462524414062,0.18591537131020172,0.2721157975884003,0.5419688292387527
2020-07-01,1.0,1.0,0.0148338178407753,70.37078857421875,0.2048560382380191,0.31662117753117186,0.47852276932964777
2020-07-02,1.0,1.0,0.0167484936826704,71.55931854248047,0.28413282893232217,0.2774927297808271,0.4383744356989152
2020-07-06,1.0,1.0,0.0191838038052013,72.94535064697266,0.3311120757483118,0.25343590467151905,0.41545201399223364
2020-07-07,0.0,1.0,0.0200168242631818,74.42019653320312,0.28414655251176774,0.3345242063635697,0.3813292485752432
2020-07-08,1.0,1.0,-0.006509182598176,73.9373550415039,0.2807563225634241,0.3257755263120315,0.3934681464679315
2020-07-09,0.0,1.0,0.0091397094609396,74.61621856689453,0.2968115461419281,0.3497168747454935,0.3534715716619977
2020-07-10,0.0,-1.0,0.0099661265992035,75.36357116699219,0.3787442292098911,0.37116386150242014,0.2500919055623985
2020-07-13,0.0,0.0,0.0133110216917196,76.37344360351562,0.37496652717436474,0.4055762924393731,0.21945718038626216
2020-07-14,1.0,0.0,-0.0175538395891797,75.04449462890625,0.3580962981681248,0.41906416725470413,0.22283953085188077
2020-07-15,1.0,0.0,0.0056903344064414,75.47274017333984,0.34464586151131305,0.43895022100518577,0.21640392493408184
2020-07-16,1.0,0.0,-0.0026201958019667,75.2752456665039,0.30412321147661325,0.38191629438194546,0.31396049041615104
2020-07-17,1.0,0.0,-0.0012929887672231,75.177978515625,0.2863818715861378,0.3904305812904031,0.3231875471234591
2020-07-20,1.0,0.0,0.0012730219678543,75.27374267578125,0.278627864076299,0.38639489824398715,0.3349772414050042
2020-07-21,-1.0,0.0,0.0305084933367962,77.60562133789062,0.27269065090976685,0.4285642757581357,0.2987450733320975
2020-07-22,-1.0,0.0,-0.0050771991689474,77.21260070800781,0.2772490776986137,0.43519112016685274,0.28755980213453364
2020-07-23,-1.0,0.0,0.0057230826670244,77.65576171875,0.2640555785390808,0.4699563895631843,0.2659880309664123
2020-07-24,0.0,0.0,-0.0312200572413369,75.268798828125,0.2591700375241684,0.42927138254914066,0.3115585789953684
2020-07-27,0.0,0.0,-0.0056464680025237,74.8449935913086,0.23133010819264524,0.458370339354028,0.31029955617861704
2020-07-28,-1.0,0.0,0.0139713464750478,75.89801788330078,0.26107178761866695,0.38673009578752915,0.35219812031909414
2020-07-29,1.0,1.0,-0.016999243880651,74.61871337890625,0.24562997057054953,0.3300158071694354,0.4243542352985311
2020-07-30,-1.0,1.0,0.013121147367644,75.604248046875,0.2836038060752174,0.2871178679972136,0.42927833524079473
2020-07-31,-1.0,1.0,0.0097067130050274,76.34169006347656,0.3159451044872672,0.262650850455779,0.421404037606373
2020-08-03,0.0,1.0,-0.0333242245842341,73.83958435058594,0.20779603806662367,0.27180155477913126,0.5204023903904386
2020-08-04,0.0,1.0,-0.0034940021356332,73.58203887939453,0.19534753347272346,0.2643762988933696,0.5402761620459715
2020-08-05,1.0,1.0,-0.0064004186133839,73.11258697509766,0.19411981939242232,0.24207417047088528,0.5638060119993374
2020-08-06,0.0,1.0,0.0039221687209681,73.39990997314453,0.18862300999021803,0.24905185472145602,0.5623251446015517
2020-08-07,-1.0,1.0,0.0173326225823941,74.68321228027344,0.21729561761556732,0.29777355195042077,0.4849308360219474
2020-08-10,0.0,1.0,-0.0043817929549338,74.35668182373047,0.22252993896765383,0.3000993675039889,0.47737067862719607
2020-08-11,0.0,1.0,-0.0010349000160244,74.27976989746094,0.230263419177316,0.30003019235145634,0.4697063735700664
2020-08-12,1.0,1.0,-0.0109361249256827,73.47186279296875,0.20592137972918262,0.29933929762846856,0.49473932450499397
2020-08-13,1.0,1.0,0.0178732862466924,74.7968521118164,0.2685603152762952,0.28489958187229236,0.44654010285141243
2020-08-14,1.0,1.0,0.0062239018886673,75.26383209228516,0.3151934569974051,0.24164457574879442,0.44316196911644556
2020-08-17,1.0,1.0,-0.0079570832219702,74.66732788085938,0.3089422200135367,0.2397637988998007,0.45129398667459786
2020-08-18,1.0,1.0,0.0076866964288241,75.24348449707031,0.34682574403751354,0.21081795454866226,0.44235628837530805
2020-08-19,1.0,1.0,0.0257434288455591,77.20565795898438,0.28642321559510936,0.338261735197193,0.3753150510703428
2020-08-20,1.0,1.0,-0.0072057001874834,76.65133666992188,0.28176777539913367,0.3379238257785885,0.380308394165665
2020-08-21,1.0,0.0,0.0202771657394053,78.22147369384766,0.31684743553451583,0.4170936507243462,0.26605889511468656
2020-08-24,1.0,0.0,-0.0004312987969955,78.187744140625,0.36858501146130673,0.39204264878058925,0.2393723323075234
2020-08-25,1.0,-1.0,0.0060617657711129,78.66313934326172,0.3897279620225482,0.36798487540355507,0.2422871625738968
2020-08-26,1.0,-1.0,0.0129743441978326,79.69039154052734,0.45158824628861105,0.331548793329661,0.21686294548056684
2020-08-27,1.0,-1.0,0.0235580138989297,81.59002685546875,0.41403927843292077,0.3893292592713858,0.1966314585704032
2020-08-28,1.0,0.0,-0.0095397866533622,80.81537628173828,0.3986901844371773,0.4178442567670123,0.18346556624639096
2020-08-31,1.0,0.0,0.0066770319710843,81.3567886352539,0.3737414508876857,0.4447276214296948,0.18153092768261941
2020-09-01,1.0,0.0,-0.0060569818526809,80.8655014038086,0.3584767280187523,0.4707683266293389,0.17075494907719907
2020-09-02,1.0,0.0,0.0155577348469959,82.1334228515625,0.32172425790676773,0.5021869262255974,0.17608882704350587
2020-09-03,-1.0,0.0,0.0369563021994377,85.22555541992188,0.3290926162482095,0.4775052454546157,0.19340212712130397
2020-09-04,-1.0,0.0,-0.0525261134990588,80.8645248413086,0.3106577850094658,0.5124033737875462,0.17693884120298797
2020-09-08,-1.0,0.0,-0.0300892523899055,78.46761322021484,0.22669406637892603,0.49514134349699246,0.27816460129995235
2020-09-09,0.0,0.0,-0.0371142627771151,75.60872650146484,0.1550074656909285,0.48982974271870827,0.35516278413978253
2020-09-10,-1.0,0.0,0.0153901543976337,76.78135681152344,0.1590948149353817,0.4491952382068487,0.39170995058305985
2020-09-11,-1.0,1.0,-0.0137835043471849,75.73030090332031,0.1661696727250525,0.3597706823189537,0.4740596449559936
2020-09-14,-1.0,1.0,-0.0067657514759432,75.21965789794922,0.17281126130079677,0.32719747458091564,0.499991269706223
2020-09-15,-1.0,1.0,-0.0045824610138249,74.8757553100586,0.1775215756709993,0.3120252230868677,0.5104532124180039
2020-09-16,-1.0,1.0,0.0172741289715393,76.18040466308594,0.16923221969053565,0.34056384108875337,0.4902039503965818
2020-09-17,-1.0,1.0,-0.0151156946803012,75.03754425048828,0.16913958452853844,0.3363151191983114,0.4945453018610856
2020-09-18,-1.0,1.0,-0.0167052750866089,73.79443359375,0.16264065774578912,0.3337966539930982,0.5035626845358224
2020-09-21,-1.0,1.0,-0.0244726599900607,72.01040649414062,0.13699651145690878,0.3228431222623974,0.5401603802505325
2020-09-22,0.0,1.0,-0.014542623365154,70.97076416015625,0.13518326899475025,0.3447868461355684,0.5200298904576168
2020-09-23,-1.0,1.0,0.020540778022005,72.44363403320312,0.144537532463203,0.38597623368198986,0.46948622640422655
2020-09-24,1.0,1.0,-0.0351563049812028,69.94103240966797,0.12653382629597903,0.3595673852025291,0.5138987894328144
2020-09-25,1.0,1.0,0.0095120539228276,70.60948944091797,0.12995925660464816,0.39338544810908793,0.4766552831790705
2020-09-28,1.0,1.0,0.0113213897260532,71.4134292602539,0.13251924800774423,0.42822291760688685,0.43925783438536886
2020-09-29,0.0,0.0,0.0135278391028378,72.38606262207031,0.13330292055425683,0.552047290038798,0.31464978009371936
2020-09-30,0.0,0.0,0.0050331681300106,72.75131225585938,0.12641660009710176,0.604770560405769,0.2688128273899357
2020-10-01,0.0,0.0,-0.0002866494532305,72.73046112060547,0.14339213821035451,0.5885431911331171,0.26806465575536714
2020-10-02,-1.0,0.0,0.0151011892998861,73.83711242675781,0.22513846779564203,0.45496997660076,0.3198915537409528
2020-10-05,1.0,0.0,-0.0219475553904397,72.23422241210938,0.20862287337495955,0.422811162588667,0.36856597055563134
2020-10-06,-1.0,1.0,0.0185343102571887,73.58551788330078,0.2783139574887963,0.31564639015261736,0.4060396523585863
2020-10-07,1.0,1.0,-0.0216858030001219,72.0069351196289,0.2404836749770088,0.3409110520013354,0.4186052637084301
2020-10-08,1.0,1.0,0.005580446033395,72.4098892211914,0.26263613069465763,0.3126894429148609,0.42467443756635237
2020-10-09,1.0,1.0,0.0165098370608746,73.61528778076172,0.2910776901399297,0.30226716348802285,0.4066551463720474
2020-10-12,1.0,-1.0,0.0180505071482008,74.95614624023438,0.36902446232964103,0.3440285391757273,0.2869469910440511
2020-10-13,-1.0,-1.0,0.0352163738926204,77.64286041259766,0.4505419109093553,0.31937224811056375,0.2300858409800809
2020-10-14,-1.0,-1.0,0.0015837220672827,77.76592254638672,0.4365900913842583,0.34474421633986874,0.21866569227587293
2020-10-15,-1.0,-1.0,-0.0023191937341534,77.58577728271484,0.41714873632304217,0.3728618468274277,0.20998942430011075
2020-10-16,1.0,-1.0,-0.0051107219969571,77.19026947021484,0.41819235551550465,0.3781026483317539,0.20370500360332214
2020-10-19,-1.0,-1.0,0.0078317800455684,77.79718017578125,0.43415073076820465,0.370771094306103,0.19507817492569243
2020-10-20,1.0,0.0,-0.0243745093395336,75.92383575439453,0.36295277616422156,0.42050660634431414,0.21654061004088368
2020-10-21,1.0,0.0,0.0137165949370672,76.97242736816406,0.3833188807395671,0.4092384892388665,0.20744261512040527
2020-10-22,1.0,-1.0,0.0222572079297026,78.70482635498047,0.4101089976079565,0.39352347417043343,0.19636752822161013
2020-10-23,-1.0,-1.0,0.01294866584362,79.73057556152344,0.4301673507519207,0.38724463431748896,0.18258802983175168
2020-10-26,-1.0,-1.0,0.0162492433145098,81.0367202758789,0.41764504815902603,0.40296549185669084,0.17938946743486378
2020-10-27,-1.0,0.0,-0.030270411290425,78.6204605102539,0.37062032080716145,0.4299461581392912,0.19943352850412804
2020-10-28,-1.0,0.0,0.009167124774229,79.34449768066406,0.38170972105937917,0.42539315262431215,0.1928971114151476
2020-10-29,1.0,0.0,-0.0566640376012229,74.97352600097656,0.22267390028545875,0.42225188000524816,0.3550742150526802
2020-10-30,1.0,0.0,0.0300444803021132,77.26024627685547,0.24187822633860484,0.43237344479553086,0.32574831768999346
2020-11-02,1.0,0.0,0.0373382241573365,80.19953918457031,0.25343999583311616,0.418324345089899,0.3282356460384687
2020-11-03,1.0,0.0,0.0050671854693925,80.6069564819336,0.2668251785345651,0.4234495351225954,0.30972529751871036
2020-11-04,1.0,0.0,0.0130522480335144,81.66595458984375,0.3275718404667114,0.465380746662174,0.20704742777227583
2020-11-05,0.0,0.0,0.0591000005958398,86.63788604736328,0.3149620199804949,0.4430640405902245,0.24197393942928058
2020-11-06,0.0,0.0,0.0094916987654494,87.46414184570312,0.2953886935770916,0.4834852881035192,0.2211260220446795
2020-11-09,0.0,0.0,-0.0015727506783546,87.32669067382812,0.2980345405629799,0.4948570856001119,0.20710838501277906
2020-11-10,0.0,0.0,0.0009597803380504,87.4105453491211,0.27608290962705756,0.5367712103745242,0.1871458837237085
2020-11-11,0.0,0.0,-0.0135463436897674,86.23443603515625,0.2694121716855753,0.5424813644271012,0.18810646574996864
2020-11-12,0.0,0.0,0.0054579120323349,86.70638275146484,0.2684962087613869,0.5554778591262872,0.17602592279910023
2020-11-13,0.0,0.0,-0.0025272169283684,86.48753356933594,0.2761133086755415,0.5485233671486114,0.17536332417584724
2020-11-16,0.0,0.0,0.0167508907257519,87.94847869873047,0.2564813611033867,0.5796629492277842,0.16385569153147433
2020-11-17,-1.0,0.0,0.0009983232052713,88.03632354736328,0.265186606231553,0.5631856049425661,0.17162778510059057
2020-11-18,0.0,0.0,-0.0069972396659315,87.4224624633789,0.2458282638313977,0.5330212522939526,0.22115047456142392
2020-11-19,0.0,0.0,-0.0120038056797389,86.37933349609375,0.22771946112346989,0.5196032563696176,0.2526772918201382
2020-11-20,0.0,0.0,0.0102482174761946,87.26911926269531,0.2237159175318485,0.5067949927512304,0.2694890804036953
2020-11-23,0.0,0.0,-0.0126985068064267,86.16793823242188,0.1941256124973706,0.5351340913874135,0.27074029890918355
2020-11-24,1.0,0.0,-0.0050924525921318,85.7302474975586,0.1891746750782793,0.5040200827824294,0.3068052458645816
2020-11-25,1.0,0.0,0.0208172698310309,87.53362274169922,0.2128220738399725,0.4823559969038937,0.3048219385693594
2020-11-27,1.0,0.0,0.0001302950959162,87.54502868652344,0.2387955041570165,0.4029819433432339,0.35822254318652375
2020-11-30,-1.0,1.0,0.0128917816521446,88.68094635009766,0.2927737767677873,0.34497484291489555,0.3622513765920268
2020-12-01,1.0,1.0,-0.0184223975549613,87.06218719482422,0.2831564579647081,0.3147899974437459,0.40205354086625555
2020-12-02,0.0,1.0,0.0230786016867675,89.0948257446289,0.3354474726582086,0.26761161911075915,0.3969409007804515
2020-12-03,-1.0,-1.0,0.0163579145790864,90.56421661376952,0.45498906731638833,0.21074452924827472,0.33426640716062717
2020-12-04,-1.0,-1.0,-0.0017164054108384,90.40890502929688,0.4442156779534123,0.22907837136389964,0.3267059432321074
2020-12-07,-1.0,-1.0,0.0010531937127903,90.5041732788086,0.40857168400764804,0.24720374295631753,0.344224580486615
2020-12-08,-1.0,-1.0,-0.0036970061259749,90.17019653320312,0.4056488965459622,0.2295504193569135,0.3648006896850597
2020-12-09,-1.0,-1.0,-0.0031418001613834,89.88734436035156,0.3865836382259786,0.2314001522624103,0.3820162188248369
2020-12-10,-1.0,1.0,-0.0186510660569058,88.22638702392578,0.29328833068928173,0.2701322457695699,0.4365794235411482
2020-12-11,-1.0,1.0,-0.0057593714688236,87.71971893310547,0.252316195823714,0.27670191319011017,0.47098190029940157
2020-12-14,-1.0,1.0,0.0040366861019146,88.07453155517578,0.25306381749431384,0.2681424194272774,0.4787937723916344
2020-12-15,-1.0,1.0,-0.0127812349130591,86.95599365234375,0.2343060721125132,0.2552432961018106,0.5104506243350955
2020-12-16,-1.0,1.0,0.0050207611389982,87.3936767578125,0.22787456419442925,0.26299288629718204,0.5091325439204533
2020-12-17,-1.0,1.0,-0.0022112864277318,87.20063781738281,0.22698993183416044,0.24282088634590143,0.5301891836825832
2020-12-18,0.0,1.0,-0.0095378305789421,86.37288665771484,0.22910199664912492,0.21447933698643248,0.5564186663644426
2020-12-21,1.0,1.0,-0.0082441583984691,85.66374206542969,0.22425519707149444,0.2050619370341014,0.5706828603064689
2020-12-22,1.0,1.0,0.0048198965969258,86.07762908935547,0.22632673757432026,0.21290573808518515,0.5607675206152043
2020-12-23,1.0,1.0,-0.0083015999562408,85.36600494384766,0.22519404210224978,0.20666047592301592,0.568145467073573
2020-12-24,1.0,1.0,0.004645602056002,85.76350402832031,0.22560749271196634,0.215455691982807,0.5589368153052267
2020-12-28,1.0,1.0,0.0034252572834459,86.05776977539062,0.23369205461749026,0.2364590144064449,0.5298489347013551
2020-12-29,-1.0,1.0,0.0226911659818711,88.03284454345703,0.27652014582433304,0.302525064602794,0.4209548081993243
2020-12-30,-1.0,1.0,-0.0091739637172588,87.22892761230469,0.26331730526689673,0.30275279758988066,0.4339299083190934
2020-12-31,1.0,1.0,-0.012312760837026,86.16148376464844,0.2545041139762126,0.2999988019260419,0.44549708409774536
2021-03-17,-1.0,-1.0,0.014233095317116,103.41314697265624,0.5158468291121643,0.24006258214834755,0.24409059805271388
2021-03-18,-1.0,-1.0,-0.000801748552898,103.33026885986328,0.5265809227196565,0.23086428948306975,0.24255479152256407
2021-03-19,0.0,-1.0,-0.0296740365824917,100.30908966064452,0.5206463056536051,0.2002497337842858,0.2791039680126896
2021-03-22,0.0,-1.0,0.0027764734816529,100.58798217773438,0.5307256295450826,0.19703926579530875,0.27223509720902805
2021-03-23,0.0,-1.0,0.001838532377977,100.77308654785156,0.5295607795103292,0.198652693742788,0.27178651557101186
2021-03-24,0.0,-1.0,0.0052259652065674,101.30110168457033,0.5307312683298303,0.19779690179883166,0.2714718373219186
2021-03-25,0.0,-1.0,-0.0043202186641381,100.8644027709961,0.525883679361798,0.2035860607057223,0.27053024875660886
2021-03-26,1.0,-1.0,-3.4492485066689846e-05,100.86092376708984,0.5353327444417056,0.19049450371391807,0.2741727555696664
2021-03-29,1.0,-1.0,-0.003810490985168,100.47732543945312,0.5388751934467344,0.18323397453605572,0.2778908357425001
2021-03-30,1.0,-1.0,0.0103476789003366,101.52243041992188,0.5436773069056577,0.18470624100903676,0.27161645581059574
2021-03-31,1.0,-1.0,0.0003322573944875,101.55616760253906,0.5558601273525796,0.17726506976358775,0.26687478798267134
2021-04-01,1.0,-1.0,0.0078121421887309,102.35264587402344,0.6011630977263698,0.16409102321235902,0.23474587719862605
2021-04-05,1.0,-1.0,0.0320901835491096,105.6904296875,0.4401895969016013,0.3532465332203651,0.20656388105390452
2021-04-06,0.0,-1.0,0.0410198460875554,110.11598205566406,0.45618459045015514,0.3454529339881442,0.19836247183641023
2021-04-07,1.0,-1.0,-0.0043809164293797,109.63462829589844,0.4788784718411648,0.3239742968188608,0.19714724624113544
2021-04-08,0.0,-1.0,0.0133851463467465,111.11196899414062,0.46237462336082413,0.33574678329820484,0.20187858589039032
2021-04-09,0.0,-1.0,0.0050785879072176,111.67769622802734,0.436077012767671,0.3587159504562921,0.20520703305074656
2021-04-12,0.0,0.0,0.0089536226190968,112.6821060180664,0.40592976780335105,0.4316183584255726,0.16245186073256018
2021-04-13,1.0,-1.0,-0.0115386296307997,111.3893814086914,0.45301044416665665,0.38006379363096304,0.16692575847708993
2021-04-14,0.0,-1.0,0.0043608116095668,111.87619018554688,0.46511325972537526,0.3747262793888094,0.1601604683363958
2021-04-15,1.0,-1.0,-0.0055690045358284,111.2548828125,0.4658883698228721,0.3780425677197166,0.15606905128154033
2021-04-16,0.0,0.0,0.0191472445986781,113.40563201904295,0.38731233734892967,0.4674298745242153,0.14525779185214524
2021-04-19,-1.0,0.0,-0.0010945619824672,113.28157043457033,0.3904807503496114,0.46742576420980225,0.14209349289116682
2021-04-20,-1.0,0.0,0.0030662043429055,113.62944793701172,0.3904701254705514,0.4662312987747466,0.143298575754702
2021-04-21,0.0,0.0,-0.0047058109095017,113.09598541259766,0.4072153201683911,0.43341753988671683,0.1593671436701823
2021-04-22,1.0,0.0,-0.0002896454211794,113.063232421875,0.3861600160156311,0.4366226296052396,0.17721735996706459
2021-04-23,1.0,0.0,-0.0114019031390914,111.78141784667967,0.3674161178747092,0.42214755227421075,0.21043633730166067
2021-04-26,1.0,0.0,0.0208290185920198,114.1341323852539,0.3979535651404207,0.40747337751844726,0.194573057341132
2021-04-27,1.0,-1.0,0.004338563938537,114.63038635253906,0.40139550740931873,0.39065346153744257,0.20795104222910946
2021-04-28,1.0,-1.0,-0.0082375200442749,113.68999481201172,0.43577901722295026,0.34281754036740164,0.22140344613493845
2021-04-29,-1.0,-1.0,0.0292750720360314,117.06747436523438,0.45180213773993533,0.3489769902318386,0.19922087016558088
2021-04-30,-1.0,-1.0,0.0141928061063714,118.74083709716795,0.4594159541482489,0.3078647262802788,0.23271933074734324
2021-05-03,-1.0,-1.0,-0.0165440019582522,116.79254913330078,0.47220569495302694,0.32549322104930634,0.20230107095915056
2021-05-04,-1.0,-1.0,-0.0044372515616593,116.27545928955078,0.5076738276898365,0.29841563559570294,0.19391052926387994
2021-05-05,1.0,-1.0,-0.0155920507041653,114.47654724121094,0.5402477707397368,0.24035624291969282,0.21939599937908652
2021-05-06,1.0,-1.0,0.0034360849517027,114.87057495117188,0.5135648349496966,0.2580943085378469,0.2283408471992308
2021-05-07,-1.0,-1.0,0.0097073744425053,115.99109649658205,0.5094542047862003,0.2757882383124931,0.21475756062659687
2021-05-10,-1.0,-1.0,0.0062183975157344,116.7146224975586,0.5078358796979392,0.28376706806860175,0.20839704292023328
2021-05-11,-1.0,-1.0,-0.0259204154295897,113.72820281982422,0.5170048966270426,0.24320059275140918,0.23979451434683854
2021-05-12,-1.0,-1.0,-0.0095094135210857,112.65184020996094,0.5160243178146654,0.22215914032597828,0.2618165530352273
2021-05-13,1.0,-1.0,-0.0312353446173271,109.18750762939452,0.5149757558166392,0.2027896693121647,0.28223457114590594
2021-05-14,1.0,-1.0,0.0129999932507785,110.6162109375,0.5090261444821952,0.20696476215561407,0.2840091008127713
2021-05-17,0.0,-1.0,0.0218936809832306,113.06471252441406,0.5139290788299451,0.2179377926152907,0.26813314159328017
2021-05-18,1.0,-1.0,0.0046153629792383,113.58775329589844,0.502155766540311,0.2325242671495894,0.26531997376068023
2021-05-19,1.0,-1.0,-0.0116228995055083,112.27517700195312,0.5079112215363817,0.22630443893763946,0.26578433207539826
2021-05-20,1.0,-1.0,0.003983322211044,112.72329711914062,0.5064709581501909,0.23207457537872625,0.2614544664710829
2021-05-21,1.0,-1.0,0.0154858392038705,114.48249816894533,0.5043739489030268,0.25077095955312234,0.24485510271972166
2021-05-24,1.0,-1.0,-0.0055726794662644,113.84629821777344,0.5064387032206485,0.2489291473533349,0.24463215687659706
2021-05-25,0.0,-1.0,0.0287485792625566,117.16671752929688,0.5388629564257038,0.26326113171309823,0.1978759174491334
2021-05-26,0.0,-1.0,0.0007748372018933,117.25753784179688,0.4785143833673823,0.32259256916995904,0.19889304373736827
2021-05-27,0.0,-1.0,0.0073537052764706,118.12299346923828,0.4352467310665614,0.3670171418499203,0.19773613080880853
2021-05-28,0.0,-1.0,-0.0074340641259508,117.24811553955078,0.46646855258194,0.33204809685740283,0.20148335801123785
2021-06-01,1.0,-1.0,-0.0024705881544499,116.95880126953124,0.48022028196237887,0.30997682204964433,0.2098028959879768
2021-06-02,0.0,-1.0,0.0102700921831491,118.16616821289062,0.4453673480297275,0.3577671885581226,0.19686546341214994
2021-06-03,0.0,-1.0,-0.0044572180179481,117.6406478881836,0.45624703427063007,0.34593371749704976,0.19781924264438472
2021-06-04,1.0,-1.0,-0.0097538917272382,116.49877166748048,0.4872912453083118,0.30225589222255794,0.21045286619442055
2021-06-07,0.0,-1.0,0.0194009741761207,118.7810287475586,0.43102416373722163,0.3725983950512908,0.1963774318982619
2021-06-08,0.0,-1.0,0.0036406437002341,119.2142562866211,0.4331904762546401,0.3712217345106505,0.19558780413587074
2021-06-09,1.0,-1.0,-0.0016082015128544,119.02268981933594,0.44889995548389905,0.34917801228335504,0.2019220266448104
2021-06-10,0.0,-1.0,0.0039531920557641,119.494140625,0.4920204966417257,0.3170742095793118,0.1909053030921883
2021-06-11,0.0,-1.0,0.0112285256867558,120.84344482421876,0.48261536079179834,0.325530190889861,0.19185444459305023
2021-06-14,-1.0,-1.0,-0.0020265239687003,120.59880065917967,0.487518513069119,0.3233266379739145,0.1891548573388696
2021-06-15,-1.0,-1.0,0.0076693844266035,121.52727508544922,0.4818839676647335,0.32769352910307215,0.19042250323219428
2021-06-16,-1.0,-1.0,-0.0084145792127529,120.50896453857422,0.4841917820294577,0.32821496661678656,0.1875932550790461
2021-06-17,0.0,-1.0,-0.0053428407927944,119.8668212890625,0.5389542194232124,0.2819097923304171,0.17913599010901568
2021-06-18,-1.0,-1.0,0.0080077933519677,120.8305435180664,0.5492229470886165,0.2722425950374522,0.1785344466980604
2021-06-21,1.0,-1.0,-0.0135001572001494,119.21027374267578,0.6047330281370049,0.20891521546831265,0.18635176198261785
2021-06-22,0.0,-1.0,0.0140667527356047,120.8990249633789,0.6179477844433003,0.20830356592153354,0.17374864777252097
2021-06-23,0.0,-1.0,0.0042433489838519,121.4131317138672,0.614438677948368,0.2134452148229234,0.17211610629738608
2021-06-24,0.0,-1.0,-0.0016648404983777,121.21116638183594,0.6213122627343114,0.20655959805807117,0.17212814572687535
2021-06-25,0.0,-1.0,0.0030495914318718,121.58137512207033,0.6217470392577533,0.20870817402728553,0.1695447923028966
2021-06-28,1.0,-1.0,6.921233572392578e-05,121.58979034423828,0.6238334750040656,0.20849350383412152,0.1676730183678451
2021-06-29,1.0,-1.0,0.0002245462993128,121.61709594726562,0.6234331800469205,0.20482204962252806,0.17174477591848686
2021-06-30,1.0,-1.0,-0.0021526740855981,121.35557556152344,0.6186277892552143,0.20170287171166135,0.17966933903312438
2021-07-01,1.0,-1.0,-0.001497822046283,121.17394256591795,0.5985391437645398,0.2044525804820756,0.1970082757533847
2021-07-02,1.0,-1.0,0.0029035073582387,121.52628326416016,0.5978122726875109,0.199058912284714,0.2031288243410008
2021-07-06,1.0,-1.0,0.0227137770569758,124.31819152832033,0.6050775616634957,0.2151952921238362,0.1797271480753132
2021-07-07,-1.0,-1.0,0.0074170846840102,125.2436981201172,0.5236896319611923,0.256530498454962,0.2197798788970714
2021-07-08,-1.0,-1.0,0.0022480274888315,125.52556610107422,0.5140772501899048,0.2509210871856329,0.2350016719376881
2021-07-09,1.0,-1.0,-0.0113710539662831,124.10629272460938,0.5499489011916776,0.2457867149011796,0.2042643857697879
2021-07-12,1.0,-1.0,0.0037874660095285,124.57723236083984,0.5295506559001519,0.2683749266192521,0.20207442120588615
2021-07-13,-1.0,-1.0,0.0115409480257746,126.02330017089844,0.48876473298108175,0.2991123556764834,0.2121229150677251
2021-07-14,-1.0,-1.0,0.0028783234892172,126.38655853271484,0.4998531180396466,0.28815785964486995,0.21198903162870913
2021-07-15,-1.0,-1.0,0.0070076739253287,127.2753448486328,0.4758129770084841,0.2924194756006032,0.2317675399403321
2021-07-16,-1.0,-1.0,-0.0096537341166323,126.05257415771484,0.5143032386611683,0.2831629544062458,0.20253379948200523
2021-07-19,-1.0,-1.0,-0.000275610558882,126.01783752441406,0.5137358496292241,0.28667390005987203,0.19959025962412963
2021-07-20,1.0,-1.0,-0.0190187462911073,123.64378356933594,0.5936089910708117,0.2048505729032964,0.20154045278969818
2021-07-21,1.0,-1.0,0.013011238946399,125.26305389404295,0.5751248678581965,0.22820097446139054,0.19667415022983245
2021-07-22,1.0,-1.0,0.0105572390978318,126.59249114990234,0.5942265002361423,0.2253432335620932,0.18043025968250648
2021-07-23,1.0,-1.0,0.0068172951434015,127.45845794677734,0.6016077975263039,0.22235434564634535,0.1760378568273507
2021-07-26,1.0,-1.0,0.035144127525572,132.01751708984375,0.4541962922344099,0.3000512847134919,0.2457524342279691
2021-07-27,-1.0,-1.0,0.0076390061944401,133.0298614501953,0.4658283407438517,0.30058819968541856,0.23358344466956846
2021-07-28,1.0,-1.0,-0.0160568891734043,130.91087341308594,0.4640141108900652,0.3343722936516784,0.20161359732090145
2021-07-29,0.0,-1.0,0.031301785613388,135.07342529296875,0.47228684497185175,0.29822193313755,0.22949123492911425
2021-07-30,0.0,-1.0,-0.0023282392011026,134.75930786132812,0.4905109837443404,0.30808798006976246,0.2014010361858971
2021-08-02,0.0,-1.0,-0.0077707396669231,133.7161865234375,0.49104243733316455,0.29521741528535067,0.21374012875503323
2021-08-03,0.0,-1.0,0.0009496558810204,133.84323120117188,0.48334534581257604,0.305305050900075,0.211349592111478
2021-08-04,0.0,-1.0,0.0057340518552274,134.61289978027344,0.47739013121172996,0.3106784137626895,0.21193145875087072
2021-08-05,0.0,-1.0,-0.0037265033157959,134.11219787597656,0.4617732782680182,0.3176542961110231,0.2205724218956684
2021-08-06,0.0,-1.0,0.0082982226494495,135.22972106933594,0.4381446056207914,0.3321537964968189,0.2297015829812284
2021-08-09,0.0,-1.0,-0.0037719930426056,134.72059631347656,0.47931632258254575,0.30357663088268244,0.2171070390841911
2021-08-10,0.0,-1.0,0.0086153550407815,135.8862762451172,0.4432775219000161,0.3270591179147862,0.2296633676357782
2021-08-11,0.0,-1.0,-0.0007743207205714,135.78109741210938,0.4511652815575995,0.3480561449809386,0.20077858463733256
2021-08-12,0.0,-1.0,-0.0038670851228402,135.2570343017578,0.5047817439658933,0.2898536737033705,0.20536458605602645
2021-08-13,0.0,-1.0,0.0066916430196872,136.1651611328125,0.5090219672243891,0.2880356698532328,0.20294237596089415
2021-08-16,-1.0,-1.0,0.003881195391652,136.69467163085938,0.5177223825222438,0.277989872650096,0.2042877429650151
2021-08-17,-1.0,-1.0,0.0042167296807401,137.2722930908203,0.5799110930884983,0.23527813456871927,0.18481078351865343
2021-08-18,1.0,-1.0,-0.0119867054916054,135.6366729736328,0.562757760089286,0.24003738895361731,0.19720485281974193
2021-08-19,1.0,-1.0,-0.0089119353439438,134.43325805664062,0.5533351326165856,0.23056216850746036,0.21610269980727675
2021-08-20,1.0,-1.0,0.0017037269780071,134.66249084472656,0.5597098372336597,0.2031088940320517,0.23718126873428858
2021-08-23,1.0,-1.0,0.0128120659031191,136.39889526367188,0.54167649098289,0.2220355677959997,0.23628795612227158
2021-08-24,1.0,-1.0,0.0188279325882952,138.9913330078125,0.5638006527082244,0.21978652594428488,0.21641282879807128
2021-08-25,1.0,-1.0,0.0086739375171282,140.20217895507812,0.5966687330917584,0.21131802208295306,0.1920132448252886
2021-08-26,1.0,-1.0,0.0057704674246014,141.0135498046875,0.4521249731273957,0.30011464564765306,0.24776038122495114
2021-08-27,1.0,-1.0,-0.0045040045452778,140.37985229492188,0.4645820285722163,0.3127151239070462,0.2227028382075117
2021-08-30,0.0,-1.0,0.0179617604732149,142.92410278320312,0.45170060464988804,0.292461708053363,0.255837687296749
2021-08-31,-1.0,-1.0,0.0040643595528825,143.5061798095703,0.4592259780882768,0.3043938230834659,0.23638018392709603
2021-09-01,-1.0,-1.0,0.0007398785336067,143.61239624023438,0.47657673404543344,0.29831098217289254,0.2251122744684482
2021-09-02,-1.0,-1.0,0.0035735880431308,144.12652587890625,0.47744937362860657,0.2915988055654862,0.2309518170806169
2021-09-03,-1.0,-1.0,-0.0133691907766467,142.21249389648438,0.49826508234822864,0.2950676147365505,0.2066673047778661
2021-09-07,-1.0,-1.0,0.0031530582175125,142.66160583496094,0.5382730665752027,0.2712574383811418,0.19046948014249437
2021-09-08,-1.0,-1.0,0.0037566771988604,143.19854736328125,0.5697089722294425,0.24510884117759846,0.18518220149412018
2021-09-09,-1.0,-1.0,-0.0040941863959806,142.61346435546875,0.5787861743987537,0.23509890081873908,0.18611493409573301
2021-09-10,-1.0,-1.0,-0.0010447002329438,142.4645538330078,0.5636660238154791,0.23933237742631785,0.19700159689555796
2021-09-13,1.0,-1.0,-0.0187403459590296,139.819580078125,0.5496205570589002,0.2266365476933787,0.22374288779714047
2021-09-14,1.0,-1.0,0.0102856491196925,141.26513671875,0.5519239345644172,0.2297781725282037,0.21829790594589515
2021-09-15,1.0,-1.0,0.0014882063387515,141.47552490234375,0.5468184049227091,0.2338549751386993,0.21932661248801108
2021-09-16,-1.0,-1.0,0.0131374869525756,143.34642028808594,0.5493703680146144,0.23820172281203822,0.21242791662392807
2021-09-17,-1.0,-1.0,-0.0056903137769771,142.53305053710938,0.5213629404285688,0.25948847456950547,0.2191485850019258
2021-09-20,-1.0,-1.0,-0.019760722802988,139.744140625,0.5253870228081889,0.20982544288814095,0.2647875454795411
2021-09-21,1.0,-1.0,-0.0148866263131769,137.67922973632812,0.5203717908917481,0.20043011892731943,0.27919810135680334
2021-09-22,1.0,-1.0,0.0022575763264371,137.9904022216797,0.5223641779911226,0.2023406314281388,0.275295194306029
2021-09-23,1.0,-1.0,0.0089538177807783,139.2314910888672,0.508307370288101,0.21238558926415302,0.2793070516236168
2021-09-24,-1.0,-1.0,0.0066255815079614,140.15704345703125,0.5255554305300334,0.21012332975788037,0.2643212397120863
2021-09-27,-1.0,-1.0,0.007049200572402,141.14852905273438,0.5300885920815404,0.21966717276722578,0.2502442332885887
2021-09-28,-1.0,-1.0,-0.0080697169154066,140.0140838623047,0.5304860008043959,0.2136674332051574,0.25584657344102735
2021-09-29,-1.0,-1.0,-0.0378661286030308,134.81141662597656,0.5321434277003969,0.2073685537466542,0.2604880260035294
2021-09-30,1.0,-1.0,-0.0109296862154385,133.3459930419922,0.5123826278862906,0.2220550402274742,0.26556234306210613
2021-10-01,1.0,-1.0,-0.0050556909348223,132.6735382080078,0.507274396109512,0.2206525331417376,0.2720730558475892
2021-10-04,-1.0,-1.0,0.0212207707423301,135.51905822753906,0.5179930422037267,0.22541043709395583,0.25659652442760783
2021-10-05,1.0,-1.0,-0.0213438390587429,132.65721130371094,0.497697448026817,0.23878106740327606,0.2635214920204876
2021-10-06,1.0,-1.0,0.0175282631467297,135.00296020507812,0.5070383172719755,0.24434498701930657,0.24861668453284713
2021-10-07,0.0,-1.0,0.0112724668442547,136.53338623046875,0.4811211814715661,0.26961033495105907,0.24926848730266515
2021-10-08,-1.0,-1.0,0.01199491443931,138.1809539794922,0.48218826198068054,0.2816531716717594,0.23615855517168913
2021-10-11,-1.0,-1.0,0.0040177238326398,138.73724365234375,0.5012155001081993,0.28053000628215763,0.21825448988435275
2021-10-12,-1.0,-1.0,-0.0062541435231869,137.8722686767578,0.4979616924915471,0.2797523652838077,0.22228593849935493
2021-10-13,1.0,-1.0,-0.0179040295056942,135.42576599121094,0.5430084015462376,0.23639670180077818,0.2205948817518229
2021-10-14,1.0,-1.0,0.008269243947514,136.55027770996094,0.5301186666573638,0.24792538318759832,0.22195595760561843
2021-10-15,0.0,-1.0,0.0256099194086,140.0924835205078,0.4842272596526226,0.2845773824510117,0.23119535789636564
2021-10-18,-1.0,-1.0,0.001536216726769,140.307861328125,0.5049420201298604,0.2739138575032251,0.22114412236691444
2021-10-19,-1.0,-1.0,0.0099247942176661,141.7073211669922,0.468039594965662,0.3180564534586404,0.21390395716363303
2021-10-20,-1.0,-1.0,0.0032093617456328,142.162841796875,0.472795833618472,0.3293087498805764,0.19789542022624185
2021-10-21,-1.0,-1.0,-0.0103014793113607,140.70587158203125,0.527592282684778,0.2696934053434667,0.20271430824646508
2021-10-22,-1.0,-1.0,0.0008249229067364,140.82199096679688,0.5123915158780081,0.28258135154181807,0.2050271363054641
2021-10-25,1.0,-1.0,-0.0309164925953688,136.53488159179688,0.5013292768608135,0.2722872784661525,0.22638345212361438
2021-10-26,1.0,-1.0,-0.0008690681242627,136.41627502441406,0.5347007655599795,0.24017597563178203,0.22512326998410934
2021-10-27,1.0,-1.0,0.0134524645058496,138.26380920410156,0.5334175501161298,0.23758586240528834,0.22899659120387217
2021-10-28,-1.0,0.0,0.0484043711748094,145.12100219726562,0.3945119128148416,0.41687809173900103,0.1886099973088024
2021-10-29,0.0,-1.0,-0.0025231976210074,144.7552947998047,0.40716378889247273,0.4071170017583022,0.18571920562393474
2021-11-01,-1.0,-1.0,0.0149511046782724,146.93580627441406,0.4414203561978098,0.38068652498756084,0.17789310577611328
2021-11-02,1.0,-1.0,-0.0312089453513537,142.42091369628906,0.4901477201554192,0.31533786849348516,0.19451442066432134
2021-11-03,1.0,-1.0,0.0133978567102952,144.34188842773438,0.4851937526736223,0.3196555993747533,0.1951506479516244
2021-11-04,0.0,-1.0,0.0079820422640026,145.49864196777344,0.4496342292350006,0.36055915277513606,0.18980661240192784
2021-11-05,0.0,-1.0,0.0113240467792473,147.1556396484375,0.42328512004727364,0.39279113876134497,0.18392373374080073
2021-11-08,-1.0,-1.0,0.0039344968584904,147.7357635498047,0.421318646251405,0.38132211067901034,0.19735925052016512
2021-11-09,-1.0,-1.0,0.0012018169597166,147.91342163085938,0.4357736118105433,0.3587876941805843,0.20543868283300146
2021-11-10,-1.0,-1.0,-0.000755211983888,147.8017578125,0.4267133012025168,0.37011019668137923,0.20317650956668445
2021-11-11,0.0,-1.0,-0.0205224049857209,144.79942321777344,0.4696768508032011,0.3259476913436079,0.2043754615784813
2021-11-12,1.0,-1.0,-0.000870702437938,144.67340087890625,0.4490313025855067,0.3406668695059699,0.2103018390843942
2021-11-15,0.0,-1.0,0.0197767432373796,147.56304931640625,0.43021035964368287,0.365140233446096,0.20464939945964056
2021-11-16,0.0,-1.0,-0.0015212131408325,147.3387451171875,0.44039984416133504,0.35261877591432744,0.20698138364962776
2021-11-17,0.0,-1.0,-0.0038874168777934,146.76708984375,0.4823579218785855,0.3058995173915123,0.21174255700461184
2021-11-18,0.0,-1.0,0.0011555381309575,146.93678283691406,0.4810343612905478,0.30359622528500324,0.21536940597386836
2021-11-19,-1.0,-1.0,0.012028226401366,148.71484375,0.4645913352853285,0.337967503485455,0.197441142602765
2021-11-22,-1.0,-1.0,-0.0061050878986142,147.8096923828125,0.5209914274767542,0.2660940092402774,0.21291457073354914
2021-11-23,-1.0,-1.0,-0.017779664892832,145.2049102783203,0.5208389010513532,0.24770849824369073,0.2314525858037948
2021-11-24,-1.0,-1.0,-0.0035609217144684,144.6887664794922,0.5146114740094928,0.2137837760884055,0.27160475362739206
2021-11-26,-1.0,-1.0,0.0023157358440483,145.0242156982422,0.524986329956876,0.20932631864957818,0.26568734766825547
2021-11-29,1.0,-1.0,-0.0273132068106087,141.1167449951172,0.5065506029931155,0.22175234528380125,0.2716970517230832
2021-11-30,-1.0,-1.0,0.0232707709155721,144.43914794921875,0.5142782347076603,0.22910031108058598,0.2566214616623343
2021-12-01,1.0,-1.0,-0.0252806336515793,140.83340454101562,0.5167378489698113,0.21610595362861718,0.26715618995099083
2021-12-02,1.0,-1.0,-0.0059798195923029,139.99375915527344,0.5171168707611742,0.22542348977443682,0.25745964691496964
2021-12-03,1.0,-1.0,0.0134816832778047,141.89389038085938,0.5004601456439441,0.23731912179205022,0.2622207213881347
2021-12-06,1.0,-1.0,-0.006769277202338,140.93661499023438,0.5124519910890588,0.23377463282813787,0.25377337608280337
2021-12-07,1.0,-1.0,0.008090459236488,142.08148193359375,0.5052066837261706,0.24260020550329664,0.25219310331995215
2021-12-08,-1.0,-1.0,0.0283362003256453,146.1651153564453,0.5087668855326073,0.26465523403557284,0.22657787111859418
2021-12-09,-1.0,-1.0,0.006207390182191,147.0752410888672,0.5404322988300224,0.24294376715637556,0.2166239191124409
2021-12-10,-1.0,-1.0,-0.0037048547501563,146.53135681152344,0.4804947376114206,0.28334053352237987,0.23616471769032865
2021-12-13,-1.0,-1.0,0.0024557768362993,146.8916473388672,0.4648783740176694,0.3070028318600512,0.2281187978475697
2021-12-14,-1.0,-1.0,-0.0148049662728869,144.73294067382812,0.47902173079254556,0.27575583533336046,0.24522243759938422
2021-12-15,-1.0,-1.0,-0.013250408159029,142.82781982421875,0.5481883992462183,0.22441931177694482,0.2273922740756756
2021-12-16,-1.0,-1.0,0.0174553747437441,145.3428192138672,0.5032980636233244,0.25974454594904867,0.23695737925175597
2021-12-17,-1.0,-1.0,-0.0137236029802868,143.36181640625,0.5513575466561274,0.22084532646880733,0.22779711942448475
2021-12-20,1.0,-1.0,-0.0190104499643739,140.6621856689453,0.5370804347085106,0.22743792420904566,0.23548163921979862
2021-12-21,1.0,-1.0,-0.0008329174201995,140.54507446289062,0.5230173067362203,0.22655225988915598,0.25043042964933343
2021-12-22,1.0,-1.0,0.0130879155451713,142.3966064453125,0.5123680559182602,0.24647653362414657,0.2411554030070127
2021-12-23,0.0,-1.0,0.0203015097364469,145.3170166015625,0.5398235264978997,0.23554285963152521,0.22463361573322022
2021-12-27,0.0,-1.0,0.0034195693674569,145.81478881835938,0.5123050940567064,0.26928557789644025,0.21840932804685326
2021-12-28,-1.0,-1.0,0.0067158041198005,146.79734802246094,0.4827904608533498,0.2923231024500792,0.22488644042186132
2021-12-29,-1.0,-1.0,-0.0082792709521734,145.5869903564453,0.49422707340833233,0.2811937375537039,0.22457920393912492
2021-12-30,-1.0,-1.0,-0.000218235608951,145.5552215576172,0.4913759704916281,0.2794140553436429,0.22920997416472882
2021-12-31,-1.0,-1.0,-0.0031039493280016,145.1041259765625,0.4839266904606646,0.2787367531391865,0.23733657130131008
2022-03-16,1.0,1.0,0.0254530945478991,128.2291259765625,0.31440370028835324,0.28323846590180546,0.4023578412604216
2022-03-17,1.0,0.0,0.0311098970657472,132.28102111816406,0.31888922886489646,0.36508329020206565,0.31602748093303773
2022-03-18,1.0,-1.0,0.0041817267668309,132.83534240722656,0.37854341118011464,0.32709468279431775,0.29436190602556755
2022-03-21,1.0,0.0,0.0169396292535587,135.1046905517578,0.3586840202428565,0.396121895037026,0.24519408472011742
2022-03-22,1.0,0.0,-0.0001762026769067,135.0808868408203,0.3547280819253059,0.40483844905392324,0.24043347274606094
2022-03-23,0.0,0.0,0.0272980466230387,138.81912231445312,0.32187719752003036,0.4595378278961393,0.2185849671332497
2022-03-24,1.0,0.0,-0.0114511118673433,137.23855590820312,0.33476612624992114,0.4321597793032835,0.2330740907215049
2022-03-25,0.0,0.0,0.0235605322662983,140.51036071777344,0.2892082190867178,0.5088356533373237,0.20195612757595838
2022-03-28,0.0,0.0,0.0007130008201731,140.61058044433594,0.2799790512317448,0.5207938315091278,0.19922710980854663
2022-03-29,0.0,0.0,-0.0015362761115536,140.3947296142578,0.27471004477290406,0.5192450254876536,0.20604492973944225
2022-03-30,-1.0,0.0,0.0073952239762051,141.43682861328125,0.2636048959731422,0.534336175726045,0.2020589283008127
2022-03-31,-1.0,0.0,-0.0039865947125728,140.8740997314453,0.2491081214217254,0.5602321124799237,0.1906597511971897
2022-04-01,-1.0,0.0,-0.0204345616176687,138.0246124267578,0.2724552065589546,0.517883530707777,0.2096612739091392
2022-04-04,-1.0,0.0,0.0077575026426119,139.09950256347656,0.2624691326223639,0.5363804021036445,0.20115045968605616
2022-04-05,-1.0,0.0,0.019928501983605,141.89935302734375,0.25248664982844293,0.5716410089348443,0.17587232819819676
2022-04-06,-1.0,0.0,-0.016790503775255,139.53668212890625,0.27793620430649724,0.4982634813546649,0.2238003180641281
2022-04-07,-1.0,0.0,-0.0291786467138815,135.52401733398438,0.2617452526991279,0.41084798729956407,0.32740677117717876
2022-04-08,-1.0,1.0,-0.0048414056512742,134.86947631835938,0.26509801877719086,0.3559128103639426,0.37898918948531785
2022-04-11,-1.0,1.0,-0.0193262623918878,132.28797912597656,0.30774448428906087,0.28324763336460956,0.40900787489574886
2022-04-12,0.0,1.0,-0.0340652161028734,127.85745239257812,0.3304243760688852,0.1677260278020175,0.501849594266452
2022-04-13,0.0,1.0,-0.0086460185937376,126.75675964355467,0.30990640420928245,0.15555267494598912,0.5345409189820831
2022-04-14,-1.0,1.0,0.0169213610220087,128.91990661621094,0.3344614414831847,0.16709974392221733,0.498438816457243
2022-04-18,1.0,1.0,-0.0246597833923491,125.77964782714844,0.3259389361503727,0.16871383476142895,0.5053472290881982
2022-04-19,-1.0,1.0,0.0074408024247179,126.7190399169922,0.3300694948843223,0.18674783270834758,0.48318266681939465
2022-04-20,-1.0,1.0,0.0181041486820017,129.03407287597656,0.3413701955582688,0.2130659835549477,0.44556382647471904
2022-04-21,-1.0,1.0,-0.0152611173655277,127.07981872558594,0.34094974781008713,0.2141746191535419,0.44487562558579036
2022-04-22,-1.0,1.0,-0.0255141211279045,123.87850189208984,0.3219678375407293,0.2164030541754363,0.4616291008332538
2022-04-25,1.0,1.0,-0.0423789296940457,118.73834991455078,0.2890990684750015,0.23389529699210082,0.4770056382581879
2022-04-26,-1.0,1.0,0.0283361598709856,122.15106201171876,0.3129465994095282,0.26110286701825935,0.42595052984692217
2022-04-27,-1.0,1.0,-0.0366078104538642,117.76023864746094,0.2786306665824515,0.27148360551515094,0.44988572417710726
2022-04-28,1.0,1.0,-0.0373995986668956,113.43739318847656,0.2693577720029188,0.2511964403189847,0.47944578022751577
2022-04-29,-1.0,1.0,0.0363244549996415,117.63369750976562,0.3399401760295322,0.27187007879645203,0.38818974331137057
2022-05-02,1.0,1.0,-0.0379444270395825,113.25377655029295,0.2840942000991924,0.2713102527333881,0.44459553971683885
2022-05-03,1.0,1.0,0.0214449967965221,115.70873260498048,0.33172119382845616,0.29427122350719703,0.3740075808017017
2022-05-04,1.0,1.0,0.0064212407739628,116.45411682128906,0.33407308811051223,0.31932171808902404,0.34660518262459283
2022-05-05,-1.0,0.0,0.0411334737343736,121.34416198730467,0.23563632748799884,0.5043630607549425,0.26000061175705846
2022-05-06,-1.0,0.0,-0.0482196383879723,115.63182067871094,0.2661674651743924,0.450936877859064,0.2828956420653824
2022-05-09,0.0,0.0,-0.0065359863390784,114.8785171508789,0.2847046872535105,0.42258787656467595,0.29270742873123284
2022-05-10,0.0,0.0,-0.0283515112046864,111.66727447509766,0.25911428014928073,0.4282591024806537,0.3126266136447752
2022-05-11,0.0,0.0,0.016606320915887,113.53713989257812,0.2756636243079965,0.41843899690649533,0.3058973862360886
2022-05-12,0.0,0.0,-0.0069516830989496,112.75060272216795,0.28982784400337036,0.4169351610519695,0.2932369837687892
2022-05-13,0.0,0.0,-0.0066993438438457,111.99777221679688,0.30337961801584973,0.3780668475041977,0.31855353447995244
2022-05-16,-1.0,0.0,0.0280191317167776,115.18022918701172,0.2934691281782467,0.4033856122824867,0.3031452558139762
2022-05-17,-1.0,0.0,-0.0139310143755076,113.58677673339844,0.321205391324055,0.37638992385846326,0.3024046922680622
2022-05-18,-1.0,-1.0,0.0175650176172643,115.59955596923828,0.38112610377431255,0.30826586490707153,0.3106080238680352
2022-05-19,-1.0,-1.0,-0.0400582438937683,111.06036376953124,0.4056616238906949,0.26818801942465564,0.326150352959359
2022-05-20,-1.0,1.0,-0.0136359502412508,109.55622863769533,0.34585237492380294,0.2846579883735476,0.36948965160381053
2022-05-23,-1.0,1.0,-0.0134616717073384,108.09130096435548,0.29339180449074415,0.283337342522153,0.42327083808594157
2022-05-24,-1.0,1.0,0.0234133443184366,110.65193939208984,0.35034132460602524,0.28636981803153483,0.36328886481302025
2022-05-25,1.0,1.0,-0.0507608884425571,105.17532348632812,0.292700058645779,0.29365273627356747,0.41364720135536304
2022-05-26,1.0,1.0,-0.0015582071519907,105.01156616210938,0.27706269061278266,0.3130385814773665,0.40989872045927006
2022-05-27,1.0,1.0,0.0186103722881693,106.98416900634766,0.2816040237898473,0.33029618950071316,0.3880997941600201
2022-05-31,1.0,1.0,0.0411125540161739,111.47422790527344,0.2919176286676493,0.3532178227497181,0.3548645560332131
2022-06-01,0.0,-1.0,0.0127878515238689,112.90889739990234,0.3884373035582158,0.32094710471072013,0.2906155954563543
2022-06-02,0.0,-1.0,0.0011420449069917,113.03791809082033,0.38856568683387416,0.3446827317270447,0.26675157398850036
2022-06-03,0.0,-1.0,0.0322296912347902,116.74044036865234,0.3915337569640592,0.3842893180079823,0.22417692502795836
2022-06-06,-1.0,-1.0,-0.0265475394169689,113.68204498291016,0.3998820738113932,0.36160444220399257,0.23851346908345306
2022-06-07,-1.0,0.0,0.0197057935937398,115.9444580078125,0.3901729081249647,0.39748139916717,0.21234568898257483
2022-06-08,-1.0,0.0,0.0028121767035934,116.2709732055664,0.3890222053259565,0.39447633704077106,0.21650146508385296
2022-06-09,-1.0,0.0,0.0003799835574247,116.3151626586914,0.3872240522625219,0.39961345843350515,0.21316247812810188
2022-06-10,-1.0,-1.0,-0.0203300704992456,113.9743423461914,0.3922695683858418,0.3790405219668842,0.22868991709785447
2022-06-13,-1.0,-1.0,-0.0325166194775501,110.32788848876952,0.4329266910783986,0.32027879158340333,0.2467945136129075
2022-06-14,1.0,0.0,-0.0438490267936375,105.59465026855467,0.3393980550674675,0.35147714226535043,0.3091248063924723
2022-06-15,1.0,-1.0,0.0030313456202985,105.91522979736328,0.3747545187168376,0.29911912483452363,0.326126348998058
2022-06-16,-1.0,1.0,0.0281709149841261,108.9413833618164,0.3148761285350196,0.34016066409212076,0.3449632148234401
2022-06-17,1.0,1.0,-0.034582193469685,105.23834991455078,0.33951828129932654,0.3042332516665037,0.35624845958358897
2022-06-21,1.0,0.0,0.0104139120863502,106.34001922607422,0.3273463245982753,0.3401636164865036,0.3324900812669628
2022-06-22,1.0,1.0,0.0402501445597654,110.70752716064452,0.3165377472509811,0.3355949313125534,0.3478673214364653
2022-06-23,1.0,0.0,-0.0005066526006046,110.65145111083984,0.3335767329424259,0.3446051053125709,0.32181817292087395
2022-06-24,1.0,-1.0,0.0067446943537373,111.40028381347656,0.3800839564659594,0.32523533874568605,0.29468070478835445
2022-06-27,-1.0,-1.0,0.0498155697292192,117.09030151367188,0.40402332062071855,0.3735788749189879,0.22239780818558363
2022-06-28,-1.0,-1.0,-0.0183188043613275,114.96487426757812,0.40978113065149335,0.3748992430859657,0.2153196225372504
2022-06-29,-1.0,-1.0,-0.0335880570387646,111.16755676269533,0.4293368593187976,0.3319847199465446,0.2386784281852382
2022-06-30,-1.0,-1.0,-0.0027357492983664,110.86384582519533,0.4098510216645477,0.3264269697892532,0.26372200854619887
2022-07-01,1.0,-1.0,-0.0248218330465405,108.1458740234375,0.3623737339660754,0.3178436494200689,0.31978262033914584
2022-07-05,1.0,1.0,-0.0020715067145862,107.92208099365234,0.3119781924863112,0.32320405740145686,0.36481775756281243
2022-07-06,1.0,1.0,0.0407758136023427,112.41364288330078,0.31321697037114177,0.3310498338266825,0.35573318835159506
2022-07-07,1.0,-1.0,0.0114907893463948,113.71281433105467,0.39066890361521067,0.31242696597715874,0.2969041229570498
2022-07-08,-1.0,-1.0,0.0360948453923357,117.8922348022461,0.39064272009763795,0.3897882660095328,0.2195690213434096
2022-07-11,-1.0,0.0,0.0047913904647117,118.45845794677734,0.3777836283432289,0.41060983192428957,0.21160653600719107
2022-07-12,-1.0,-1.0,-0.0312922059061591,114.80902862548828,0.3932036142876102,0.3730581689197992,0.2337382056167196
2022-07-13,-1.0,-1.0,-0.0144190760753678,113.16546630859376,0.4139622068574017,0.3211750098119345,0.26486279078124436
2022-07-14,0.0,-1.0,-0.023668526121122,110.5184555053711,0.34645869862670875,0.32871861671889213,0.32482267720381836
2022-07-15,1.0,1.0,-0.0088942000847961,109.5398406982422,0.3043440587628199,0.31196283530554125,0.38369311338221923
2022-07-18,-1.0,1.0,0.0126946095728994,110.93927001953124,0.2919880222248718,0.3067297672217243,0.40128221055340374
2022-07-19,1.0,1.0,-0.0248873030749636,108.21236419677734,0.30506507686741174,0.2845374840478817,0.4103974539858676
2022-07-20,-1.0,1.0,0.0429074701305645,112.95653533935548,0.30793327323203445,0.2677455596292098,0.42432115223759426
2022-07-21,-1.0,1.0,0.000790477955547,113.04586029052734,0.3192434528472311,0.25868043481043834,0.42207611979291093
2022-07-22,-1.0,1.0,0.003855514825138,113.48255157470705,0.3298552161697854,0.272367272284722,0.39777749664433115
2022-07-25,1.0,1.0,-0.0579715471028883,107.09085083007812,0.28943079353021284,0.3064708647365867,0.40409834173320025
2022-07-26,1.0,1.0,-0.0036210957027752,106.70376586914062,0.31216033957654676,0.2840382689133428,0.4038013952354006
2022-07-27,1.0,1.0,-0.0234330007369144,104.2324447631836,0.3709915927367911,0.2039865469182929,0.42502184544375465
2022-07-28,1.0,0.0,0.0737678301669572,112.21215057373048,0.2544866217094624,0.3846595262547112,0.3608538557611165
2022-07-29,0.0,1.0,0.0102078744583351,113.36346435546876,0.26260911009185006,0.3483565367992808,0.3890343642847398
2022-08-01,0.0,0.0,0.0182185284112756,115.4477081298828,0.3112615022500405,0.3738020846060751,0.3149364056933036
2022-08-02,0.0,0.0,-0.0126310812929056,113.99864959716795,0.3288149990980419,0.35530839505859046,0.3158766170192384
2022-08-03,0.0,-1.0,0.0023480594552627,114.26663970947266,0.36238279659474104,0.34567213865104707,0.29194505357834083
2022-08-04,0.0,0.0,0.0253003829633894,117.19451141357422,0.3767632268408009,0.38203008434592495,0.24120667763740317
2022-08-05,0.0,0.0,0.0009311512316993,117.3036880493164,0.3686178823588092,0.39631132918378525,0.23507078845740537
2022-08-08,0.0,-1.0,-0.0061105733693088,116.58908081054688,0.4209382584067865,0.33613828384494365,0.24292345402297932
2022-08-09,1.0,-1.0,-0.0014481512542238,116.4203643798828,0.39971656965904506,0.35817552027279453,0.24210790261757964
2022-08-10,1.0,-1.0,-0.0057282454654346,115.75538635253906,0.40227528775820587,0.3363529463590648,0.2613717770586001
2022-08-11,0.0,-1.0,0.025981921866296,118.8023452758789,0.39042584080279663,0.38238921577419893,0.22718494714829462
2022-08-12,0.0,-1.0,-0.0072103940938664,117.94881439208984,0.43162081352697607,0.32105348521675553,0.247325697530978
2022-08-15,-1.0,-1.0,0.0236165970589398,120.76751708984376,0.415903510812079,0.36806995646587465,0.21602652527146565
2022-08-16,-1.0,0.0,0.0032818796354828,121.16451263427734,0.3900129403673528,0.39961458087150425,0.21037248621172333
2022-08-17,-1.0,0.0,-0.003117640133492,120.787353515625,0.38450403458419774,0.41939268805933705,0.1961032810817554
2022-08-18,-1.0,-1.0,-0.0178242094017001,118.65348815917967,0.39945199924722286,0.36713739856841854,0.2334105984590682
2022-08-19,-1.0,-1.0,0.0051727621386276,119.2688446044922,0.3821590135962063,0.3728453140776776,0.24499565742495472
2022-08-22,-1.0,1.0,-0.0249403595220359,116.33102416992188,0.3393511445065874,0.3165543572201777,0.3440944982732348
2022-08-23,-1.0,1.0,-0.025665595481261,113.38330841064452,0.30447829742874344,0.3081950848517823,0.38732660281831266
2022-08-24,-1.0,1.0,-0.0033318175427461,113.00616455078124,0.33865869598853976,0.20685563906027643,0.45448565377531264
2022-08-25,1.0,1.0,-0.0014941675361389,112.83744049072266,0.3636832223966009,0.15000920868919024,0.4863075614636281
2022-08-26,-1.0,1.0,0.0257025710601189,115.7752456665039,0.35305436752165975,0.1947153949779972,0.45223023377505245
2022-08-29,-1.0,1.0,-0.055611616501262,109.5125503540039,0.35932997698716196,0.14525299713142253,0.4954170314693506
2022-08-30,-1.0,1.0,-0.0083728225194038,108.59944915771484,0.3574521256296248,0.14300014087253435,0.4995477279099052
2022-08-31,0.0,1.0,-0.0043962926450331,108.12306213378906,0.3589656546438261,0.14757340524574764,0.4934609419730712
2022-09-01,0.0,1.0,-0.006631140235815,107.40845489501952,0.37529949657810174,0.15169803737293777,0.47300247722483124
2022-09-02,-1.0,1.0,0.0139477105349744,108.91705322265624,0.3880734991209601,0.17522659950058636,0.4366998957905178
2022-09-06,1.0,1.0,-0.0173726038834238,107.04122161865234,0.3664443914187855,0.18886610187473782,0.44468949180531536
2022-09-07,1.0,1.0,-0.0096898436051386,106.00901794433594,0.3561899877933033,0.20340642355152624,0.44040357561665433
2022-09-08,-1.0,-1.0,0.0244163984119945,108.62923431396484,0.38282281448974687,0.2568127379619519,0.36036444382301086
2022-09-09,-1.0,-1.0,-0.0098244433987435,107.5672378540039,0.38829445108479155,0.27044493505883593,0.3412606138563724
2022-09-12,-1.0,0.0,0.0207286227708698,109.82022857666016,0.2830699363694518,0.4399661318852068,0.2769639317453413
2022-09-13,-1.0,0.0,0.0018960977858918,110.02865600585938,0.2954879311578328,0.4415441590900593,0.2629679023015272
2022-09-14,-1.0,1.0,-0.0608050739561315,103.5376968383789,0.3026309259150872,0.3426324528034593,0.35473661383087274
2022-09-15,-1.0,1.0,0.0064972830540904,104.2126007080078,0.31014422672113356,0.34101189811853594,0.34884386398445966
2022-09-16,-1.0,1.0,-0.020105516181171,102.13827514648438,0.3430080970967156,0.23615151906406884,0.4208403912897961
2022-09-19,-1.0,1.0,-0.0010694818098776,102.0290985107422,0.3686884640577055,0.1949157265993771,0.4363958130682075
2022-09-20,-1.0,1.0,0.0026230866472074,102.29708099365234,0.399987463037568,0.19387401628321432,0.40613851509128224
2022-09-21,-1.0,1.0,-0.018902752977213,100.3815460205078,0.3416525269282763,0.21132942688118134,0.447018042465252
2022-09-22,0.0,1.0,-0.0185615782119839,98.53549194335938,0.29964069605213317,0.22315289678549696,0.47720640343707954
2022-09-23,-1.0,1.0,0.0086250191806747,99.3890380859375,0.3136196099390648,0.2520437401018195,0.4343366387832447
2022-09-26,-1.0,1.0,-0.0140790970051176,97.9995346069336,0.33132138824490187,0.21398640484080128,0.45469220318900644
2022-09-27,-1.0,1.0,-0.0057892461306841,97.43383026123048,0.24856497861375673,0.32667200982782163,0.42476300038255077
2022-09-28,1.0,1.0,-0.0068483944024939,96.7688446044922,0.2404948103717251,0.3268036434656223,0.43270154243736214
2022-09-29,-1.0,0.0,0.0258177466191797,99.29972839355467,0.27199977722038854,0.43346669776302155,0.2945335138407189
2022-09-30,1.0,0.0,-0.0266386651317038,96.68943786621094,0.24355949954866135,0.4064207113426952,0.35001978910864334
2022-10-03,1.0,0.0,-0.0183357787715855,94.9327163696289,0.24686444366165333,0.3848067144606951,0.3683288418776515
2022-10-04,1.0,0.0,0.0307811345434129,97.9002914428711,0.2739618057963743,0.4779831534454034,0.24805503330764156
2022-10-05,-1.0,0.0,0.0299603567324576,100.87779998779295,0.2764898083416126,0.5242941951688256,0.19921598903898113
2022-10-06,-1.0,0.0,-0.0020682751424008,100.66937255859376,0.31560461342527557,0.5031898444266052,0.18120555332398997
2022-10-07,-1.0,0.0,-9.860329314959324e-05,100.6594467163086,0.35078170002979037,0.46596366148501134,0.1832546347599078
2022-10-10,0.0,0.0,-0.0273880114704045,97.93999481201172,0.3324876774305107,0.4545031725662282,0.21300915000326104
2022-10-11,0.0,-1.0,-0.0083444803873936,97.12613677978516,0.38464549473872395,0.38365960313110103,0.23169489281694922
2022-10-12,1.0,0.0,-0.0069729116502864,96.45124053955078,0.3620252803831387,0.38105290807160713,0.2569218208584798
2022-10-13,1.0,-1.0,0.003902656094042,96.8283920288086,0.3859738481107357,0.3512112956657455,0.262814859948809
2022-10-14,-1.0,-1.0,0.0152581828765179,98.31714630126952,0.4316002420864372,0.34421772196198475,0.22418202663835224
2022-10-17,1.0,-1.0,-0.0255611727764025,95.8358917236328,0.3652663252615096,0.35948984239708903,0.2752438304787561
2022-10-18,0.0,-1.0,0.0347055812471672,99.22032165527344,0.47660086143212377,0.32277957940237345,0.20061954240169627
2022-10-19,1.0,-1.0,0.0079705307640396,100.01432037353516,0.5258984794108974,0.2980206580314,0.17608085696976722
2022-10-20,1.0,-1.0,-0.0113773253507533,98.88287353515624,0.48882130385515127,0.31695720362770485,0.19422149810507924
2022-10-21,1.0,-1.0,0.0034067945867136,99.22032165527344,0.4986429320988063,0.31423702623598787,0.1871200304893347
2022-10-24,1.0,-1.0,0.0115366510453171,100.37162017822266,0.5279447049411012,0.3056306239835952,0.16642466548736803
2022-10-25,-1.0,-1.0,0.0136510966383851,101.7511978149414,0.49169596910528335,0.3552519355196061,0.15305209164982006
2022-10-26,-1.0,-1.0,0.0189377929682106,103.69650268554688,0.4835182286270959,0.361844979771213,0.15463678787640067
2022-10-27,-1.0,0.0,-0.0958559039721957,94.2181167602539,0.36382195097939274,0.3798096268547785,0.2563684165778932
2022-10-28,1.0,1.0,-0.0289627156936905,91.5284423828125,0.2830089900345545,0.316946702337055,0.40004430762839044
2022-10-31,-1.0,0.0,0.043187396446211,95.5679168701172,0.3137448066059828,0.34429142884459635,0.3419637682747111
2022-11-01,-1.0,1.0,-0.0186586944343571,93.80127716064452,0.3058651459579429,0.32343461020232095,0.3707002438397361
2022-11-02,-1.0,1.0,-0.0436874324184792,89.79156494140625,0.26233725303297434,0.31503584505401544,0.4226269056383006
2022-11-03,-1.0,1.0,-0.0394550886929008,86.31781005859375,0.2320055472869786,0.26418492531031984,0.5038095236774113
2022-11-04,1.0,1.0,-0.0415551482567343,82.80436706542969,0.2130616704566771,0.2840471527543805,0.5028911805142326
2022-11-07,1.0,1.0,0.0370606471894646,85.93072509765625,0.27676621318754197,0.28891688542408633,0.43431689393779094
2022-11-08,1.0,1.0,0.0218207847766639,87.82640838623047,0.3041831829632825,0.34123261908652297,0.3545841979501946
2022-11-09,1.0,0.0,0.0046226323787993,88.23333740234375,0.30350132028548477,0.386866853256818,0.30963182645769716
2022-11-10,1.0,0.0,-0.0179326319303821,86.6651840209961,0.22081707858220484,0.4744571453886134,0.30472578720505267
2022-11-11,1.0,0.0,0.0730767693650474,93.23554229736328,0.22738441717626762,0.6141216556064081,0.15849393653054997
2022-11-14,0.0,0.0,0.0259537258804694,95.68702697753906,0.27283710030573516,0.584922996502819,0.14223988922160724
2022-11-15,0.0,0.0,-0.0073917719789064,94.98233795166016,0.24657538983997965,0.6110302540036601,0.14239435196540878
2022-11-16,0.0,0.0,0.0282289988695389,97.70179748535156,0.2867216925717416,0.5756944315202157,0.1375838759080426
2022-11-17,0.0,0.0,0.0041562053612049,98.10871124267578,0.28178452965493356,0.577631013440932,0.14058445690413435
2022-11-18,0.0,0.0,-0.0049692817484608,97.62239074707033,0.2803514029264941,0.5747106329086281,0.14493796602752287
2022-11-21,0.0,0.0,-0.0095000581192499,96.6993637084961,0.2756937330515922,0.5753343977803678,0.14897186823671732
2022-11-22,0.0,0.0,-0.0189613501584595,94.88308715820312,0.2933104245628838,0.5541748791247554,0.1525146916557479
2022-11-23,0.0,0.0,0.0150533972599511,96.32220458984376,0.31055482479136026,0.5400202359788138,0.14942494295511627
2022-11-25,-1.0,0.0,0.014424253247991,97.72164916992188,0.33197324181141563,0.5295998920596061,0.13842686612897814
2022-11-28,0.0,0.0,-0.0102084874045513,96.72913360595705,0.3154069634719312,0.5399299865895522,0.14466305366380683
2022-11-29,1.0,0.0,-0.0145729407475251,95.32972717285156,0.31290556465868136,0.5351074599027463,0.15198697357592705
2022-11-30,1.0,0.0,-0.0089941867027771,94.47615814208984,0.28041189982655923,0.5575780109402642,0.16201008178259602
2022-12-01,-1.0,0.0,0.0591467119031601,100.23267364501952,0.35961410459808346,0.5218200989216555,0.11856578996100303
2022-12-02,-1.0,0.0,0.0,100.23267364501952,0.36832536667338456,0.5082215270234471,0.12345311747903917
2022-12-05,-1.0,0.0,-0.0054608913366873,99.68680572509766,0.38688070647289985,0.4693945129167392,0.1437247806103608
2022-12-06,-1.0,0.0,-0.009604028631366,98.73399353027344,0.37114215519407123,0.47912280328052737,0.1497350527012723
2022-12-07,-1.0,0.0,-0.0254518703966365,96.25273895263672,0.32843677427550616,0.4435322697607067,0.228030955963787
2022-12-08,0.0,0.0,-0.0212596809290088,94.22803497314452,0.2701348639435459,0.39758164994691075,0.3322834972854141
2022-12-09,-1.0,1.0,-0.0130401596327455,93.00726318359376,0.3561143528521273,0.21337608634127736,0.4305095682571758
2022-12-12,1.0,1.0,-0.0094349283445015,92.13387298583984,0.35578054840960643,0.22163037891515247,0.42258906522466033
2022-12-13,-1.0,1.0,0.0051573566300931,92.61026763916016,0.35719252098075854,0.2390035975306921,0.4038038628620977
2022-12-14,-1.0,1.0,0.0245592397234292,94.9128646850586,0.34440909015808124,0.2809457254437452,0.3746451769475927
2022-12-15,-1.0,1.0,-0.0058730443161782,94.35707092285156,0.3389937225345744,0.28197170026715024,0.37903457719827527
2022-12-16,-1.0,1.0,-0.0452935954099011,90.17864227294922,0.29876494247024243,0.24717837789027755,0.4540566796394798
2022-12-19,-1.0,1.0,-0.0066255122738421,89.58313751220703,0.32146985650829774,0.21509554371022224,0.4634345904682543
2022-12-20,0.0,1.0,-0.0203701132905584,87.77677917480469,0.321575525471667,0.21052531141577113,0.46789916683785204
2022-12-21,-1.0,1.0,0.0065367365386298,88.35243225097656,0.3004308357208623,0.2540568839499586,0.445512280329179
2022-12-22,-1.0,1.0,0.0062710270238715,88.90823364257812,0.3166687265346315,0.2898761678158556,0.3934550907483516
2022-12-23,0.0,1.0,-0.0205262534305494,87.10188293457031,0.2906835116185475,0.29254899275308416,0.4167675030789489
2022-12-27,-1.0,1.0,0.0166114939698035,88.56085968017578,0.32021822362639674,0.31904246639753014,0.3607393062507827
2022-12-28,0.0,1.0,-0.0208364537252156,86.73465728759766,0.2843728483581822,0.33786233281173256,0.37776482255537547
2022-12-29,1.0,1.0,-0.0158011176898805,85.37492370605469,0.2082132252101201,0.35742798396378184,0.43435881317783986
2022-12-30,-1.0,0.0,0.0278577283308988,87.78671264648438,0.23384984953264748,0.4679117001087858,0.29823843918269566
2023-03-16,1.0,-1.0,0.0225177338567508,95.38926696777344,0.4380783339038763,0.2992190227661523,0.262702639604681
2023-03-17,1.0,-1.0,0.0428717808716571,99.56770324707033,0.5455337864777374,0.2989307761375422,0.15553542434620427
2023-03-20,1.0,-1.0,0.0128753026425026,100.8579559326172,0.510466178988794,0.36596213593881427,0.1235716832097466
2023-03-21,1.0,-1.0,-0.0039441797094567,100.4609375,0.4732854471248905,0.4026961044269225,0.1240184409976063
2023-03-22,-1.0,-1.0,0.0359018206268168,104.13319396972656,0.4594862172557844,0.42736169917525535,0.11315208450028273
2023-03-23,-1.0,0.0,-0.0148832908515716,102.5948257446289,0.3872828297687527,0.5061198632752277,0.1065973004367615
2023-03-24,-1.0,0.0,0.0213436110291815,104.80810546875,0.4114098012952488,0.4878615205112044,0.10072867726222418
2023-03-27,-1.0,0.0,-0.0015162819604812,104.64930725097656,0.4098149540081165,0.48853990740821995,0.10164512647647013
2023-03-28,0.0,0.0,-0.0286696298978422,101.691650390625,0.3335658602067604,0.5477662934699574,0.11866785377386263
2023-03-29,1.0,0.0,-0.0140550980804567,100.2723617553711,0.3128361098903043,0.4813662544494873,0.20579763566020837
2023-03-30,1.0,0.0,0.0035570353284891,100.62966918945312,0.33742834644569486,0.46018938379317426,0.20238226976113086
2023-03-31,1.0,0.0,-0.0049436113331823,100.1334228515625,0.3111619414349756,0.4583383340625776,0.23049970960128557
2023-04-03,1.0,0.0,0.0277604803663159,102.95211791992188,0.38268039685201927,0.44226815652550366,0.17505145407305772
2023-04-04,1.0,0.0,0.0060551557352098,103.57740020751952,0.40778925689611456,0.4206808254992491,0.1715299176046363
2023-04-05,1.0,-1.0,0.0034436561280401,103.93470001220705,0.4152848169301398,0.40640418370413034,0.17831100681631054
2023-04-06,1.0,0.0,-0.002390152789994,103.68657684326172,0.3961923026896601,0.4191132460560658,0.18469445125427408
2023-04-10,-1.0,-1.0,0.0371125614050436,107.60694885253906,0.5157305577344493,0.3447844119269427,0.1394850228880274
2023-04-11,0.0,-1.0,-0.0184311004655497,105.6417999267578,0.5044722226447811,0.33224061099661456,0.16328717380918495
2023-04-12,1.0,-1.0,-0.0102933714909185,104.55996704101562,0.4275624733067011,0.34943976353583506,0.22299775570688318
2023-04-13,1.0,-1.0,-0.0067622346971051,103.85529327392578,0.3969119101198084,0.31702853994791425,0.2860595462069871
2023-04-14,-1.0,-1.0,0.0263135474488712,106.6243667602539,0.47230806742947273,0.28496351660307795,0.24272842341802983
2023-04-17,-1.0,-1.0,0.0133151598165744,108.05358123779295,0.5124177088638664,0.26979796437877623,0.21778432675735726
2023-04-18,0.0,-1.0,-0.0269985215003958,105.17532348632812,0.42260743352113017,0.3015602057045266,0.27583234587318217
2023-04-19,0.0,-1.0,-0.0139690410003011,103.71633911132812,0.45004660053474155,0.23461673598677513,0.31533666720377385
2023-04-20,0.0,-1.0,-0.0030667881897189,103.39875030517578,0.44937392553405703,0.2108518723032807,0.3397742021626623
2023-04-21,0.0,-1.0,0.0105982108897624,104.50041961669922,0.43093866452079005,0.23571965706906212,0.33334166723427705
2023-04-24,0.0,-1.0,0.0011390830537792,104.61952209472656,0.4275745878066438,0.2418900748402601,0.33053531872664477
2023-04-25,-1.0,-1.0,0.0052985352464782,105.17532348632812,0.4252440459627085,0.253385056520684,0.32137089379131734
2023-04-26,1.0,-1.0,-0.0202085697330231,103.07121276855467,0.4356462487461971,0.17514524248938954,0.38920850503912313
2023-04-27,1.0,-1.0,-0.0013489728906072,102.93226623535156,0.446089704627628,0.1664461851566693,0.3874641064904125
2023-04-28,-1.0,-1.0,0.0367291917123991,106.78317260742188,0.4339413455312679,0.2768628089025238,0.28919583811562766
2023-05-01,-1.0,-1.0,-0.0023263205408739,106.53504943847656,0.44264914276080464,0.24585429862717018,0.3114965474361544
2023-05-02,-1.0,-1.0,-0.0013050843091336,106.39610290527344,0.44721192499697426,0.24642393684365366,0.30636414188466243
2023-05-03,1.0,-1.0,-0.0176929518640334,104.53019714355467,0.4475366723525082,0.1819619794383397,0.37050133330799107
2023-05-04,1.0,-1.0,0.000854172378794,104.61952209472656,0.41198253218758424,0.1846813975049551,0.4033360740327512
2023-05-05,1.0,-1.0,-0.0068538957936028,103.90492248535156,0.4326330244508149,0.14869261132961475,0.4186743604942802
2023-05-08,1.0,-1.0,0.008370609112038,104.7783203125,0.4353518241380562,0.16279150826482544,0.40185666387182817
2023-05-09,1.0,-1.0,0.0206250885800301,106.96182250976562,0.4619441837543715,0.23302662642491698,0.3050291898207116
2023-05-10,1.0,-1.0,-0.0039048443167604,106.5449676513672,0.45204121626494237,0.2272047821075171,0.32075401280341154
2023-05-11,1.0,-1.0,0.0401698521271103,110.9119873046875,0.5197738290857975,0.2492056755307252,0.2310204879328966
2023-05-12,1.0,-1.0,0.0422276896030982,115.69583892822266,0.5853934323850193,0.26193959407394934,0.1526669772663216
2023-05-15,1.0,-1.0,0.0080314368220545,116.6287841796875,0.5931163397880435,0.30078980446087855,0.10609385202578768
2023-05-16,1.0,-1.0,-0.008546258740829,115.63629150390624,0.5800511280158847,0.32312077296102665,0.09682809809176618
2023-05-17,1.0,-1.0,0.0254229260746518,118.6137924194336,0.5624108793619689,0.3512871790922098,0.08630194899640196
2023-05-18,1.0,-1.0,0.0110673392048727,119.93382263183594,0.47383032285726034,0.4534874509498436,0.0726822168796704
2023-05-19,0.0,0.0,0.0163338479815452,121.9088897705078,0.4494872166004545,0.4739265411067232,0.07658625253737061
2023-05-22,0.0,0.0,-0.0005700410357281,121.83941650390624,0.4020439537708169,0.5274620458846908,0.07049400220713742
2023-05-23,-1.0,0.0,0.0184825503152492,124.1122589111328,0.39472384043902525,0.5336830520225129,0.07159310846978462
2023-05-24,0.0,0.0,-0.0201130228393756,121.64092254638672,0.399830690948208,0.5303964062806075,0.06977290277118442
2023-05-25,1.0,0.0,-0.0136368917102741,119.99337768554688,0.42171632878369725,0.5034603276496339,0.0748233240088948
2023-05-26,0.0,0.0,0.0211153253538928,122.55401611328124,0.4107675084662866,0.500853228773366,0.08837925717241196
2023-05-30,0.0,0.0,0.0091096810436146,123.67554473876952,0.4060919646418284,0.5080439106916116,0.08586411349068922
2023-05-31,1.0,0.0,-0.0075721483126231,122.74259185791016,0.39369825231649147,0.5135613763200655,0.09274037322608829
2023-06-01,1.0,0.0,-0.0064898877275995,121.9485855102539,0.37066118833664463,0.5191439064638135,0.11019490892483225
2023-06-02,1.0,0.0,0.0068940795703537,122.7922134399414,0.3683842529137733,0.47596476809259425,0.15565096409247126
2023-06-05,-1.0,0.0,0.0076493215899133,123.73509216308594,0.378032109764625,0.47408026372636697,0.14788761905842746
2023-06-06,-1.0,-1.0,0.01069099986435,125.0650405883789,0.4667139265022502,0.35765321128483035,0.17563286966350022
2023-06-07,-1.0,-1.0,0.0102638000083388,126.35529327392578,0.4972525684220517,0.32269594670267465,0.18005149605114457
2023-06-08,0.0,-1.0,-0.0385139340091705,121.58137512207033,0.5110720495875644,0.2608405880007336,0.22808736613699232
2023-06-09,1.0,-1.0,-0.0029431604816511,121.22406768798828,0.5225182483355392,0.2052665443879947,0.272215218452337
2023-06-12,1.0,-1.0,0.0007365239868854,121.31338500976562,0.4938404067329302,0.2111321864887376,0.2950273993277518
2023-06-13,0.0,-1.0,0.0114696263479182,122.71281433105467,0.44545338128928724,0.21927437551489845,0.3352722357452336
2023-06-14,-1.0,-1.0,0.0015355445922839,122.9013900756836,0.44118041871287345,0.21510378624836585,0.3437157913134704
2023-06-15,-1.0,-1.0,-0.0012929137416222,122.74259185791016,0.4543462736314898,0.18299234070939208,0.36266138193382774
2023-06-16,-1.0,-1.0,0.0114167812558651,124.15194702148438,0.4431305063145211,0.2014262361737798,0.3554432612369894
2023-06-20,-1.0,-1.0,-0.0125494381056572,122.60364532470705,0.4738837417673595,0.16609493478436288,0.3600213122724067
2023-06-21,-1.0,-1.0,-0.0034870515894198,122.17686462402344,0.47618046024274513,0.1608737200551884,0.36294581597677616
2023-06-22,1.0,-1.0,-0.0209324184103313,119.64598846435548,0.49438117248586255,0.13292195837807375,0.3726968691360636
2023-06-23,-1.0,-1.0,0.0213384814413374,122.22648620605467,0.4823244157886754,0.14956036575231374,0.36811520728313996
2023-06-26,-1.0,-1.0,-0.0065989982755811,121.42256927490234,0.4965017905068345,0.1344783004748893,0.3690199015676956
2023-06-27,0.0,-1.0,-0.0332422587132131,117.45256042480467,0.4596522115309595,0.1623062018483888,0.3780415866206517
2023-06-28,1.0,-1.0,-8.438301905541421e-05,117.4426498413086,0.45894938999596213,0.1729884335851352,0.36806218014419295
2023-06-29,0.0,-1.0,0.0155130424152702,119.27874755859376,0.4959558109850455,0.14818240642340041,0.35586178259155404
2023-06-30,1.0,-1.0,-0.0090269365426626,118.20687103271484,0.5111459178592416,0.15258117146681446,0.33627292557510535
2023-07-03,-1.0,-1.0,0.0050249142662328,118.8023452758789,0.5222500722217364,0.1474284022279097,0.33032151809977345
2023-07-05,-1.0,-1.0,0.0016695896913252,119.00086212158205,0.5145325767506904,0.15886794325782203,0.32659946136503615
2023-07-06,-1.0,-1.0,0.0153117755209416,120.83699798583984,0.4923922831016512,0.19126556584551482,0.31634215850341474
2023-07-07,-1.0,-1.0,-0.013561829257736,119.20928955078124,0.5191084273055593,0.16595164706151172,0.3149399293582194
2023-07-10,-1.0,-1.0,-0.0052590526068409,118.5840072631836,0.5066220844605998,0.16320076258282024,0.3301771566818704
2023-07-11,1.0,-1.0,-0.0256870032662215,115.57672882080078,0.4832096769469656,0.13846516712002332,0.378325155933011
2023-07-12,1.0,-1.0,0.00590790519128,116.26156616210938,0.5059704882302651,0.13713706443363913,0.35689245478667636
2023-07-13,1.0,-1.0,0.0151651889955432,118.0381317138672,0.5368733813076483,0.16563807025217347,0.29748854098959776
2023-07-14,-1.0,-1.0,0.0460918816553609,123.60606384277344,0.5260614646392503,0.23887866006092526,0.23505987902511483
2023-07-17,-1.0,-1.0,0.007041131752849,124.47946166992188,0.5323148242888118,0.2795608257914141,0.18812435364506416
2023-07-18,-1.0,-1.0,-0.0061581971495294,123.71524810791016,0.5729139309708884,0.24415577849057685,0.182930294263825
2023-07-19,-1.0,-1.0,-0.007165709941259,122.8319091796875,0.5689938711748355,0.21762479136969687,0.21338132627959686
2023-07-20,-1.0,-1.0,-0.0140772837688233,121.11488342285156,0.5357276976292757,0.22765460483062833,0.23661769008951528
2023-07-21,1.0,-1.0,-0.023464026965296,118.30612182617188,0.5108143179688743,0.1871189571428143,0.3020667248883114
2023-07-24,1.0,-1.0,0.0068555091803893,119.11995697021484,0.5570623582002339,0.17620590146536108,0.26673172915853416
2023-07-25,1.0,-1.0,0.0125027815679942,120.61863708496094,0.5289465277082523,0.21145392275608077,0.2595995420850863
2023-07-26,1.0,-1.0,0.0055797572996791,121.29354095458984,0.4745482788176152,0.23324936048196226,0.292202353249842
2023-07-27,1.0,-1.0,0.0561623676753352,128.30059814453125,0.5818613289645376,0.23486212820332109,0.18327654283214134
2023-07-28,0.0,-1.0,0.0010050478493332,128.4296112060547,0.5805937616739136,0.2594563440512936,0.15994990172537343
2023-07-31,-1.0,-1.0,0.0242780141342687,131.58578491210938,0.550013287733703,0.3242770931643044,0.12570963027786355
2023-08-01,-1.0,-1.0,0.0010553816689299,131.7247314453125,0.5476220582697712,0.3314151717900563,0.1209627811160435
2023-08-02,-1.0,-1.0,-0.0088545077903519,130.5635223388672,0.5471792905370623,0.335402363883116,0.11741833812924116
2023-08-03,0.0,-1.0,-0.0243925431778705,127.41727447509766,0.5780158490666046,0.29339975230215776,0.12858439304330216
2023-08-04,0.0,-1.0,0.0005450336985794,127.48674011230467,0.5690782376034892,0.26409081058526424,0.16683094436066598
2023-08-07,0.0,-1.0,-0.00265043650634,127.1492919921875,0.5461545728771664,0.27173879893552405,0.18210663563789029
2023-08-08,0.0,-1.0,0.0263457713608653,130.5436553955078,0.5424768230374366,0.27754064132606093,0.17998255053766354
2023-08-09,0.0,-1.0,-0.0009887638994949,130.41464233398438,0.555839312080431,0.2549159253867101,0.1892447662581492
2023-08-10,0.0,-1.0,-0.0133306419422058,128.6876678466797,0.5265567768256887,0.2526252672938845,0.22081794842984623
2023-08-11,0.0,-1.0,0.0002313077475703,128.71743774414062,0.5113591564450792,0.2640075963860481,0.224633250894163
2023-08-14,0.0,-1.0,-0.0010027993230937,128.5884246826172,0.4878755073135951,0.2788304819072194,0.23329401077918552
2023-08-15,-1.0,-1.0,0.0135691638800514,130.34515380859375,0.49229952911760094,0.28984883775109443,0.21785162568072408
2023-08-16,0.0,-1.0,-0.0118725252354567,128.80677795410156,0.4924302253221753,0.2804233981602281,0.22714638769346762
2023-08-17,1.0,-1.0,-0.0083564622110374,127.73489379882812,0.47690808880772495,0.2952454486253314,0.22784647374281472
2023-08-18,-1.0,-1.0,0.0094346014752242,128.9457244873047,0.4815989080051004,0.2760247274635658,0.24237637198191445
2023-08-21,1.0,-1.0,-0.0191162774473825,126.5041732788086,0.5485024430458582,0.19769229491637078,0.2538052657630615
2023-08-22,1.0,-1.0,0.0071140651991575,127.40734100341795,0.5098051396667501,0.20940081447399422,0.2807940458592557
2023-08-23,1.0,-1.0,0.0055156334551057,128.1120147705078,0.5083625441120128,0.16405533172136355,0.32758213906778494
2023-08-24,-1.0,-1.0,0.0251687190241357,131.37734985351562,0.5029839368756744,0.19147212498807747,0.30554393068566754
2023-08-25,1.0,-1.0,-0.0197602794952032,128.80677795410156,0.51116804822505,0.16599410773014198,0.3228378365942276
2023-08-28,1.0,-1.0,0.0007701842463825,128.90602111816406,0.5096867517569216,0.16691284108599896,0.3234004108823698
2023-08-29,1.0,-1.0,0.0086625526835357,130.02752685546875,0.5169669247641202,0.1593016053474158,0.32373147361375426
2023-08-30,0.0,-1.0,0.026811021507921,133.56085205078125,0.5155528980457391,0.20847155962310224,0.2759755460564489
2023-08-31,0.0,-1.0,0.009687707099277,134.8610382080078,0.5378393042265458,0.21808556795157907,0.24407513899774608
2023-09-01,0.0,-1.0,0.0021317452350733,135.14883422851562,0.5634886831888224,0.22091281543832697,0.21559850137285064
2023-09-05,0.0,-1.0,-0.003752155645102,134.64268493652344,0.5565326815034253,0.23374009674873783,0.2097272217478368
2023-09-06,0.0,-1.0,0.0008104201850066,134.75184631347656,0.5587874980909501,0.23165000094070273,0.20956250841892768
2023-09-07,1.0,-1.0,-0.0096954810657902,133.45167541503906,0.5344541640530188,0.24527580287757184,0.22027003306940932
2023-09-08,1.0,-1.0,0.0059321368314271,134.2456817626953,0.5270633833700271,0.26064945161391306,0.21228717246664025
2023-09-11,0.0,-1.0,0.0082463801768765,135.3572998046875,0.5520897331368363,0.2318867366818395,0.2160235227307435
2023-09-12,0.0,-1.0,0.0039513631933409,135.89320373535156,0.558073855114652,0.23249080795115046,0.20943532948361693
2023-09-13,1.0,-1.0,-0.0116065287250991,134.3250732421875,0.5239481518647717,0.265381537293905,0.2106703182919038
2023-09-14,-1.0,-1.0,0.0100717609627934,135.68479919433594,0.5365479288636,0.24872120931697156,0.2147308618194283
2023-09-15,-1.0,-1.0,0.0101161764956268,137.0643768310547,0.5468903981184834,0.2400533436357141,0.21305625079522184
2023-09-18,-1.0,-1.0,-0.0050816606953203,136.36962890625,0.5383191130933058,0.25110836182904195,0.21057253252823277
2023-09-19,-1.0,-1.0,0.0058779903212579,137.17356872558594,0.544891430520349,0.24403616103254896,0.21107240099652125
2023-09-20,-1.0,-1.0,-0.0012309282962785,137.00482177734375,0.5364727637579625,0.24131862939034102,0.22220861430227692
2023-09-21,-1.0,-1.0,-0.0316458226774615,132.73707580566406,0.545263715902606,0.19564938473126237,0.25908689564084136
2023-09-22,-1.0,-1.0,-0.0249840314588351,129.46185302734375,0.5418145471300752,0.17098188708979528,0.287203558329549
2023-09-25,-1.0,-1.0,-0.0014578513762173,129.27325439453125,0.5126603769765689,0.18207109067929683,0.3052685360694246
2023-09-26,-1.0,-1.0,0.0065811831905647,130.1268310546875,0.5044322083747448,0.19405016601154113,0.3015176367895851
2023-09-27,1.0,-1.0,-0.019563260787721,127.60586547851562,0.4301769778327964,0.2349141694766737,0.33490884523994924
2023-09-28,1.0,-1.0,0.0152059820456938,129.56106567382812,0.5248124639046957,0.2108654031088535,0.2643221218105799
2023-09-29,1.0,-1.0,0.0134679803232678,131.3177947998047,0.5274282273013866,0.2237325740286113,0.24883919867000226
2023-10-02,1.0,-1.0,-0.0110197712014471,129.87864685058594,0.5543113970914182,0.19640439341255272,0.24928421694660982
2023-10-03,1.0,-1.0,0.0249797877199667,133.16384887695312,0.4826450669022615,0.27102199956859363,0.24633294470501577
2023-10-04,1.0,-1.0,-0.0130533905612031,131.43690490722656,0.49658792643822347,0.2692922051478236,0.23411986468866286
2023-10-05,1.0,-1.0,0.020996640957985,134.22581481933594,0.4904222570790555,0.27075706325204335,0.23882067221832062
2023-10-06,1.0,-1.0,-0.0012576364442911,134.05711364746094,0.4785396512716437,0.2720944320733908,0.2493659129296753
2023-10-09,1.0,-1.0,0.018412312602435,136.54827880859375,0.5339667234854776,0.253173561551979,0.212859722413124
2023-10-10,0.0,-1.0,0.0060869292513057,137.38197326660156,0.5651145838392451,0.23583357745952582,0.1990518461518097
2023-10-11,0.0,-1.0,-0.0026041643733589,137.02467346191406,0.5575761205776723,0.23716391178439097,0.2052599527367756
2023-10-12,-1.0,-1.0,0.0178750442772551,139.4960174560547,0.5705249994765285,0.2323131531125089,0.19716185113625284
2023-10-13,0.0,-1.0,-0.0113051724443912,137.92787170410156,0.5681981969545701,0.2270287796916968,0.20477301217786212
2023-10-16,0.0,-1.0,-0.0116531206308893,136.3299102783203,0.5617266956394866,0.22840263181507087,0.20987068372131343
2023-10-17,-1.0,-1.0,0.0125880495926998,138.056884765625,0.579042037084601,0.22016047065203823,0.20079749971394126
2023-10-18,-1.0,-1.0,0.0044473631563275,138.6722412109375,0.5763341164567684,0.22567407595385244,0.197991807589379
2023-10-19,-1.0,-1.0,-0.012676587141387,136.92544555664062,0.5253866967319785,0.2678099868231759,0.20680330899426497
2023-10-20,-1.0,-1.0,-0.0015235235959483,136.7169952392578,0.49912442502208865,0.28843441727057606,0.2124411502567547
2023-10-23,1.0,-1.0,-0.015730986927235,134.5831298828125,0.4965643603671467,0.2832085961861291,0.22022704344672428
2023-10-24,-1.0,-1.0,0.0066153417820246,135.4763946533203,0.49091670438973284,0.2825876832779288,0.22649559743117728
2023-10-25,-1.0,-1.0,0.0167812655026954,137.76904296875,0.5094781689256883,0.26177533225217764,0.2287464988221341
2023-10-26,-1.0,-1.0,-0.0999241162581427,124.66804504394533,0.507824126294073,0.2252968311367079,0.26687905001979956
2023-10-27,1.0,-1.0,-0.0268683305677862,121.36302185058594,0.3839694286624012,0.27837784444032854,0.3376527194466896
2023-10-30,1.0,1.0,-0.0009000551137407,121.25383758544922,0.3650498806437492,0.24811796140787046,0.38683215422309003
2023-10-31,1.0,-1.0,0.0185708620334893,123.52666473388672,0.39079852953296873,0.24014912026181462,0.36905235020521654
2023-11-01,1.0,1.0,-0.0030578075690411,123.14952087402344,0.3304198261632961,0.2858163563114336,0.3837638175252702
2023-11-02,1.0,-1.0,0.0189203850786573,125.50173950195312,0.36466310512904604,0.3082039584658579,0.32713294758096695
2023-11-03,0.0,-1.0,0.0081909183344764,126.533935546875,0.37562135643604216,0.3447216987171766,0.27965694857207146
2023-11-06,0.0,0.0,0.0125495220042019,128.1318817138672,0.35438550128920215,0.3999455509561755,0.24566895147991263
2023-11-07,0.0,0.0,0.0088683557635372,129.27325439453125,0.31529089713228203,0.4855053906743057,0.19920371219341224
2023-11-08,0.0,0.0,0.0055126002001473,129.98785400390625,0.357129122808397,0.4486082135691125,0.19426265617190996
2023-11-09,0.0,-1.0,0.0066208055342544,130.85133361816406,0.4794011536944344,0.3308388699930534,0.18975998376309283
2023-11-10,1.0,-1.0,-0.0122101315307262,129.26333618164062,0.49149989387171794,0.30763727071460945,0.20086282796309196
2023-11-13,0.0,-1.0,0.0178825620252821,131.59568786621094,0.530554818280818,0.2903791598191471,0.1790660181747448
2023-11-14,1.0,-1.0,-0.0037781205104739,131.0994415283203,0.5339837976008497,0.2775417829854281,0.18847441568843198
2023-11-15,0.0,-1.0,0.0115163105664268,132.61795043945312,0.544265400232186,0.2720053275793279,0.18372925728732506
2023-11-16,0.0,-1.0,0.0074562120487258,133.6104736328125,0.5672437377890602,0.2596608713499551,0.17309540203685564
2023-11-17,0.0,-1.0,0.0170137520784688,135.90313720703125,0.5715536032378905,0.28106487303584415,0.14738151813832978
2023-11-20,0.0,-1.0,-0.0119012740178581,134.29530334472656,0.5681089793686633,0.27204285175452325,0.15984818191532943
2023-11-21,0.0,-1.0,0.0069230059780933,135.22825622558594,0.5787162366519282,0.2745657624680091,0.14671799901741764
2023-11-22,0.0,-1.0,0.0052704822288936,135.94285583496094,0.5705376410094156,0.28386874001008516,0.14559361339256377
2023-11-24,-1.0,-1.0,0.0110363408961237,137.45147705078125,0.5629908303085441,0.3003956010647022,0.13661356490146326
2023-11-27,-1.0,-1.0,-0.0130827358726804,135.66494750976562,0.5778316632270373,0.26602925296060553,0.15613908194971202
2023-11-28,-1.0,-1.0,-0.0020503658878862,135.38706970214844,0.5491496491075927,0.23485458380395247,0.21599577081374519
2023-11-29,-1.0,-1.0,0.005774524978404,136.17112731933594,0.5619153365930083,0.23577998142822643,0.20230466335231367
2023-11-30,-1.0,-1.0,-0.0162389641054341,133.9777069091797,0.5379214061988196,0.23608699390511126,0.22599159617077902
2023-12-01,-1.0,-1.0,-0.0183917156427175,131.53614807128906,0.5044951381844305,0.21762224347743298,0.27788261833813666
2023-12-04,-1.0,-1.0,-0.0050684161794967,130.87115478515625,0.5577888668217867,0.17434990212069165,0.2678612273322314
2023-12-05,1.0,-1.0,-0.0198373542507458,128.30059814453125,0.556166321009824,0.14624782845366815,0.2975858468112176
2023-12-06,1.0,-1.0,0.0132177895375302,130.00770568847656,0.5611725357397159,0.14732848599994147,0.29149898943621344
2023-12-07,1.0,-1.0,-0.0074326749174587,129.04498291015625,0.5616377397201169,0.14415621141522275,0.29420605258995064
2023-12-08,-1.0,-1.0,0.0517813572552332,135.90313720703125,0.5312917474011067,0.22467504014532597,0.244033219904148
2023-12-11,-1.0,-1.0,-0.0142689858023445,133.9777069091797,0.5227351526465334,0.20323350167247012,0.27403134940628704
2023-12-12,0.0,-1.0,-0.0126735277393239,132.2904510498047,0.5454978726109914,0.17762800042643645,0.27687412323728194
2023-12-13,1.0,-1.0,-0.0057937097042589,131.52621459960938,0.5492745606622693,0.17367144218652533,0.27705400087649557
2023-12-14,1.0,-1.0,0.0003773200427979,131.5758514404297,0.5469844204561147,0.17344884472616362,0.27956673109243146
2023-12-15,1.0,-1.0,-0.0047635268173794,130.95057678222656,0.5409764461413873,0.16205608020951515,0.2969674624732266
2023-12-18,1.0,-1.0,0.0049897577695329,131.60562133789062,0.5430376321555339,0.1710627779083536,0.28589958248553193
2023-12-19,1.0,-1.0,0.023846077608248,134.7816162109375,0.4905177825595717,0.22915547348642193,0.2803267439540065
2023-12-20,1.0,-1.0,0.0062399385015754,135.62527465820312,0.5205292034566146,0.21733944092158686,0.26213135189650827
2023-12-21,1.0,-1.0,0.0122913671596242,137.30258178710938,0.5568023156196338,0.2441468087837514,0.1990508942230662
2023-12-22,0.0,-1.0,0.0149234374412374,139.36697387695312,0.5686709274241157,0.23811045728039465,0.19321862647136043
2023-12-26,-1.0,-1.0,0.0075912577141141,140.42897033691406,0.5783617740659004,0.2600378633766559,0.16160034393099204
2023-12-27,-1.0,-1.0,0.0002120787319816,140.45875549316406,0.5683207656649893,0.278991444706786,0.15268779521616002
2023-12-28,-1.0,-1.0,-0.0081593401132659,139.31736755371094,0.5873148916819766,0.2690681848059044,0.1436169179241836
2023-12-29,-1.0,-1.0,-0.000997945511851,139.17840576171875,0.5920569773875834,0.25696411888208504,0.15097891304355718
