,Accuracy,Precision,Recall,ROC AUC
GOOGL,0.4623015873015873,0.48091603053435117,0.11731843575418995,0.52466521960882
