,Accuracy,Precision,Recall,ROC AUC
AAPL,0.5119047619047619,0.5317073170731708,0.615819209039548,0.5045422781271838
GOOGL,0.4623015873015873,0.48091603053435117,0.11731843575418995,0.52466521960882
MSFT,0.5357142857142857,0.5310853530031612,0.9563567362428842,0.5447419394288464
