,Accuracy,Precision,Recall,ROC AUC
AAPL,0.5267857142857143,0.5227658851512063,0.5023802005210389,0.5023802005210389
GOOGL,0.4603174603174603,0.4666666666666667,0.4692638502403238,0.4692638502403238
MSFT,0.5158730158730159,0.5133907871384488,0.5132133221841819,0.5132133221841819
