,Accuracy,Precision,Recall,ROC AUC
AAPL,0.5327380952380952,0.5309548793284365,0.9547169811320755,0.5097852688087156
GOOGL,0.5109126984126984,0.5234972677595628,0.8936567164179104,0.4849639514292942
MSFT,0.5138888888888888,0.5219512195121951,0.8136882129277566,0.5002051023145007
