,Accuracy,Precision,Recall,ROC AUC
AAPL,0.5119047619047619,0.5112970315749669,0.5113207547169811,0.5113207547169811
GOOGL,0.5128968253968254,0.49631278806343254,0.49720149253731344,0.49720149253731344
MSFT,0.5218253968253969,0.5138888888888888,0.509371598062572,0.5093715980625719
